timestamp_s,Ia,Ib,Ic,Vdc,theta
1773986621.478538,-0.000000,0.000000,-0.000000,3.180000,5.910000
1773986621.478538,0.050000,-0.090000,0.050000,4.790000,5.920000
1773986621.478538,-0.000000,-0.010000,0.010000,4.670000,5.930000
1773986621.478538,-0.000000,0.000000,-0.000000,2.660000,5.930000
1773986621.478538,0.030000,-0.050000,0.030000,6.130000,5.940000
1773986621.478538,-0.000000,0.000000,-0.000000,4.000000,5.950000
1773986621.478538,0.040000,-0.080000,0.020000,2.530000,5.950000
1773986621.478538,0.020000,-0.050000,0.020000,5.550000,5.960000
1773986621.478538,-0.000000,0.000000,-0.000000,3.470000,5.960000
1773986621.478538,0.040000,-0.080000,0.050000,3.260000,5.970000
1773986621.478538,0.010000,-0.030000,0.020000,5.050000,5.980000
1773986621.478538,-0.000000,0.000000,-0.000000,2.970000,5.980000
1773986621.478538,0.060000,-0.120000,0.050000,5.590000,5.990000
1773986621.478538,-0.000000,0.000000,-0.000000,4.450000,6.000000
1773986621.478538,-0.000000,0.000000,-0.000000,2.530000,6.000000
1773986621.478538,0.020000,-0.050000,0.030000,5.950000,6.010000
1773986621.491220,-0.000000,0.000000,-0.000000,3.890000,6.020000
1773986621.491220,0.040000,-0.090000,0.020000,2.570000,6.020000
1773986621.491220,0.020000,-0.050000,0.020000,5.480000,6.030000
1773986621.491220,-0.000000,0.000000,-0.000000,3.420000,6.030000
1773986621.491220,0.040000,-0.090000,0.040000,3.450000,6.040000
1773986621.491220,0.010000,-0.030000,0.010000,4.940000,6.050000
1773986621.491220,-0.000000,0.000000,-0.000000,2.880000,6.050000
1773986621.491220,0.020000,-0.050000,0.050000,5.900000,6.060000
1773986621.491220,-0.000000,0.000000,-0.000000,4.360000,6.070000
1773986621.491220,-0.000000,0.000000,-0.000000,2.480000,6.070000
1773986621.491220,0.020000,-0.050000,0.030000,5.860000,6.080000
1773986621.491220,-0.000000,0.000000,-0.000000,3.730000,6.080000
1773986621.491220,0.050000,-0.110000,0.050000,2.790000,6.090000
1773986621.491220,0.020000,-0.040000,0.020000,5.190000,6.100000
1773986621.491220,-0.000000,0.000000,-0.000000,3.080000,6.100000
1773986621.491220,0.040000,-0.090000,0.050000,5.340000,6.110000
1773986621.522515,-0.000000,-0.000000,0.000000,4.520000,6.120000
1773986621.522515,-0.000000,0.000000,-0.000000,2.550000,6.120000
1773986621.522515,0.020000,-0.050000,0.030000,5.990000,6.130000
1773986621.522515,-0.000000,0.000000,-0.000000,3.870000,6.130000
1773986621.522515,0.050000,-0.100000,0.030000,2.620000,6.140000
1773986621.522515,0.020000,-0.040000,0.020000,5.410000,6.150000
1773986621.522515,-0.000000,0.000000,-0.000000,3.330000,6.150000
1773986621.522515,0.050000,-0.090000,0.040000,4.120000,6.160000
1773986621.522515,0.010000,-0.020000,0.010000,4.880000,6.170000
1773986621.522515,-0.000000,0.000000,-0.000000,2.910000,6.170000
1773986621.522515,0.030000,-0.060000,0.050000,5.680000,6.180000
1773986621.522515,-0.000000,0.000000,-0.000000,4.400000,6.180000
1773986621.522515,0.010000,-0.020000,-0.000000,2.550000,6.190000
1773986621.522515,0.020000,-0.050000,0.030000,5.860000,6.200000
1773986621.522515,-0.000000,0.000000,-0.000000,3.690000,6.200000
1773986621.522515,0.060000,-0.120000,0.050000,3.260000,6.210000
1773986621.538287,0.020000,-0.040000,0.020000,5.170000,6.220000
1773986621.538287,-0.000000,0.000000,-0.000000,3.180000,6.220000
1773986621.538287,0.070000,-0.150000,0.090000,5.080000,6.230000
1773986621.538287,0.010000,-0.020000,0.010000,4.830000,6.240000
1773986621.538287,-0.000000,0.000000,-0.000000,3.000000,6.240000
1773986621.538287,0.050000,-0.130000,0.090000,5.480000,6.250000
1773986621.538287,-0.000000,-0.010000,0.000000,4.630000,6.250000
1773986621.538287,-0.000000,0.000000,-0.000000,2.930000,6.260000
1773986621.538287,0.030000,-0.080000,0.080000,5.810000,6.270000
1773986621.538287,-0.000000,0.000000,-0.000000,4.380000,6.270000
1773986621.538287,0.040000,-0.080000,0.000000,2.840000,6.280000
1773986621.538287,0.030000,-0.050000,0.030000,5.950000,0.000000
1773986621.538287,-0.000000,0.000000,-0.000000,3.940000,0.010000
1773986621.538287,0.060000,-0.140000,0.070000,3.290000,0.010000
1773986621.538287,0.020000,-0.040000,0.020000,5.540000,0.020000
1773986621.538287,-0.000000,0.000000,-0.000000,3.530000,0.030000
1773986621.586409,0.080000,-0.180000,0.090000,4.590000,0.030000
1773986621.586409,0.010000,-0.020000,0.010000,5.050000,0.040000
1773986621.586409,-0.000000,0.000000,-0.000000,3.090000,0.050000
1773986621.586409,0.070000,-0.160000,0.100000,5.540000,0.050000
1773986621.586409,-0.000000,0.000000,-0.000000,4.490000,0.060000
1773986621.586409,0.060000,-0.100000,0.010000,2.910000,0.070000
1773986621.586409,0.030000,-0.050000,0.030000,5.970000,0.070000
1773986621.586409,-0.000000,0.000000,-0.000000,3.850000,0.080000
1773986621.586409,0.070000,-0.170000,0.100000,4.050000,0.080000
1773986621.586409,0.020000,-0.050000,0.020000,5.340000,0.090000
1773986621.586409,-0.000000,0.000000,-0.000000,3.270000,0.100000
1773986621.586409,0.080000,-0.210000,0.120000,5.260000,0.100000
1773986621.586409,-0.000000,-0.010000,0.010000,4.680000,0.110000
1773986621.586409,0.030000,-0.010000,-0.000000,2.910000,0.120000
1773986621.586409,0.030000,-0.120000,0.080000,5.910000,0.120000
1773986621.586409,-0.000000,0.000000,-0.000000,3.980000,0.130000
1773986621.586409,0.080000,-0.170000,0.100000,3.780000,0.130000
1773986621.586409,0.020000,-0.050000,0.030000,5.430000,0.140000
1773986621.586409,-0.000000,0.000000,-0.000000,3.330000,0.150000
1773986621.586409,0.090000,-0.210000,0.120000,5.210000,0.150000
1773986621.586409,-0.000000,-0.020000,0.010000,4.760000,0.160000
1773986621.586409,0.030000,-0.000000,-0.000000,2.950000,0.170000
1773986621.586409,0.030000,-0.150000,0.090000,5.880000,0.170000
1773986621.586409,-0.000000,0.000000,-0.000000,4.090000,0.180000
1773986621.586409,0.070000,-0.160000,0.090000,3.550000,0.180000
1773986621.586409,0.020000,-0.050000,0.030000,5.550000,0.190000
1773986621.586409,-0.000000,0.000000,-0.000000,3.440000,0.200000
1773986621.586409,0.090000,-0.200000,0.120000,4.970000,0.200000
1773986621.586409,0.010000,-0.030000,0.010000,4.870000,0.210000
1773986621.586409,0.010000,0.000000,-0.000000,2.980000,0.220000
1773986621.586409,0.050000,-0.170000,0.100000,5.810000,0.220000
1773986621.586409,-0.000000,0.000000,-0.000000,4.210000,0.230000
1773986621.586409,0.070000,-0.120000,0.060000,3.200000,0.230000
1773986621.586409,0.030000,-0.050000,0.020000,5.700000,0.240000
1773986621.586409,-0.000000,0.000000,-0.000000,3.580000,0.250000
1773986621.586409,0.090000,-0.200000,0.110000,4.700000,0.250000
1773986621.586409,0.020000,-0.040000,0.020000,5.060000,0.260000
1773986621.586409,-0.000000,0.000000,-0.000000,3.110000,0.270000
1773986621.586409,0.070000,-0.200000,0.110000,5.640000,0.270000
1773986621.586409,-0.000000,0.000000,-0.000000,4.410000,0.280000
1773986621.586409,0.060000,-0.090000,0.030000,3.040000,0.290000
1773986621.586409,0.030000,-0.060000,0.030000,5.860000,0.290000
1773986621.586409,-0.000000,0.000000,-0.000000,3.730000,0.300000
1773986621.586409,0.080000,-0.190000,0.110000,4.360000,0.300000
1773986621.586409,0.020000,-0.030000,0.020000,5.190000,0.310000
1773986621.586409,-0.000000,0.000000,-0.000000,3.150000,0.320000
1773986621.586409,0.080000,-0.210000,0.120000,5.550000,0.320000
1773986621.586409,-0.000000,0.000000,-0.000000,4.500000,0.330000
1773986621.591007,0.070000,-0.060000,0.020000,2.970000,0.340000
1773986621.591007,0.030000,-0.060000,0.030000,5.930000,0.340000
1773986621.591007,-0.000000,0.000000,-0.000000,3.820000,0.350000
1773986621.591007,0.080000,-0.180000,0.100000,4.180000,0.350000
1773986621.591007,0.020000,-0.050000,0.020000,5.280000,0.360000
1773986621.591007,-0.000000,0.000000,-0.000000,3.220000,0.370000
1773986621.591007,0.090000,-0.210000,0.120000,5.390000,0.370000
1773986621.591007,-0.000000,0.000000,0.000000,4.630000,0.380000
1773986621.591007,0.050000,-0.020000,-0.000000,2.950000,0.390000
1773986621.591007,0.030000,-0.120000,0.080000,5.930000,0.390000
1773986621.591007,-0.000000,0.000000,-0.000000,3.940000,0.400000
1773986621.591007,0.080000,-0.170000,0.100000,3.930000,0.400000
1773986621.591007,0.020000,-0.040000,0.020000,5.430000,0.410000
1773986621.591007,-0.000000,0.000000,-0.000000,3.310000,0.420000
1773986621.591007,0.090000,-0.210000,0.120000,5.230000,0.420000
1773986621.591007,-0.000000,-0.010000,0.010000,4.700000,0.430000
1773986621.633322,0.040000,-0.010000,-0.000000,2.950000,0.440000
1773986621.633322,0.030000,-0.130000,0.080000,5.910000,0.440000
1773986621.633322,-0.000000,0.000000,-0.000000,4.030000,0.450000
1773986621.633322,0.080000,-0.170000,0.100000,3.710000,0.450000
1773986621.633322,0.020000,-0.050000,0.030000,5.500000,0.460000
1773986621.633322,-0.000000,0.000000,-0.000000,3.350000,0.470000
1773986621.633322,0.090000,-0.200000,0.120000,5.140000,0.470000
1773986621.633322,-0.000000,-0.010000,0.010000,4.700000,0.480000
1773986621.633322,0.040000,-0.010000,-0.000000,2.930000,0.490000
1773986621.633322,0.030000,-0.120000,0.080000,5.910000,0.490000
1773986621.633322,-0.000000,0.000000,-0.000000,4.000000,0.500000
1773986621.633322,0.080000,-0.160000,0.090000,3.740000,0.500000
1773986621.633322,0.020000,-0.050000,0.020000,5.480000,0.510000
1773986621.633322,-0.000000,0.000000,-0.000000,3.350000,0.520000
1773986621.633322,0.090000,-0.210000,0.120000,5.140000,0.520000
1773986621.633322,0.000000,-0.020000,0.010000,4.760000,0.530000
1773986621.633322,0.020000,-0.000000,-0.000000,2.950000,0.540000
1773986621.633322,0.030000,-0.150000,0.090000,5.880000,0.540000
1773986621.633322,-0.000000,0.000000,-0.000000,4.070000,0.550000
1773986621.633322,0.080000,-0.170000,0.090000,3.620000,0.560000
1773986621.633322,0.020000,-0.050000,0.020000,5.520000,0.560000
1773986621.633322,-0.000000,0.000000,-0.000000,3.400000,0.570000
1773986621.633322,0.090000,-0.210000,0.120000,5.060000,0.570000
1773986621.633322,0.000000,-0.020000,0.010000,4.830000,0.580000
1773986621.633322,0.020000,0.000000,-0.000000,2.970000,0.590000
1773986621.633322,0.040000,-0.150000,0.090000,5.860000,0.590000
1773986621.633322,-0.000000,0.000000,-0.000000,4.110000,0.600000
1773986621.633322,0.070000,-0.160000,0.090000,3.490000,0.610000
1773986621.633322,0.020000,-0.050000,0.030000,5.610000,0.610000
1773986621.633322,-0.000000,0.000000,-0.000000,3.510000,0.620000
1773986621.633322,0.090000,-0.200000,0.110000,4.810000,0.620000
1773986621.633322,0.010000,-0.030000,0.010000,4.960000,0.630000
1773986621.665115,-0.000000,0.000000,-0.000000,3.020000,0.640000
1773986621.665115,0.060000,-0.150000,0.110000,5.730000,0.640000
1773986621.665115,-0.000000,0.000000,-0.000000,4.310000,0.650000
1773986621.665115,0.070000,-0.150000,0.050000,3.090000,0.660000
1773986621.665115,0.030000,-0.060000,0.030000,5.790000,0.660000
1773986621.665115,-0.000000,0.000000,-0.000000,3.640000,0.670000
1773986621.665115,0.090000,-0.200000,0.110000,4.610000,0.670000
1773986621.665115,0.010000,-0.040000,0.020000,5.060000,0.680000
1773986621.665115,-0.000000,0.000000,-0.000000,3.110000,0.690000
1773986621.665115,0.070000,-0.180000,0.120000,5.630000,0.690000
1773986621.665115,-0.000000,0.000000,-0.000000,4.450000,0.700000
1773986621.665115,0.070000,-0.120000,0.030000,2.980000,0.710000
1773986621.665115,0.030000,-0.060000,0.030000,5.900000,0.710000
1773986621.665115,-0.000000,0.000000,-0.000000,3.740000,0.720000
1773986621.665115,0.090000,-0.200000,0.100000,4.340000,0.720000
1773986621.665115,0.020000,-0.040000,0.020000,5.190000,0.730000
1773986621.666608,-0.000000,0.000000,-0.000000,3.170000,0.740000
1773986621.666608,0.080000,-0.200000,0.120000,5.520000,0.740000
1773986621.666608,-0.000000,0.000000,-0.000000,4.540000,0.750000
1773986621.666608,0.060000,-0.040000,0.010000,2.970000,0.760000
1773986621.666608,0.030000,-0.090000,0.060000,5.950000,0.760000
1773986621.666608,-0.000000,0.000000,-0.000000,3.910000,0.770000
1773986621.666608,0.080000,-0.170000,0.100000,3.980000,0.780000
1773986621.666608,0.020000,-0.050000,0.020000,5.390000,0.780000
1773986621.666608,-0.000000,0.000000,-0.000000,3.330000,0.790000
1773986621.666608,0.090000,-0.210000,0.120000,5.160000,0.790000
1773986621.666608,0.000000,-0.020000,0.010000,4.760000,0.800000
1773986621.666608,0.030000,-0.000000,-0.000000,2.950000,0.810000
1773986621.666608,0.030000,-0.100000,0.090000,5.860000,0.810000
1773986621.666608,-0.000000,0.000000,-0.000000,4.120000,0.820000
1773986621.666608,0.070000,-0.170000,0.090000,3.420000,0.830000
1773986621.666608,0.020000,-0.050000,0.030000,5.610000,0.830000
1773986621.712077,-0.000000,0.000000,-0.000000,3.470000,0.840000
1773986621.712077,0.090000,-0.210000,0.110000,4.880000,0.840000
1773986621.712077,0.010000,-0.030000,0.020000,4.940000,0.850000
1773986621.712077,-0.000000,0.000000,-0.000000,3.000000,0.860000
1773986621.712077,0.050000,-0.150000,0.110000,5.770000,0.860000
1773986621.712077,-0.000000,0.000000,-0.000000,4.210000,0.870000
1773986621.712077,0.070000,-0.160000,0.070000,3.270000,0.880000
1773986621.712077,0.030000,-0.050000,0.030000,5.680000,0.880000
1773986621.712077,-0.000000,0.000000,-0.000000,3.560000,0.890000
1773986621.712077,0.090000,-0.210000,0.110000,4.720000,0.890000
1773986621.712077,0.010000,-0.030000,0.020000,5.010000,0.900000
1773986621.712077,-0.000000,0.000000,-0.000000,3.060000,0.910000
1773986621.712077,0.070000,-0.190000,0.110000,5.680000,0.910000
1773986621.712077,-0.000000,0.000000,-0.000000,4.310000,0.920000
1773986621.712077,0.070000,-0.120000,0.050000,3.110000,0.930000
1773986621.712077,0.030000,-0.060000,0.030000,5.810000,0.930000
1773986621.712077,-0.000000,0.000000,-0.000000,3.670000,0.940000
1773986621.712077,0.090000,-0.190000,0.110000,4.450000,0.940000
1773986621.712077,0.020000,-0.040000,0.020000,5.120000,0.950000
1773986621.712077,-0.000000,0.000000,-0.000000,3.110000,0.960000
1773986621.712077,0.070000,-0.200000,0.120000,5.590000,0.960000
1773986621.712077,-0.000000,0.000000,-0.000000,4.490000,0.970000
1773986621.712077,0.060000,-0.040000,0.010000,2.970000,0.980000
1773986621.712077,0.030000,-0.060000,0.060000,5.970000,0.980000
1773986621.712077,-0.000000,0.000000,-0.000000,4.020000,0.990000
1773986621.712077,0.060000,-0.140000,0.080000,3.380000,1.000000
1773986621.712077,0.030000,-0.060000,0.030000,5.700000,1.000000
1773986621.712077,-0.000000,0.000000,-0.000000,3.760000,1.010000
1773986621.712077,0.070000,-0.160000,0.100000,3.980000,1.010000
1773986621.712077,0.030000,-0.050000,0.030000,5.460000,1.020000
1773986621.712077,-0.000000,0.000000,-0.000000,3.620000,1.030000
1773986621.712077,0.070000,-0.170000,0.100000,4.160000,1.030000
1773986621.712077,0.020000,-0.050000,0.030000,5.430000,1.040000
1773986621.712077,-0.000000,0.000000,-0.000000,3.640000,1.050000
1773986621.712077,0.070000,-0.180000,0.100000,4.030000,1.050000
1773986621.712077,0.030000,-0.050000,0.030000,5.480000,1.060000
1773986621.712077,-0.000000,0.000000,-0.000000,3.640000,1.060000
1773986621.712077,0.070000,-0.160000,0.090000,4.020000,1.070000
1773986621.712077,0.030000,-0.050000,0.030000,5.390000,1.080000
1773986621.712077,-0.000000,0.000000,-0.000000,3.640000,1.080000
1773986621.712077,0.070000,-0.140000,0.090000,3.710000,1.090000
1773986621.712077,0.030000,-0.050000,0.030000,5.520000,1.100000
1773986621.712077,-0.000000,0.000000,-0.000000,3.730000,1.100000
1773986621.712077,0.060000,-0.150000,0.070000,3.270000,1.110000
1773986621.712077,0.030000,-0.050000,0.030000,5.520000,1.110000
1773986621.712077,-0.000000,0.000000,-0.000000,3.650000,1.120000
1773986621.712077,0.040000,-0.110000,0.030000,3.040000,1.130000
1773986621.712077,0.030000,-0.050000,0.030000,5.500000,1.130000
1773986621.716856,-0.000000,0.000000,-0.000000,3.780000,1.140000
1773986621.716856,0.050000,-0.070000,0.010000,2.620000,1.150000
1773986621.716856,0.020000,-0.050000,0.030000,5.610000,1.150000
1773986621.716856,-0.000000,0.000000,-0.000000,3.730000,1.160000
1773986621.716856,0.050000,-0.050000,0.010000,2.660000,1.160000
1773986621.716856,0.020000,-0.040000,0.020000,5.460000,1.170000
1773986621.716856,-0.000000,0.000000,-0.000000,3.530000,1.180000
1773986621.716856,0.030000,-0.090000,0.030000,3.020000,1.180000
1773986621.716856,0.010000,-0.030000,0.020000,5.190000,1.190000
1773986621.716856,-0.000000,0.000000,-0.000000,3.350000,1.200000
1773986621.716856,0.030000,-0.120000,0.060000,3.350000,1.200000
1773986621.716856,0.010000,-0.020000,0.020000,5.060000,1.210000
1773986621.716856,-0.000000,0.000000,-0.000000,3.130000,1.210000
1773986621.716856,0.030000,-0.130000,0.110000,4.990000,1.220000
1773986621.716856,0.000000,-0.010000,0.010000,4.790000,1.230000
1773986621.716856,-0.000000,0.000000,-0.000000,2.980000,1.230000
1773986621.760003,0.020000,-0.120000,0.100000,5.370000,1.240000
1773986621.760003,-0.000000,0.000000,0.000000,4.630000,1.250000
1773986621.760003,-0.000000,0.000000,-0.000000,2.790000,1.250000
1773986621.760003,0.030000,-0.050000,0.080000,6.100000,1.260000
1773986621.760003,-0.000000,0.000000,-0.000000,4.380000,1.270000
1773986621.760003,-0.000000,0.000000,-0.000000,2.660000,1.270000
1773986621.760003,0.030000,-0.050000,0.030000,6.080000,1.280000
1773986621.760003,-0.000000,0.000000,-0.000000,4.200000,1.280000
1773986621.760003,0.000000,0.000000,-0.000000,2.590000,1.290000
1773986621.760003,0.030000,-0.050000,0.030000,5.910000,1.300000
1773986621.760003,-0.000000,0.000000,-0.000000,4.030000,1.300000
1773986621.760003,0.020000,-0.030000,-0.000000,2.570000,1.310000
1773986621.760003,0.020000,-0.050000,0.020000,5.770000,1.320000
1773986621.760003,-0.000000,0.000000,-0.000000,3.870000,1.320000
1773986621.760003,0.040000,-0.060000,0.000000,2.600000,1.330000
1773986621.760003,0.020000,-0.050000,0.020000,5.630000,1.330000
1773986621.775337,-0.000000,0.000000,-0.000000,3.730000,1.340000
1773986621.775337,0.060000,-0.080000,0.020000,2.700000,1.350000
1773986621.775337,0.020000,-0.040000,0.020000,5.460000,1.350000
1773986621.775337,-0.000000,0.000000,-0.000000,3.560000,1.360000
1773986621.775337,0.030000,-0.090000,0.030000,3.000000,1.370000
1773986621.775337,0.020000,-0.040000,0.020000,5.260000,1.370000
1773986621.775337,-0.000000,0.000000,-0.000000,3.380000,1.380000
1773986621.775337,0.030000,-0.130000,0.050000,3.310000,1.380000
1773986621.775337,0.010000,-0.030000,0.020000,5.100000,1.390000
1773986621.775337,-0.000000,0.000000,-0.000000,3.240000,1.400000
1773986621.775337,0.040000,-0.140000,0.090000,4.110000,1.400000
1773986621.775337,0.010000,-0.020000,0.010000,4.960000,1.410000
1773986621.775337,-0.000000,0.000000,-0.000000,3.090000,1.420000
1773986621.775337,0.030000,-0.140000,0.100000,4.870000,1.420000
1773986621.775337,-0.000000,0.000000,0.010000,4.740000,1.430000
1773986621.775337,-0.000000,0.000000,-0.000000,2.860000,1.430000
1773986621.775337,0.020000,-0.070000,0.100000,5.880000,1.440000
1773986621.775337,-0.000000,0.000000,-0.000000,4.470000,1.450000
1773986621.775337,-0.000000,0.000000,-0.000000,2.710000,1.450000
1773986621.775337,0.030000,-0.050000,0.040000,6.130000,1.460000
1773986621.775337,-0.000000,0.000000,-0.000000,4.290000,1.470000
1773986621.775337,-0.000000,0.000000,-0.000000,2.640000,1.470000
1773986621.775337,0.030000,-0.050000,0.030000,6.020000,1.480000
1773986621.775337,-0.000000,0.000000,-0.000000,4.090000,1.490000
1773986621.775337,0.020000,-0.020000,-0.000000,2.510000,1.490000
1773986621.775337,0.020000,-0.050000,0.020000,5.770000,1.500000
1773986621.775337,-0.000000,0.000000,-0.000000,3.800000,1.500000
1773986621.775337,0.050000,-0.040000,0.010000,2.640000,1.510000
1773986621.775337,0.020000,-0.040000,0.020000,5.480000,1.520000
1773986621.775337,-0.000000,0.000000,-0.000000,3.560000,1.520000
1773986621.775337,0.040000,-0.090000,0.030000,2.930000,1.530000
1773986621.775337,0.020000,-0.040000,0.020000,5.300000,1.540000
1773986621.778689,-0.000000,0.000000,-0.000000,3.420000,1.540000
1773986621.778689,0.030000,-0.110000,0.030000,3.130000,1.550000
1773986621.778689,0.010000,-0.030000,0.020000,5.120000,1.550000
1773986621.778689,-0.000000,0.000000,-0.000000,3.170000,1.560000
1773986621.778689,0.040000,-0.140000,0.100000,4.700000,1.570000
1773986621.778689,0.010000,-0.010000,0.010000,4.810000,1.570000
1773986621.778689,-0.000000,0.000000,-0.000000,2.930000,1.580000
1773986621.778689,0.020000,-0.110000,0.100000,5.590000,1.590000
1773986621.778689,-0.000000,0.000000,0.000000,4.560000,1.590000
1773986621.778689,-0.000000,0.000000,-0.000000,2.750000,1.600000
1773986621.778689,0.030000,-0.090000,0.070000,6.130000,1.600000
1773986621.778689,-0.000000,0.000000,-0.000000,4.320000,1.610000
1773986621.778689,-0.000000,0.000000,-0.000000,2.620000,1.620000
1773986621.778689,0.030000,-0.050000,0.030000,6.020000,1.620000
1773986621.778689,-0.000000,0.000000,-0.000000,4.140000,1.630000
1773986621.778689,0.010000,0.000000,-0.000000,2.600000,1.640000
1773986621.822715,0.030000,-0.050000,0.030000,5.880000,1.640000
1773986621.822715,-0.000000,0.000000,-0.000000,3.960000,1.650000
1773986621.822715,0.040000,-0.050000,-0.000000,2.550000,1.650000
1773986621.822715,0.020000,-0.050000,0.020000,5.630000,1.660000
1773986621.822715,-0.000000,0.000000,-0.000000,3.650000,1.670000
1773986621.822715,0.060000,-0.070000,0.020000,2.800000,1.670000
1773986621.822715,0.020000,-0.040000,0.020000,5.350000,1.680000
1773986621.822715,-0.000000,0.000000,-0.000000,3.470000,1.690000
1773986621.822715,0.030000,-0.090000,0.030000,3.150000,1.690000
1773986621.822715,0.020000,-0.030000,0.020000,5.230000,1.700000
1773986621.822715,-0.000000,0.000000,-0.000000,3.290000,1.700000
1773986621.822715,0.040000,-0.140000,0.080000,3.830000,1.710000
1773986621.822715,0.010000,-0.020000,0.020000,4.940000,1.720000
1773986621.822715,-0.000000,0.000000,-0.000000,3.020000,1.720000
1773986621.822715,0.030000,-0.140000,0.100000,5.260000,1.730000
1773986621.822715,-0.000000,0.000000,0.010000,4.670000,1.740000
1773986621.822715,-0.000000,0.000000,-0.000000,2.820000,1.740000
1773986621.822715,0.020000,-0.110000,0.090000,5.900000,1.750000
1773986621.822715,-0.000000,0.000000,-0.000000,4.430000,1.760000
1773986621.822715,-0.000000,0.000000,-0.000000,2.680000,1.760000
1773986621.822715,0.030000,-0.050000,0.020000,6.110000,1.770000
1773986621.822715,-0.000000,0.000000,-0.000000,4.250000,1.770000
1773986621.822715,-0.000000,0.000000,-0.000000,2.620000,1.780000
1773986621.822715,0.030000,-0.050000,0.030000,6.010000,1.790000
1773986621.822715,-0.000000,0.000000,-0.000000,4.070000,1.790000
1773986621.822715,0.020000,-0.000000,-0.000000,2.530000,1.800000
1773986621.822715,0.020000,-0.050000,0.020000,5.730000,1.810000
1773986621.822715,-0.000000,0.000000,-0.000000,3.780000,1.810000
1773986621.822715,0.050000,-0.080000,0.010000,2.640000,1.820000
1773986621.822715,0.020000,-0.040000,0.020000,5.500000,1.820000
1773986621.822715,-0.000000,0.000000,-0.000000,3.580000,1.830000
1773986621.822715,0.040000,-0.080000,0.030000,2.930000,1.840000
1773986621.835382,0.020000,-0.040000,0.020000,5.320000,1.840000
1773986621.835382,-0.000000,0.000000,-0.000000,3.440000,1.850000
1773986621.835382,0.030000,-0.090000,0.030000,3.170000,1.860000
1773986621.835382,0.020000,-0.030000,0.020000,5.210000,1.860000
1773986621.835382,-0.000000,0.000000,-0.000000,3.270000,1.870000
1773986621.835382,0.040000,-0.150000,0.090000,4.000000,1.870000
1773986621.835382,0.010000,-0.020000,0.010000,4.920000,1.880000
1773986621.835382,-0.000000,0.000000,-0.000000,3.020000,1.890000
1773986621.835382,0.030000,-0.140000,0.100000,5.280000,1.890000
1773986621.835382,-0.000000,0.000000,0.010000,4.650000,1.900000
1773986621.835382,-0.000000,0.000000,-0.000000,2.840000,1.910000
1773986621.835382,0.020000,-0.120000,0.090000,5.900000,1.910000
1773986621.835382,-0.000000,0.000000,-0.000000,4.450000,1.920000
1773986621.835382,-0.000000,0.000000,-0.000000,2.730000,1.920000
1773986621.835382,0.030000,-0.080000,0.060000,6.130000,1.930000
1773986621.835382,-0.000000,0.000000,-0.000000,4.270000,1.940000
1773986621.848060,-0.000000,0.000000,-0.000000,2.570000,1.940000
1773986621.848060,0.020000,-0.050000,0.030000,5.910000,1.950000
1773986621.848060,-0.000000,0.000000,-0.000000,3.960000,1.960000
1773986621.848060,0.030000,-0.010000,-0.000000,2.550000,1.960000
1773986621.848060,0.020000,-0.050000,0.020000,5.680000,1.970000
1773986621.848060,-0.000000,0.000000,-0.000000,3.740000,1.980000
1773986621.848060,0.060000,-0.080000,0.020000,2.680000,1.980000
1773986621.848060,0.020000,-0.040000,0.020000,5.460000,1.990000
1773986621.848060,-0.000000,0.000000,-0.000000,3.550000,1.990000
1773986621.848060,0.040000,-0.090000,0.030000,2.890000,2.000000
1773986621.848060,0.010000,-0.020000,0.020000,5.250000,2.010000
1773986621.848060,-0.000000,0.000000,-0.000000,3.400000,2.010000
1773986621.848060,0.050000,-0.100000,0.060000,3.350000,2.020000
1773986621.848060,0.020000,-0.040000,0.020000,5.280000,2.030000
1773986621.848060,-0.000000,0.000000,-0.000000,3.490000,2.030000
1773986621.848060,0.070000,-0.140000,0.090000,3.510000,2.040000
1773986621.870650,0.020000,-0.050000,0.030000,5.300000,2.040000
1773986621.870650,-0.000000,0.000000,-0.000000,3.510000,2.050000
1773986621.870650,0.080000,-0.170000,0.100000,3.940000,2.060000
1773986621.870650,0.020000,-0.050000,0.030000,5.340000,2.060000
1773986621.870650,-0.000000,0.000000,-0.000000,3.620000,2.070000
1773986621.870650,0.080000,-0.160000,0.090000,3.470000,2.080000
1773986621.870650,0.030000,-0.050000,0.030000,5.540000,2.080000
1773986621.870650,-0.000000,0.000000,-0.000000,3.910000,2.090000
1773986621.870650,0.070000,-0.090000,0.040000,3.090000,2.090000
1773986621.870650,0.030000,-0.060000,0.030000,5.840000,2.100000
1773986621.870650,-0.000000,0.000000,-0.000000,4.140000,2.110000
1773986621.870650,0.050000,-0.050000,0.020000,2.970000,2.110000
1773986621.870650,0.030000,-0.120000,0.060000,6.010000,2.120000
1773986621.870650,-0.000000,0.000000,0.000000,4.290000,2.130000
1773986621.870650,0.040000,-0.020000,0.000000,2.970000,2.130000
1773986621.870650,0.060000,-0.100000,0.100000,5.950000,2.140000
1773986621.870650,0.010000,-0.030000,0.010000,4.360000,2.140000
1773986621.870650,0.040000,-0.070000,0.010000,2.970000,2.150000
1773986621.870650,0.040000,-0.080000,0.090000,5.930000,2.160000
1773986621.870650,-0.000000,-0.010000,-0.000000,4.210000,2.160000
1773986621.870650,0.090000,-0.100000,0.040000,3.040000,2.170000
1773986621.870650,0.040000,-0.060000,0.030000,5.840000,2.180000
1773986621.870650,-0.000000,0.000000,-0.000000,3.800000,2.180000
1773986621.870650,0.110000,-0.210000,0.100000,4.070000,2.190000
1773986621.870650,0.030000,-0.060000,0.020000,5.350000,2.200000
1773986621.870650,-0.000000,0.000000,-0.000000,3.290000,2.200000
1773986621.870650,0.130000,-0.240000,0.120000,5.260000,2.210000
1773986621.870650,0.020000,-0.030000,0.010000,4.760000,2.210000
1773986621.870650,0.020000,-0.000000,-0.000000,2.970000,2.220000
1773986621.870650,0.090000,-0.160000,0.100000,5.860000,2.230000
1773986621.870650,-0.000000,-0.010000,-0.000000,4.140000,2.230000
1773986621.870650,0.100000,-0.190000,0.080000,3.420000,2.240000
1773986621.902308,0.030000,-0.060000,0.020000,5.640000,2.250000
1773986621.902308,-0.000000,0.000000,-0.000000,3.530000,2.250000
1773986621.902308,0.120000,-0.240000,0.110000,4.830000,2.260000
1773986621.902308,0.020000,-0.050000,0.020000,4.990000,2.260000
1773986621.902308,-0.000000,0.000000,-0.000000,2.980000,2.270000
1773986621.902308,0.100000,-0.200000,0.110000,5.810000,2.280000
1773986621.902308,-0.000000,-0.010000,0.000000,4.290000,2.280000
1773986621.902308,0.090000,-0.180000,0.060000,3.060000,2.290000
1773986621.902308,0.030000,-0.060000,0.030000,5.790000,2.300000
1773986621.902308,-0.000000,0.000000,-0.000000,3.650000,2.300000
1773986621.902308,0.120000,-0.230000,0.110000,4.400000,2.310000
1773986621.902308,0.020000,-0.060000,0.030000,5.140000,2.310000
1773986621.902308,-0.000000,0.000000,-0.000000,3.110000,2.320000
1773986621.902308,0.120000,-0.240000,0.120000,5.550000,2.330000
1773986621.902308,0.010000,-0.030000,0.020000,4.500000,2.330000
1773986621.902308,0.060000,-0.050000,0.030000,2.910000,2.340000
1773986621.949249,0.030000,-0.120000,0.060000,5.970000,2.350000
1773986621.949249,-0.000000,0.000000,-0.000000,3.870000,2.350000
1773986621.949249,0.110000,-0.220000,0.100000,4.020000,2.360000
1773986621.949249,0.030000,-0.060000,0.030000,5.350000,2.360000
1773986621.949249,-0.000000,0.000000,-0.000000,3.240000,2.370000
1773986621.949249,0.120000,-0.240000,0.120000,5.460000,2.380000
1773986621.949249,0.020000,-0.050000,0.030000,4.590000,2.380000
1773986621.949249,0.040000,-0.030000,0.020000,2.890000,2.390000
1773986621.949249,0.030000,-0.160000,0.080000,5.970000,2.400000
1773986621.949249,-0.000000,-0.010000,0.010000,3.930000,2.400000
1773986621.949249,0.110000,-0.210000,0.100000,3.890000,2.410000
1773986621.949249,0.030000,-0.060000,0.030000,5.370000,2.410000
1773986621.949249,-0.000000,0.000000,-0.000000,3.220000,2.420000
1773986621.949249,0.120000,-0.240000,0.120000,5.370000,2.430000
1773986621.949249,0.020000,-0.040000,0.020000,4.580000,2.430000
1773986621.949249,0.050000,-0.040000,0.020000,2.930000,2.440000
1773986621.949249,0.030000,-0.160000,0.080000,5.970000,2.450000
1773986621.949249,-0.000000,0.000000,-0.000000,3.890000,2.450000
1773986621.949249,0.110000,-0.220000,0.100000,4.000000,2.460000
1773986621.949249,0.030000,-0.060000,0.030000,5.350000,2.470000
1773986621.949249,-0.000000,0.000000,-0.000000,3.310000,2.470000
1773986621.949249,0.120000,-0.240000,0.120000,5.230000,2.480000
1773986621.949249,0.020000,-0.050000,0.020000,4.740000,2.480000
1773986621.949249,0.020000,0.000000,-0.000000,2.930000,2.490000
1773986621.949249,0.080000,-0.190000,0.090000,5.880000,2.500000
1773986621.949249,-0.000000,-0.010000,0.000000,4.090000,2.500000
1773986621.949249,0.100000,-0.200000,0.090000,3.440000,2.510000
1773986621.949249,0.030000,-0.060000,0.030000,5.630000,2.520000
1773986621.949249,-0.000000,0.000000,-0.000000,3.530000,2.520000
1773986621.949249,0.120000,-0.240000,0.110000,4.760000,2.530000
1773986621.949249,0.020000,-0.040000,0.020000,4.990000,2.530000
1773986621.949249,-0.000000,0.000000,-0.000000,3.020000,2.540000
1773986621.949249,0.110000,-0.210000,0.110000,5.790000,2.550000
1773986621.949249,0.010000,-0.020000,0.010000,4.290000,2.550000
1773986621.949249,0.090000,-0.140000,0.060000,3.110000,2.560000
1773986621.949249,0.030000,-0.060000,0.030000,5.730000,2.570000
1773986621.949249,-0.000000,0.000000,-0.000000,3.580000,2.570000
1773986621.949249,0.120000,-0.240000,0.110000,4.680000,2.580000
1773986621.949249,0.020000,-0.050000,0.030000,5.030000,2.580000
1773986621.949249,-0.000000,0.000000,-0.000000,3.040000,2.590000
1773986621.949249,0.100000,-0.210000,0.120000,5.750000,2.600000
1773986621.949249,0.010000,-0.030000,0.020000,4.310000,2.600000
1773986621.949249,0.090000,-0.140000,0.070000,3.060000,2.610000
1773986621.949249,0.030000,-0.060000,0.030000,5.750000,2.620000
1773986621.949249,-0.000000,0.000000,-0.000000,3.580000,2.620000
1773986621.949249,0.120000,-0.240000,0.110000,4.670000,2.630000
1773986621.949249,0.020000,-0.050000,0.030000,5.030000,2.630000
1773986621.949249,-0.000000,0.000000,-0.000000,3.000000,2.640000
1773986621.965105,0.110000,-0.210000,0.120000,5.750000,2.650000
1773986621.965105,0.010000,-0.030000,0.010000,4.290000,2.650000
1773986621.965105,0.090000,-0.130000,0.070000,3.080000,2.660000
1773986621.965105,0.030000,-0.060000,0.030000,5.770000,2.670000
1773986621.965105,-0.000000,0.000000,-0.000000,3.620000,2.670000
1773986621.965105,0.120000,-0.230000,0.110000,4.650000,2.680000
1773986621.965105,0.020000,-0.050000,0.020000,5.060000,2.690000
1773986621.965105,-0.000000,0.000000,-0.000000,3.060000,2.690000
1773986621.965105,0.110000,-0.220000,0.120000,5.680000,2.700000
1773986621.965105,0.010000,-0.030000,0.010000,4.380000,2.700000
1773986621.965105,0.090000,-0.110000,0.050000,3.020000,2.710000
1773986621.965105,0.030000,-0.060000,0.030000,5.880000,2.720000
1773986621.965105,-0.000000,0.000000,-0.000000,3.710000,2.720000
1773986621.965105,0.120000,-0.230000,0.110000,4.400000,2.730000
1773986621.965105,0.030000,-0.060000,0.030000,5.170000,2.740000
1773986621.965105,-0.000000,0.000000,-0.000000,3.130000,2.740000
1773986621.974195,0.120000,-0.230000,0.120000,5.550000,2.750000
1773986621.974195,0.010000,-0.040000,0.020000,4.490000,2.750000
1773986621.974195,0.060000,-0.060000,0.030000,2.970000,2.760000
1773986621.974195,0.030000,-0.110000,0.050000,5.970000,2.770000
1773986621.974195,-0.000000,0.000000,-0.000000,3.850000,2.770000
1773986621.974195,0.110000,-0.200000,0.100000,4.050000,2.780000
1773986621.974195,0.030000,-0.060000,0.030000,5.300000,2.790000
1773986621.974195,-0.000000,0.000000,-0.000000,3.180000,2.790000
1773986621.974195,0.120000,-0.240000,0.120000,5.460000,2.800000
1773986621.974195,0.020000,-0.040000,0.020000,4.560000,2.800000
1773986621.974195,0.060000,-0.040000,0.020000,2.930000,2.810000
1773986621.974195,0.030000,-0.150000,0.070000,5.970000,2.820000
1773986621.974195,-0.000000,0.000000,-0.000000,3.850000,2.820000
1773986621.974195,0.110000,-0.220000,0.100000,4.030000,2.830000
1773986621.974195,0.030000,-0.060000,0.030000,5.320000,2.840000
1773986621.974195,-0.000000,0.000000,-0.000000,3.260000,2.840000
1773986622.012376,0.120000,-0.240000,0.120000,5.300000,2.850000
1773986622.012376,0.020000,-0.040000,0.020000,4.670000,2.850000
1773986622.012376,0.030000,-0.010000,0.000000,2.930000,2.860000
1773986622.012376,0.060000,-0.190000,0.090000,5.930000,2.870000
1773986622.012376,-0.000000,-0.010000,0.000000,4.000000,2.870000
1773986622.012376,0.110000,-0.190000,0.090000,3.730000,2.880000
1773986622.012376,0.030000,-0.060000,0.030000,5.480000,2.890000
1773986622.012376,-0.000000,0.000000,-0.000000,3.380000,2.890000
1773986622.012376,0.120000,-0.240000,0.120000,5.160000,2.900000
1773986622.012376,0.020000,-0.050000,0.020000,4.830000,2.910000
1773986622.012376,0.010000,0.000000,-0.000000,2.930000,2.910000
1773986622.012376,0.090000,-0.210000,0.100000,5.910000,2.920000
1773986622.012376,0.000000,-0.020000,0.010000,4.090000,2.920000
1773986622.012376,0.100000,-0.190000,0.090000,3.530000,2.930000
1773986622.012376,0.030000,-0.060000,0.030000,5.570000,2.940000
1773986622.012376,-0.000000,0.000000,-0.000000,3.470000,2.940000
1773986622.028471,0.120000,-0.230000,0.110000,4.870000,2.950000
1773986622.028471,0.020000,-0.050000,0.030000,4.920000,2.960000
1773986622.028471,-0.000000,0.000000,-0.000000,3.000000,2.960000
1773986622.028471,0.100000,-0.200000,0.110000,5.810000,2.970000
1773986622.028471,0.000000,-0.020000,0.010000,4.270000,2.970000
1773986622.028471,0.090000,-0.140000,0.070000,3.110000,2.980000
1773986622.028471,0.030000,-0.060000,0.030000,5.750000,2.990000
1773986622.028471,-0.000000,0.000000,-0.000000,3.600000,2.990000
1773986622.028471,0.120000,-0.240000,0.110000,4.610000,3.000000
1773986622.028471,0.030000,-0.050000,0.030000,5.080000,3.010000
1773986622.028471,-0.000000,0.000000,-0.000000,3.090000,3.010000
1773986622.028471,0.110000,-0.220000,0.120000,5.640000,3.020000
1773986622.028471,0.010000,-0.030000,0.020000,4.400000,3.020000
1773986622.028471,0.090000,-0.110000,0.050000,3.020000,3.030000
1773986622.028471,0.030000,-0.060000,0.030000,5.860000,3.040000
1773986622.028471,-0.000000,0.000000,-0.000000,3.730000,3.040000
1773986622.028471,0.120000,-0.220000,0.110000,4.360000,3.050000
1773986622.028471,0.030000,-0.060000,0.030000,5.190000,3.060000
1773986622.028471,-0.000000,0.000000,-0.000000,3.170000,3.060000
1773986622.028471,0.120000,-0.230000,0.110000,5.430000,3.070000
1773986622.028471,0.020000,-0.040000,0.020000,4.610000,3.070000
1773986622.028471,0.030000,-0.000000,0.000000,2.910000,3.080000
1773986622.028471,0.060000,-0.100000,0.080000,5.910000,3.090000
1773986622.028471,-0.000000,0.000000,0.000000,4.110000,3.090000
1773986622.028471,0.090000,-0.170000,0.070000,3.150000,3.100000
1773986622.028471,0.030000,-0.060000,0.030000,5.680000,3.110000
1773986622.028471,-0.000000,0.000000,-0.000000,3.600000,3.110000
1773986622.028471,0.120000,-0.200000,0.090000,4.360000,3.120000
1773986622.028471,0.030000,-0.060000,0.030000,5.160000,3.130000
1773986622.028471,-0.000000,0.000000,0.000000,3.200000,3.130000
1773986622.028471,0.120000,-0.220000,0.100000,5.250000,3.140000
1773986622.028471,0.020000,-0.050000,0.030000,4.720000,3.140000
1773986622.041137,-0.000000,0.000000,-0.000000,2.950000,3.150000
1773986622.041137,0.100000,-0.170000,0.090000,5.770000,3.160000
1773986622.041137,0.020000,-0.050000,0.020000,4.340000,3.160000
1773986622.041137,0.040000,-0.090000,0.020000,2.840000,3.170000
1773986622.041137,0.030000,-0.140000,0.060000,5.990000,3.180000
1773986622.041137,0.020000,-0.030000,0.020000,4.110000,3.180000
1773986622.041137,0.060000,-0.130000,0.050000,2.860000,3.190000
1773986622.041137,0.030000,-0.060000,0.030000,5.790000,3.190000
1773986622.041137,-0.000000,0.000000,-0.000000,3.760000,3.200000
1773986622.041137,0.090000,-0.160000,0.070000,3.110000,3.210000
1773986622.041137,0.020000,-0.050000,0.030000,5.370000,3.210000
1773986622.041137,-0.000000,0.000000,-0.000000,3.310000,3.220000
1773986622.041137,0.110000,-0.180000,0.060000,4.250000,3.230000
1773986622.041137,0.030000,-0.060000,0.030000,4.960000,3.230000
1773986622.041137,-0.000000,0.000000,-0.000000,2.970000,3.240000
1773986622.041137,0.100000,-0.150000,0.060000,5.520000,3.240000
1773986622.090471,0.020000,-0.050000,0.020000,4.500000,3.250000
1773986622.090471,-0.000000,0.000000,-0.000000,2.570000,3.260000
1773986622.090471,0.030000,-0.050000,0.030000,5.990000,3.260000
1773986622.090471,0.020000,-0.040000,0.020000,3.890000,3.270000
1773986622.090471,0.030000,-0.050000,0.030000,2.530000,3.280000
1773986622.090471,0.030000,-0.050000,0.030000,5.430000,3.280000
1773986622.090471,0.000000,-0.000000,0.010000,3.310000,3.290000
1773986622.090471,0.110000,-0.160000,0.040000,4.140000,3.290000
1773986622.090471,0.030000,-0.050000,0.030000,4.810000,3.300000
1773986622.090471,-0.000000,0.000000,-0.000000,2.750000,3.310000
1773986622.090471,0.030000,-0.060000,0.030000,5.990000,3.310000
1773986622.090471,0.020000,-0.050000,0.020000,4.160000,3.320000
1773986622.090471,0.010000,0.000000,-0.000000,2.460000,3.330000
1773986622.090471,0.030000,-0.060000,0.030000,5.680000,3.330000
1773986622.090471,0.010000,-0.020000,0.010000,3.530000,3.340000
1773986622.090471,0.100000,-0.120000,0.060000,3.170000,3.350000
1773986622.090471,0.030000,-0.050000,0.030000,4.990000,3.350000
1773986622.090471,-0.000000,0.000000,-0.000000,2.860000,3.360000
1773986622.090471,0.080000,-0.120000,0.050000,5.880000,3.360000
1773986622.090471,0.020000,-0.050000,0.020000,4.310000,3.370000
1773986622.090471,-0.000000,-0.000000,-0.000000,2.530000,3.380000
1773986622.090471,0.030000,-0.060000,0.020000,5.860000,3.380000
1773986622.090471,0.020000,-0.040000,0.020000,3.740000,3.390000
1773986622.090471,0.060000,-0.100000,0.060000,2.840000,3.400000
1773986622.090471,0.030000,-0.050000,0.020000,5.260000,3.400000
1773986622.090471,-0.000000,0.000000,-0.000000,3.170000,3.410000
1773986622.090471,0.110000,-0.160000,0.050000,4.830000,3.410000
1773986622.090471,0.020000,-0.050000,0.020000,4.700000,3.420000
1773986622.090471,-0.000000,0.000000,-0.000000,2.750000,3.430000
1773986622.090471,0.030000,-0.050000,0.040000,6.100000,3.430000
1773986622.090471,0.010000,-0.020000,0.010000,4.210000,3.440000
1773986622.090471,-0.000000,0.000000,-0.000000,2.440000,3.450000
1773986622.092341,0.030000,-0.050000,0.020000,5.810000,3.450000
1773986622.092341,-0.000000,0.000000,-0.000000,3.730000,3.460000
1773986622.092341,0.040000,-0.100000,0.040000,2.700000,3.460000
1773986622.092341,0.030000,-0.050000,0.030000,5.340000,3.470000
1773986622.092341,-0.000000,0.000000,-0.000000,3.310000,3.480000
1773986622.092341,0.100000,-0.150000,0.030000,3.550000,3.480000
1773986622.092341,0.020000,-0.050000,0.020000,4.900000,3.490000
1773986622.092341,-0.000000,0.000000,-0.000000,2.930000,3.500000
1773986622.092341,0.110000,-0.140000,0.050000,5.550000,3.500000
1773986622.092341,0.010000,-0.040000,0.020000,4.490000,3.510000
1773986622.092341,-0.000000,0.000000,-0.000000,2.590000,3.510000
1773986622.092341,0.030000,-0.060000,0.030000,6.040000,3.520000
1773986622.092341,-0.000000,-0.010000,0.010000,4.050000,3.530000
1773986622.092341,0.000000,-0.020000,-0.000000,2.440000,3.530000
1773986622.092341,0.030000,-0.050000,0.030000,5.640000,3.540000
1773986622.092341,-0.000000,0.000000,0.000000,3.550000,3.550000
1773986622.107769,0.080000,-0.120000,0.070000,3.060000,3.550000
1773986622.107769,0.030000,-0.050000,0.030000,5.060000,3.560000
1773986622.107769,-0.000000,0.000000,-0.000000,2.980000,3.570000
1773986622.107769,0.100000,-0.150000,0.050000,5.570000,3.570000
1773986622.107769,0.020000,-0.050000,0.020000,4.410000,3.580000
1773986622.107769,-0.000000,0.000000,-0.000000,2.510000,3.580000
1773986622.107769,0.030000,-0.050000,0.030000,5.900000,3.590000
1773986622.107769,0.010000,-0.040000,0.020000,3.740000,3.600000
1773986622.107769,0.050000,-0.090000,0.060000,2.770000,3.600000
1773986622.107769,0.030000,-0.050000,0.030000,5.210000,3.610000
1773986622.107769,-0.000000,0.000000,-0.000000,3.150000,3.620000
1773986622.107769,0.110000,-0.170000,0.050000,4.900000,3.620000
1773986622.107769,0.030000,-0.050000,0.020000,4.700000,3.630000
1773986622.107769,-0.000000,0.000000,-0.000000,2.660000,3.630000
1773986622.107769,0.030000,-0.050000,0.040000,6.170000,3.640000
1773986622.107769,0.020000,-0.040000,0.020000,4.050000,3.650000
1773986622.160187,0.020000,-0.010000,0.010000,2.440000,3.650000
1773986622.160187,0.030000,-0.050000,0.030000,5.570000,3.660000
1773986622.160187,-0.000000,0.000000,-0.000000,3.450000,3.670000
1773986622.160187,0.090000,-0.130000,0.060000,3.150000,3.670000
1773986622.160187,0.020000,-0.050000,0.020000,5.030000,3.680000
1773986622.160187,-0.000000,0.000000,-0.000000,2.970000,3.680000
1773986622.160187,0.100000,-0.140000,0.050000,5.540000,3.690000
1773986622.160187,0.020000,-0.030000,0.020000,4.490000,3.700000
1773986622.160187,-0.000000,0.000000,-0.000000,2.550000,3.700000
1773986622.160187,0.030000,-0.050000,0.030000,6.010000,3.710000
1773986622.160187,-0.000000,0.000000,0.000000,3.980000,3.720000
1773986622.160187,0.010000,-0.040000,0.000000,2.420000,3.720000
1773986622.160187,0.030000,-0.050000,0.030000,5.590000,3.730000
1773986622.160187,-0.000000,0.000000,-0.000000,3.490000,3.730000
1773986622.160187,0.080000,-0.120000,0.070000,3.110000,3.740000
1773986622.160187,0.020000,-0.050000,0.020000,5.100000,3.750000
1773986622.160187,-0.000000,0.000000,-0.000000,3.080000,3.750000
1773986622.160187,0.100000,-0.150000,0.050000,5.010000,3.760000
1773986622.160187,0.020000,-0.030000,0.020000,4.610000,3.770000
1773986622.160187,-0.000000,0.000000,-0.000000,2.640000,3.770000
1773986622.160187,0.030000,-0.050000,0.030000,6.110000,3.780000
1773986622.160187,0.010000,-0.010000,0.010000,4.110000,3.790000
1773986622.160187,0.000000,0.000000,-0.000000,2.460000,3.790000
1773986622.160187,0.030000,-0.050000,0.030000,5.700000,3.800000
1773986622.160187,-0.000000,0.000000,-0.000000,3.560000,3.800000
1773986622.160187,0.080000,-0.120000,0.070000,3.000000,3.810000
1773986622.160187,0.020000,-0.050000,0.030000,5.050000,3.820000
1773986622.160187,-0.000000,0.000000,-0.000000,2.950000,3.820000
1773986622.160187,0.100000,-0.130000,0.050000,5.700000,3.830000
1773986622.160187,0.020000,-0.040000,0.020000,4.430000,3.840000
1773986622.160187,-0.000000,0.000000,-0.000000,2.500000,3.840000
1773986622.160187,0.030000,-0.050000,0.030000,5.930000,3.850000
1773986622.169080,0.010000,-0.010000,0.010000,3.780000,3.850000
1773986622.169080,0.040000,-0.070000,0.040000,2.600000,3.860000
1773986622.169080,0.030000,-0.050000,0.030000,5.260000,3.870000
1773986622.169080,-0.000000,0.000000,-0.000000,3.130000,3.870000
1773986622.169080,0.110000,-0.160000,0.050000,4.990000,3.880000
1773986622.169080,0.020000,-0.050000,0.020000,4.590000,3.890000
1773986622.169080,-0.000000,0.000000,-0.000000,2.660000,3.890000
1773986622.169080,0.030000,-0.050000,0.030000,6.110000,3.900000
1773986622.169080,0.010000,-0.030000,0.020000,4.090000,3.900000
1773986622.169080,0.010000,-0.000000,0.000000,2.460000,3.910000
1773986622.169080,0.030000,-0.050000,0.030000,5.660000,3.920000
1773986622.169080,-0.000000,0.000000,0.000000,3.560000,3.920000
1773986622.169080,0.070000,-0.110000,0.060000,2.910000,3.930000
1773986622.169080,0.030000,-0.050000,0.030000,5.080000,3.940000
1773986622.169080,-0.000000,0.000000,-0.000000,2.970000,3.940000
1773986622.169080,0.100000,-0.140000,0.050000,5.550000,3.950000
1773986622.169080,0.020000,-0.040000,0.020000,4.500000,3.950000
1773986622.169080,-0.000000,0.000000,-0.000000,2.590000,3.960000
1773986622.169080,0.030000,-0.050000,0.030000,6.040000,3.970000
1773986622.169080,0.010000,-0.020000,0.010000,3.940000,3.970000
1773986622.169080,0.030000,-0.040000,0.020000,2.460000,3.980000
1773986622.169080,0.030000,-0.050000,0.030000,5.430000,3.990000
1773986622.169080,-0.000000,0.000000,-0.000000,3.270000,3.990000
1773986622.169080,0.110000,-0.160000,0.040000,4.120000,4.000000
1773986622.169080,0.020000,-0.050000,0.020000,4.780000,4.010000
1773986622.169080,-0.000000,0.000000,-0.000000,2.700000,4.010000
1773986622.169080,0.030000,-0.060000,0.040000,6.190000,4.020000
1773986622.169080,0.010000,-0.030000,0.020000,4.110000,4.020000
1773986622.169080,0.020000,-0.050000,0.010000,2.500000,4.030000
1773986622.169080,0.030000,-0.050000,0.030000,5.680000,4.040000
1773986622.169080,-0.000000,0.000000,-0.000000,3.580000,4.040000
1773986622.169080,0.080000,-0.120000,0.070000,3.060000,4.050000
1773986622.206924,0.030000,-0.050000,0.030000,5.120000,4.060000
1773986622.206924,-0.000000,0.000000,-0.000000,3.080000,4.060000
1773986622.206924,0.110000,-0.160000,0.050000,5.230000,4.070000
1773986622.206924,0.020000,-0.040000,0.020000,4.540000,4.070000
1773986622.206924,-0.000000,0.000000,-0.000000,2.620000,4.080000
1773986622.206924,0.030000,-0.050000,0.030000,6.060000,4.090000
1773986622.206924,0.010000,-0.020000,0.010000,3.980000,4.090000
1773986622.206924,0.020000,-0.020000,0.020000,2.530000,4.100000
1773986622.206924,0.030000,-0.050000,0.030000,5.570000,4.110000
1773986622.206924,-0.000000,0.000000,-0.000000,3.620000,4.110000
1773986622.206924,0.090000,-0.140000,0.070000,3.220000,4.120000
1773986622.206924,0.030000,-0.060000,0.030000,5.460000,4.120000
1773986622.206924,0.010000,-0.030000,0.020000,3.710000,4.130000
1773986622.206924,0.100000,-0.160000,0.050000,3.310000,4.140000
1773986622.206924,0.030000,-0.060000,0.030000,5.430000,4.140000
1773986622.206924,-0.000000,0.000000,-0.000000,3.690000,4.150000
1773986622.206924,0.100000,-0.170000,0.060000,3.550000,4.160000
1773986622.206924,0.030000,-0.060000,0.030000,5.570000,4.160000
1773986622.206924,-0.000000,0.000000,-0.000000,3.740000,4.170000
1773986622.206924,0.110000,-0.160000,0.060000,3.730000,4.170000
1773986622.206924,0.030000,-0.060000,0.030000,5.410000,4.180000
1773986622.206924,-0.000000,0.000000,-0.000000,3.530000,4.190000
1773986622.206924,0.110000,-0.190000,0.080000,4.450000,4.190000
1773986622.206924,0.030000,-0.060000,0.030000,5.260000,4.200000
1773986622.206924,-0.000000,0.000000,-0.000000,3.380000,4.210000
1773986622.206924,0.120000,-0.200000,0.080000,4.870000,4.210000
1773986622.206924,0.030000,-0.060000,0.030000,5.050000,4.220000
1773986622.206924,-0.000000,0.000000,-0.000000,3.240000,4.220000
1773986622.206924,0.120000,-0.200000,0.080000,5.170000,4.230000
1773986622.206924,0.010000,-0.030000,0.020000,4.810000,4.240000
1773986622.206924,0.020000,-0.050000,0.020000,3.060000,4.240000
1773986622.206924,0.110000,-0.180000,0.080000,5.680000,4.250000
1773986622.219570,0.020000,-0.040000,0.020000,4.540000,4.260000
1773986622.219570,0.050000,-0.120000,0.030000,3.040000,4.260000
1773986622.219570,0.090000,-0.170000,0.070000,5.880000,4.270000
1773986622.219570,-0.000000,0.000000,-0.000000,4.200000,4.280000
1773986622.219570,0.100000,-0.160000,0.070000,3.290000,4.280000
1773986622.219570,0.030000,-0.060000,0.030000,5.810000,4.290000
1773986622.219570,-0.000000,0.000000,-0.000000,3.760000,4.290000
1773986622.219570,0.120000,-0.210000,0.090000,4.430000,4.300000
1773986622.219570,0.030000,-0.060000,0.030000,5.300000,4.310000
1773986622.219570,-0.000000,0.000000,-0.000000,3.330000,4.310000
1773986622.219570,0.120000,-0.210000,0.100000,5.260000,4.320000
1773986622.219570,0.020000,-0.040000,0.020000,4.810000,4.330000
1773986622.219570,0.020000,-0.000000,0.000000,3.060000,4.330000
1773986622.219570,0.110000,-0.200000,0.080000,5.730000,4.340000
1773986622.219570,0.000000,-0.020000,0.010000,4.360000,4.340000
1773986622.219570,0.090000,-0.160000,0.090000,3.150000,4.350000
1773986622.235908,0.030000,-0.070000,0.030000,5.900000,4.360000
1773986622.235908,-0.000000,0.000000,-0.000000,3.830000,4.360000
1773986622.235908,0.110000,-0.200000,0.080000,4.140000,4.370000
1773986622.236413,0.020000,-0.050000,0.020000,5.390000,4.380000
1773986622.236413,-0.000000,0.000000,-0.000000,3.380000,4.380000
1773986622.236413,0.120000,-0.220000,0.090000,5.060000,4.390000
1773986622.236413,0.000000,-0.020000,0.010000,4.880000,4.390000
1773986622.236413,0.010000,0.000000,-0.000000,3.080000,4.400000
1773986622.236413,0.110000,-0.210000,0.090000,5.790000,4.410000
1773986622.236413,-0.000000,0.000000,-0.000000,4.340000,4.410000
1773986622.236413,0.090000,-0.170000,0.090000,3.150000,4.420000
1773986622.236413,0.030000,-0.060000,0.030000,5.900000,4.430000
1773986622.236413,-0.000000,0.000000,-0.000000,3.850000,4.430000
1773986622.236413,0.110000,-0.200000,0.080000,4.180000,4.440000
1773986622.236413,0.020000,-0.050000,0.030000,5.390000,4.440000
1773986622.236413,-0.000000,0.000000,-0.000000,3.420000,4.450000
1773986622.286100,0.120000,-0.220000,0.100000,5.160000,4.460000
1773986622.286100,0.010000,-0.030000,0.010000,4.870000,4.460000
1773986622.286100,0.020000,-0.000000,0.000000,3.080000,4.470000
1773986622.286100,0.110000,-0.210000,0.090000,5.790000,4.480000
1773986622.286100,-0.000000,0.000000,-0.000000,4.340000,4.480000
1773986622.286100,0.090000,-0.160000,0.100000,3.200000,4.490000
1773986622.286100,0.030000,-0.070000,0.040000,5.910000,4.500000
1773986622.286100,-0.000000,0.000000,-0.000000,3.850000,4.500000
1773986622.286100,0.110000,-0.190000,0.080000,4.180000,4.510000
1773986622.286100,0.020000,-0.050000,0.020000,5.370000,4.510000
1773986622.286100,-0.000000,0.000000,-0.000000,3.360000,4.520000
1773986622.286100,0.120000,-0.220000,0.100000,5.190000,4.530000
1773986622.286100,0.020000,-0.050000,0.020000,4.870000,4.530000
1773986622.286100,0.020000,-0.000000,0.000000,3.060000,4.540000
1773986622.286100,0.100000,-0.200000,0.080000,5.750000,4.550000
1773986622.286100,0.000000,-0.020000,0.010000,4.340000,4.550000
1773986622.286100,0.090000,-0.170000,0.090000,3.150000,4.560000
1773986622.286100,0.030000,-0.060000,0.030000,5.900000,4.560000
1773986622.286100,-0.000000,0.000000,-0.000000,3.850000,4.570000
1773986622.286100,0.110000,-0.190000,0.080000,4.200000,4.580000
1773986622.286100,0.030000,-0.060000,0.030000,5.430000,4.580000
1773986622.286100,-0.000000,0.000000,-0.000000,3.420000,4.590000
1773986622.286100,0.120000,-0.220000,0.100000,5.120000,4.600000
1773986622.286100,0.020000,-0.050000,0.020000,4.920000,4.600000
1773986622.286100,0.010000,0.000000,-0.000000,3.080000,4.610000
1773986622.286100,0.110000,-0.220000,0.090000,5.840000,4.610000
1773986622.286100,-0.000000,0.000000,-0.000000,4.400000,4.620000
1773986622.286100,0.090000,-0.150000,0.090000,3.150000,4.630000
1773986622.286100,0.030000,-0.100000,0.050000,5.930000,4.630000
1773986622.286100,-0.000000,0.000000,-0.000000,3.850000,4.640000
1773986622.286100,0.110000,-0.200000,0.080000,4.160000,4.650000
1773986622.286100,0.020000,-0.050000,0.030000,5.390000,4.650000
1773986622.286100,-0.000000,0.000000,-0.000000,3.380000,4.660000
1773986622.286100,0.120000,-0.210000,0.090000,5.060000,4.660000
1773986622.286100,0.020000,-0.050000,0.020000,4.880000,4.670000
1773986622.286100,0.020000,0.000000,-0.000000,3.090000,4.680000
1773986622.286100,0.110000,-0.200000,0.090000,5.660000,4.680000
1773986622.286100,0.000000,-0.020000,0.010000,4.360000,4.690000
1773986622.286100,0.090000,-0.170000,0.090000,3.150000,4.700000
1773986622.286100,0.030000,-0.100000,0.050000,5.930000,4.700000
1773986622.286100,-0.000000,0.000000,-0.000000,3.870000,4.710000
1773986622.286100,0.110000,-0.200000,0.080000,4.120000,4.720000
1773986622.286100,0.030000,-0.060000,0.030000,5.430000,4.720000
1773986622.286100,-0.000000,0.000000,-0.000000,3.420000,4.730000
1773986622.286100,0.120000,-0.210000,0.090000,5.010000,4.730000
1773986622.286100,0.020000,-0.050000,0.020000,4.940000,4.740000
1773986622.286100,0.010000,0.000000,-0.000000,3.080000,4.750000
1773986622.286100,0.110000,-0.210000,0.090000,5.750000,4.750000
1773986622.297034,0.000000,-0.020000,0.010000,4.400000,4.760000
1773986622.297034,0.090000,-0.160000,0.090000,3.150000,4.770000
1773986622.297034,0.030000,-0.110000,0.050000,5.910000,4.770000
1773986622.297034,-0.000000,0.000000,-0.000000,3.910000,4.780000
1773986622.297034,0.110000,-0.180000,0.080000,4.070000,4.780000
1773986622.297034,0.030000,-0.050000,0.030000,5.430000,4.790000
1773986622.297034,-0.000000,0.000000,-0.000000,3.400000,4.800000
1773986622.297034,0.120000,-0.210000,0.090000,5.030000,4.800000
1773986622.297034,0.020000,-0.050000,0.020000,4.920000,4.810000
1773986622.297034,0.010000,0.000000,-0.000000,3.090000,4.820000
1773986622.297034,0.110000,-0.210000,0.090000,5.660000,4.820000
1773986622.297034,0.000000,-0.020000,0.010000,4.400000,4.830000
1773986622.297034,0.090000,-0.160000,0.090000,3.130000,4.830000
1773986622.297034,0.030000,-0.110000,0.050000,5.930000,4.840000
1773986622.297034,-0.000000,0.000000,-0.000000,3.910000,4.850000
1773986622.297034,0.110000,-0.180000,0.080000,4.030000,4.850000
1773986622.341580,0.020000,-0.050000,0.030000,5.460000,4.860000
1773986622.341580,-0.000000,0.000000,-0.000000,3.420000,4.870000
1773986622.341580,0.120000,-0.220000,0.100000,5.050000,4.870000
1773986622.341580,0.020000,-0.050000,0.020000,4.940000,4.880000
1773986622.341580,0.010000,0.000000,-0.000000,3.090000,4.880000
1773986622.341580,0.110000,-0.210000,0.090000,5.730000,4.890000
1773986622.341580,0.000000,-0.020000,0.010000,4.430000,4.900000
1773986622.341580,0.090000,-0.140000,0.080000,3.110000,4.900000
1773986622.341580,0.030000,-0.120000,0.050000,5.950000,4.910000
1773986622.341580,-0.000000,0.000000,-0.000000,3.930000,4.920000
1773986622.341580,0.110000,-0.180000,0.080000,4.000000,4.920000
1773986622.341580,0.030000,-0.050000,0.030000,5.480000,4.930000
1773986622.341580,-0.000000,0.000000,-0.000000,3.490000,4.940000
1773986622.341580,0.120000,-0.220000,0.100000,4.970000,4.940000
1773986622.341580,0.020000,-0.050000,0.020000,4.970000,4.950000
1773986622.341580,0.000000,0.000000,-0.000000,3.110000,4.950000
1773986622.341580,0.120000,-0.210000,0.090000,5.630000,4.960000
1773986622.341580,-0.000000,-0.010000,0.000000,4.470000,4.970000
1773986622.341580,0.090000,-0.130000,0.070000,3.110000,4.970000
1773986622.341580,0.030000,-0.060000,0.050000,5.930000,4.980000
1773986622.349087,-0.000000,0.000000,-0.000000,3.940000,4.990000
1773986622.349087,0.110000,-0.180000,0.080000,3.940000,4.990000
1773986622.349087,0.020000,-0.050000,0.030000,5.500000,5.000000
1773986622.349087,-0.000000,0.000000,-0.000000,3.490000,5.000000
1773986622.349087,0.120000,-0.210000,0.090000,4.870000,5.010000
1773986622.349087,0.020000,-0.040000,0.020000,4.990000,5.020000
1773986622.349087,0.000000,0.000000,-0.000000,3.130000,5.020000
1773986622.349087,0.120000,-0.220000,0.090000,5.720000,5.030000
1773986622.349087,0.010000,-0.030000,0.010000,4.490000,5.040000
1773986622.349087,0.090000,-0.130000,0.070000,3.090000,5.040000
1773986622.349087,0.030000,-0.140000,0.050000,5.930000,5.050000
1773986622.349087,-0.000000,0.000000,-0.000000,3.960000,5.050000
1773986622.349087,0.110000,-0.180000,0.070000,3.910000,5.060000
1773986622.349087,0.030000,-0.060000,0.030000,5.550000,5.070000
1773986622.349087,-0.000000,0.000000,-0.000000,3.490000,5.070000
1773986622.349087,0.120000,-0.210000,0.090000,4.900000,5.080000
1773986622.349087,0.020000,-0.050000,0.020000,5.010000,5.090000
1773986622.349087,-0.000000,0.000000,-0.000000,3.090000,5.090000
1773986622.349087,0.120000,-0.220000,0.090000,5.700000,5.100000
1773986622.349087,0.010000,-0.020000,0.010000,4.490000,5.100000
1773986622.349087,0.080000,-0.120000,0.070000,3.060000,5.110000
1773986622.349087,0.030000,-0.150000,0.060000,6.010000,5.120000
1773986622.349087,-0.000000,0.000000,-0.000000,4.020000,5.120000
1773986622.349087,0.110000,-0.170000,0.080000,3.830000,5.130000
1773986622.349087,0.030000,-0.060000,0.030000,5.550000,5.140000
1773986622.349087,-0.000000,0.000000,-0.000000,3.510000,5.140000
1773986622.349087,0.110000,-0.200000,0.090000,4.850000,5.150000
1773986622.349087,0.020000,-0.050000,0.020000,5.010000,5.160000
1773986622.360419,0.010000,-0.020000,-0.000000,3.150000,5.160000
1773986622.360419,0.100000,-0.190000,0.080000,5.520000,5.170000
1773986622.360419,-0.000000,0.000000,0.010000,4.700000,5.170000
1773986622.360419,0.010000,-0.030000,-0.000000,3.110000,5.180000
1773986622.360419,0.090000,-0.170000,0.080000,5.610000,5.190000
1773986622.360419,-0.000000,0.000000,-0.000000,4.650000,5.190000
1773986622.360419,0.010000,0.000000,-0.000000,3.090000,5.200000
1773986622.360419,0.090000,-0.150000,0.070000,5.570000,5.210000
1773986622.360419,-0.000000,0.000000,-0.000000,4.740000,5.210000
1773986622.360419,-0.000000,0.000000,-0.000000,3.150000,5.220000
1773986622.360419,0.090000,-0.160000,0.070000,5.300000,5.220000
1773986622.360419,0.000000,-0.010000,0.010000,4.940000,5.230000
1773986622.360419,-0.000000,0.000000,-0.000000,3.310000,5.240000
1773986622.360419,0.090000,-0.170000,0.070000,4.780000,5.240000
1773986622.360419,0.010000,-0.020000,0.010000,5.140000,5.250000
1773986622.360419,-0.000000,0.000000,-0.000000,3.450000,5.260000
1773986622.380483,0.080000,-0.150000,0.070000,4.340000,5.260000
1773986622.380483,0.010000,-0.030000,0.020000,5.280000,5.270000
1773986622.380483,-0.000000,0.000000,-0.000000,3.510000,5.270000
1773986622.380483,0.080000,-0.160000,0.060000,4.230000,5.280000
1773986622.380483,0.010000,-0.030000,0.020000,5.250000,5.290000
1773986622.380483,-0.000000,0.000000,-0.000000,3.490000,5.290000
1773986622.380483,0.070000,-0.140000,0.060000,4.050000,5.300000
1773986622.380483,0.010000,-0.040000,0.020000,5.260000,5.310000
1773986622.380483,-0.000000,0.000000,-0.000000,3.530000,5.310000
1773986622.380483,0.060000,-0.110000,0.060000,3.260000,5.320000
1773986622.380483,0.010000,-0.040000,0.030000,5.370000,5.320000
1773986622.380483,-0.000000,0.000000,-0.000000,3.560000,5.330000
1773986622.380483,0.050000,-0.120000,0.050000,2.800000,5.340000
1773986622.380483,0.010000,-0.040000,0.020000,5.350000,5.340000
1773986622.380483,-0.000000,0.000000,-0.000000,3.360000,5.350000
1773986622.380483,0.050000,-0.100000,0.040000,3.780000,5.360000
1773986622.396124,0.000000,-0.030000,0.020000,4.880000,5.360000
1773986622.396124,-0.000000,0.000000,-0.000000,2.820000,5.370000
1773986622.396124,0.020000,-0.060000,0.040000,5.970000,5.380000
1773986622.396124,-0.000000,0.000000,-0.000000,4.230000,5.380000
1773986622.396124,0.010000,-0.020000,-0.000000,2.460000,5.390000
1773986622.396124,0.020000,-0.050000,0.030000,5.730000,5.390000
1773986622.396124,-0.000000,0.000000,-0.000000,3.650000,5.400000
1773986622.396124,0.050000,-0.100000,0.060000,2.840000,5.410000
1773986622.396124,0.010000,-0.040000,0.020000,5.230000,5.410000
1773986622.396124,-0.000000,0.000000,-0.000000,3.170000,5.420000
1773986622.396124,0.050000,-0.090000,0.050000,4.790000,5.430000
1773986622.396124,-0.000000,-0.010000,0.000000,4.700000,5.430000
1773986622.396124,-0.000000,0.000000,-0.000000,2.750000,5.440000
1773986622.396124,0.030000,-0.050000,0.020000,6.100000,5.440000
1773986622.396124,-0.000000,0.000000,-0.000000,4.200000,5.450000
1773986622.396124,0.020000,-0.030000,-0.000000,2.570000,5.460000
1773986622.411784,0.030000,-0.050000,0.020000,5.810000,5.460000
1773986622.411784,-0.000000,0.000000,-0.000000,3.740000,5.470000
1773986622.411784,0.060000,-0.120000,0.040000,2.800000,5.480000
1773986622.411784,0.020000,-0.040000,0.020000,5.320000,5.480000
1773986622.411784,-0.000000,0.000000,-0.000000,3.240000,5.490000
1773986622.411784,0.060000,-0.110000,0.050000,4.650000,5.490000
1773986622.411784,0.000000,-0.020000,0.010000,4.720000,5.500000
1773986622.411784,-0.000000,0.000000,-0.000000,2.730000,5.510000
1773986622.411784,0.030000,-0.050000,0.020000,6.080000,5.510000
1773986622.411784,-0.000000,0.000000,-0.000000,4.140000,5.520000
1773986622.411784,0.030000,-0.040000,-0.000000,2.550000,5.530000
1773986622.411784,0.030000,-0.050000,0.020000,5.770000,5.530000
1773986622.411784,-0.000000,0.000000,-0.000000,3.710000,5.540000
1773986622.411784,0.060000,-0.110000,0.040000,2.730000,5.540000
1773986622.411784,0.020000,-0.040000,0.020000,5.300000,5.550000
1773986622.411784,-0.000000,0.000000,-0.000000,3.290000,5.560000
1773986622.419071,0.040000,-0.070000,0.030000,3.550000,5.560000
1773986622.419071,0.000000,-0.020000,0.010000,4.940000,5.570000
1773986622.419071,-0.000000,0.000000,-0.000000,2.930000,5.580000
1773986622.419071,0.020000,-0.040000,0.040000,5.660000,5.580000
1773986622.419071,-0.000000,0.000000,-0.000000,4.450000,5.590000
1773986622.419071,-0.000000,0.000000,-0.000000,2.570000,5.600000
1773986622.419071,0.020000,-0.050000,0.020000,6.010000,5.600000
1773986622.419071,-0.000000,0.000000,-0.000000,4.000000,5.610000
1773986622.419071,0.020000,-0.040000,-0.000000,2.500000,5.610000
1773986622.419071,0.020000,-0.040000,0.020000,5.660000,5.620000
1773986622.419071,-0.000000,0.000000,-0.000000,3.620000,5.630000
1773986622.419071,0.040000,-0.090000,0.050000,2.860000,5.630000
1773986622.419071,0.010000,-0.020000,0.020000,5.160000,5.640000
1773986622.419071,-0.000000,0.000000,-0.000000,3.090000,5.650000
1773986622.419071,0.040000,-0.080000,0.050000,5.140000,5.650000
1773986622.419071,-0.000000,-0.010000,0.010000,4.630000,5.660000
1773986622.474468,-0.000000,0.000000,-0.000000,2.660000,5.660000
1773986622.474468,0.020000,-0.050000,0.030000,6.130000,5.670000
1773986622.474468,-0.000000,0.000000,-0.000000,4.030000,5.680000
1773986622.474468,0.030000,-0.070000,0.010000,2.510000,5.680000
1773986622.474468,0.020000,-0.050000,0.020000,5.570000,5.690000
1773986622.474468,-0.000000,0.000000,-0.000000,3.450000,5.700000
1773986622.474468,0.050000,-0.090000,0.030000,3.510000,5.700000
1773986622.474468,0.010000,-0.020000,0.010000,4.940000,5.710000
1773986622.474468,-0.000000,0.000000,-0.000000,2.880000,5.710000
1773986622.474468,0.020000,-0.050000,0.040000,5.820000,5.720000
1773986622.474468,-0.000000,0.000000,-0.000000,4.340000,5.730000
1773986622.474468,-0.000000,0.000000,-0.000000,2.570000,5.730000
1773986622.474468,0.030000,-0.050000,0.020000,5.910000,5.740000
1773986622.474468,-0.000000,0.000000,-0.000000,3.870000,5.750000
1773986622.474468,0.050000,-0.100000,0.020000,2.590000,5.750000
1773986622.474468,0.020000,-0.040000,0.020000,5.430000,5.760000
1773986622.474468,-0.000000,0.000000,-0.000000,3.360000,5.760000
1773986622.474468,0.040000,-0.080000,0.030000,3.510000,5.770000
1773986622.474468,0.010000,-0.020000,0.010000,4.920000,5.780000
1773986622.474468,-0.000000,0.000000,-0.000000,2.930000,5.780000
1773986622.474468,0.020000,-0.050000,0.040000,5.630000,5.790000
1773986622.474468,-0.000000,0.000000,-0.000000,4.430000,5.800000
1773986622.474468,-0.000000,0.000000,-0.000000,2.590000,5.800000
1773986622.474468,0.020000,-0.050000,0.030000,6.010000,5.810000
1773986622.474468,-0.000000,0.000000,-0.000000,3.940000,5.820000
1773986622.474468,0.040000,-0.030000,0.020000,2.480000,5.820000
1773986622.474468,0.020000,-0.040000,0.020000,5.460000,5.830000
1773986622.474468,-0.000000,0.000000,-0.000000,3.350000,5.830000
1773986622.474468,0.050000,-0.080000,0.040000,3.960000,5.840000
1773986622.474468,0.010000,-0.020000,0.010000,4.900000,5.850000
1773986622.474468,-0.000000,0.000000,-0.000000,2.860000,5.850000
1773986622.474468,0.020000,-0.080000,0.040000,5.880000,5.860000
1773986622.478202,-0.000000,0.000000,-0.000000,4.310000,5.870000
1773986622.478202,-0.000000,0.000000,-0.000000,2.510000,5.870000
1773986622.478202,0.030000,-0.050000,0.020000,5.860000,5.880000
1773986622.478202,-0.000000,0.000000,-0.000000,3.760000,5.880000
1773986622.478202,0.060000,-0.120000,0.040000,2.700000,5.890000
1773986622.478202,0.020000,-0.040000,0.020000,5.280000,5.900000
1773986622.478202,-0.000000,0.000000,-0.000000,3.220000,5.900000
1773986622.478202,0.050000,-0.090000,0.040000,4.560000,5.910000
1773986622.478202,0.000000,-0.020000,0.010000,4.740000,5.920000
1773986622.478202,-0.000000,0.000000,-0.000000,2.750000,5.920000
1773986622.478202,0.030000,-0.050000,0.030000,6.060000,5.930000
1773986622.478202,-0.000000,0.000000,-0.000000,4.200000,5.930000
1773986622.478202,0.010000,-0.010000,-0.000000,2.460000,5.940000
1773986622.478202,0.020000,-0.050000,0.020000,5.730000,5.950000
1773986622.478202,-0.000000,0.000000,-0.000000,3.690000,5.950000
1773986622.478202,0.060000,-0.090000,0.040000,2.700000,5.960000
1773986622.479458,0.020000,-0.040000,0.020000,5.250000,5.970000
1773986622.479458,-0.000000,0.000000,-0.000000,3.130000,5.970000
1773986622.479458,0.040000,-0.090000,0.050000,4.940000,5.980000
1773986622.479458,-0.000000,-0.010000,0.010000,4.650000,5.980000
1773986622.479458,-0.000000,0.000000,-0.000000,2.640000,5.990000
1773986622.479458,0.030000,-0.050000,0.030000,6.110000,6.000000
1773986622.479458,-0.000000,0.000000,-0.000000,4.030000,6.000000
1773986622.479458,0.030000,-0.060000,0.010000,2.480000,6.010000
1773986622.479458,0.020000,-0.050000,0.020000,5.590000,6.020000
1773986622.479458,-0.000000,0.000000,-0.000000,3.450000,6.020000
1773986622.479458,0.050000,-0.090000,0.040000,3.550000,6.030000
1773986622.479458,0.010000,-0.030000,0.010000,4.940000,6.030000
1773986622.479458,-0.000000,0.000000,-0.000000,2.930000,6.040000
1773986622.479458,0.030000,-0.060000,0.050000,5.680000,6.050000
1773986622.479458,-0.000000,0.000000,-0.000000,4.430000,6.050000
1773986622.479458,-0.000000,0.000000,-0.000000,2.600000,6.060000
1773986622.505925,0.030000,-0.050000,0.020000,5.990000,6.070000
1773986622.505925,-0.000000,0.000000,-0.000000,3.940000,6.070000
1773986622.505925,0.040000,-0.090000,0.020000,2.500000,6.080000
1773986622.505925,0.020000,-0.050000,0.020000,5.440000,6.090000
1773986622.505925,-0.000000,0.000000,-0.000000,3.400000,6.090000
1773986622.505925,0.040000,-0.080000,0.040000,3.360000,6.100000
1773986622.505925,0.010000,-0.030000,0.010000,4.990000,6.100000
1773986622.505925,-0.000000,0.000000,-0.000000,2.950000,6.110000
1773986622.505925,0.030000,-0.060000,0.040000,5.630000,6.120000
1773986622.505925,-0.000000,0.000000,-0.000000,4.410000,6.120000
1773986622.505925,-0.000000,0.000000,-0.000000,2.570000,6.130000
1773986622.505925,0.020000,-0.050000,0.030000,5.970000,6.140000
1773986622.505925,-0.000000,0.000000,-0.000000,3.910000,6.140000
1773986622.505925,0.050000,-0.090000,0.020000,2.550000,6.150000
1773986622.505925,0.020000,-0.050000,0.020000,5.480000,6.150000
1773986622.505925,-0.000000,0.000000,-0.000000,3.440000,6.160000
1773986622.521781,0.040000,-0.080000,0.040000,3.350000,6.170000
1773986622.521781,0.010000,-0.030000,0.010000,4.990000,6.170000
1773986622.521781,-0.000000,0.000000,-0.000000,2.950000,6.180000
1773986622.521781,0.030000,-0.070000,0.050000,5.720000,6.190000
1773986622.521781,-0.000000,0.000000,-0.000000,4.380000,6.190000
1773986622.521781,0.020000,-0.030000,-0.000000,2.600000,6.200000
1773986622.521781,0.030000,-0.050000,0.030000,5.880000,6.200000
1773986622.521781,-0.000000,0.000000,-0.000000,3.740000,6.210000
1773986622.521781,0.050000,-0.100000,0.060000,3.150000,6.220000
1773986622.521781,0.020000,-0.050000,0.020000,5.410000,6.220000
1773986622.521781,-0.000000,0.000000,-0.000000,3.380000,6.230000
1773986622.521781,0.070000,-0.160000,0.080000,4.670000,6.240000
1773986622.521781,0.010000,-0.030000,0.020000,5.060000,6.240000
1773986622.521781,-0.000000,0.000000,-0.000000,3.270000,6.250000
1773986622.521781,0.070000,-0.160000,0.090000,4.830000,6.250000
1773986622.521781,0.010000,-0.020000,0.010000,4.920000,6.260000
1773986622.537855,-0.000000,0.000000,-0.000000,3.040000,6.270000
1773986622.537855,0.060000,-0.140000,0.090000,5.550000,6.270000
1773986622.537855,-0.000000,0.000000,-0.000000,4.580000,6.280000
1773986622.537855,0.010000,-0.020000,-0.000000,2.880000,0.000000
1773986622.537855,0.020000,-0.060000,0.070000,5.900000,0.010000
1773986622.537855,-0.000000,0.000000,-0.000000,4.160000,0.020000
1773986622.537855,0.050000,-0.120000,0.050000,3.060000,0.020000
1773986622.537855,0.020000,-0.050000,0.030000,5.730000,0.030000
1773986622.537855,-0.000000,0.000000,-0.000000,3.690000,0.030000
1773986622.537855,0.070000,-0.170000,0.090000,4.210000,0.040000
1773986622.537855,0.010000,-0.020000,0.020000,5.210000,0.050000
1773986622.537855,-0.000000,0.000000,-0.000000,3.150000,0.050000
1773986622.537855,0.070000,-0.180000,0.100000,5.440000,0.060000
1773986622.537855,-0.000000,0.000000,-0.000000,4.540000,0.070000
1773986622.537855,0.060000,-0.100000,0.010000,2.910000,0.070000
1773986622.537855,0.030000,-0.080000,0.050000,5.970000,0.080000
1773986622.553799,-0.000000,0.000000,-0.000000,3.910000,0.080000
1773986622.553799,0.080000,-0.170000,0.100000,3.980000,0.090000
1773986622.553799,0.020000,-0.050000,0.020000,5.350000,0.100000
1773986622.553799,-0.000000,0.000000,-0.000000,3.270000,0.100000
1773986622.553799,0.080000,-0.210000,0.120000,5.250000,0.110000
1773986622.553799,-0.000000,-0.010000,0.010000,4.700000,0.120000
1773986622.553799,0.030000,-0.010000,-0.000000,2.910000,0.120000
1773986622.553799,0.030000,-0.120000,0.080000,5.910000,0.130000
1773986622.553799,-0.000000,0.000000,-0.000000,3.960000,0.140000
1773986622.553799,0.070000,-0.170000,0.100000,3.910000,0.140000
1773986622.553799,0.020000,-0.050000,0.020000,5.430000,0.150000
1773986622.553799,-0.000000,0.000000,-0.000000,3.330000,0.150000
1773986622.553799,0.090000,-0.210000,0.120000,5.210000,0.160000
1773986622.553799,-0.000000,-0.010000,0.010000,4.680000,0.170000
1773986622.553799,0.040000,-0.010000,-0.000000,2.930000,0.170000
1773986622.553799,0.020000,-0.120000,0.080000,5.810000,0.180000
1773986622.600706,-0.000000,0.000000,-0.000000,3.980000,0.190000
1773986622.600706,0.080000,-0.170000,0.100000,3.830000,0.190000
1773986622.600706,0.020000,-0.050000,0.030000,5.460000,0.200000
1773986622.600706,-0.000000,0.000000,-0.000000,3.330000,0.200000
1773986622.600706,0.090000,-0.210000,0.120000,5.190000,0.210000
1773986622.600706,-0.000000,-0.020000,0.010000,4.760000,0.220000
1773986622.600706,0.030000,-0.000000,-0.000000,2.910000,0.220000
1773986622.600706,0.020000,-0.140000,0.090000,5.930000,0.230000
1773986622.600706,-0.000000,0.000000,-0.000000,4.020000,0.240000
1773986622.600706,0.080000,-0.170000,0.090000,3.740000,0.240000
1773986622.600706,0.020000,-0.050000,0.020000,5.500000,0.250000
1773986622.600706,-0.000000,0.000000,-0.000000,3.380000,0.250000
1773986622.600706,0.090000,-0.200000,0.120000,5.050000,0.260000
1773986622.600706,0.000000,-0.020000,0.010000,4.850000,0.270000
1773986622.600706,0.010000,0.000000,-0.000000,2.950000,0.270000
1773986622.600706,0.040000,-0.160000,0.100000,5.860000,0.280000
1773986622.600706,-0.000000,0.000000,-0.000000,4.120000,0.290000
1773986622.600706,0.070000,-0.150000,0.090000,3.450000,0.290000
1773986622.600706,0.020000,-0.050000,0.020000,5.590000,0.300000
1773986622.600706,-0.000000,0.000000,-0.000000,3.470000,0.300000
1773986622.600706,0.090000,-0.200000,0.110000,4.900000,0.310000
1773986622.600706,0.010000,-0.030000,0.010000,4.920000,0.320000
1773986622.600706,0.000000,0.000000,-0.000000,3.000000,0.320000
1773986622.600706,0.060000,-0.180000,0.110000,5.810000,0.330000
1773986622.600706,-0.000000,0.000000,-0.000000,4.230000,0.340000
1773986622.600706,0.070000,-0.120000,0.060000,3.200000,0.340000
1773986622.600706,0.030000,-0.050000,0.030000,5.730000,0.350000
1773986622.600706,-0.000000,0.000000,-0.000000,3.620000,0.360000
1773986622.600706,0.090000,-0.190000,0.110000,4.580000,0.360000
1773986622.600706,0.010000,-0.040000,0.020000,5.120000,0.370000
1773986622.600706,-0.000000,0.000000,-0.000000,3.110000,0.370000
1773986622.600706,0.070000,-0.200000,0.120000,5.610000,0.380000
1773986622.607885,-0.000000,0.000000,-0.000000,4.450000,0.390000
1773986622.607885,0.070000,-0.080000,0.030000,2.980000,0.390000
1773986622.607885,0.030000,-0.060000,0.030000,5.900000,0.400000
1773986622.607885,-0.000000,0.000000,-0.000000,3.760000,0.410000
1773986622.607885,0.090000,-0.190000,0.100000,4.320000,0.410000
1773986622.607885,0.020000,-0.030000,0.020000,5.190000,0.420000
1773986622.607885,-0.000000,0.000000,-0.000000,3.130000,0.420000
1773986622.607885,0.070000,-0.190000,0.110000,5.480000,0.430000
1773986622.607885,-0.000000,0.000000,-0.000000,4.470000,0.440000
1773986622.607885,0.070000,-0.080000,0.030000,2.980000,0.440000
1773986622.607885,0.030000,-0.050000,0.030000,5.900000,0.450000
1773986622.607885,-0.000000,0.000000,-0.000000,3.730000,0.460000
1773986622.607885,0.090000,-0.190000,0.110000,4.400000,0.460000
1773986622.607885,0.020000,-0.040000,0.020000,5.160000,0.470000
1773986622.607885,-0.000000,0.000000,-0.000000,3.150000,0.470000
1773986622.607885,0.080000,-0.200000,0.120000,5.520000,0.480000
1773986622.616733,-0.000000,0.000000,-0.000000,4.520000,0.490000
1773986622.616733,0.070000,-0.050000,0.020000,2.970000,0.490000
1773986622.616733,0.030000,-0.080000,0.060000,5.970000,0.500000
1773986622.616733,-0.000000,0.000000,-0.000000,3.870000,0.510000
1773986622.616733,0.080000,-0.180000,0.100000,4.030000,0.510000
1773986622.616733,0.020000,-0.040000,0.020000,5.320000,0.520000
1773986622.616733,-0.000000,0.000000,-0.000000,3.240000,0.520000
1773986622.616733,0.080000,-0.200000,0.120000,5.410000,0.530000
1773986622.616733,-0.000000,-0.000000,-0.000000,4.590000,0.540000
1773986622.616733,0.060000,-0.100000,0.010000,2.950000,0.540000
1773986622.616733,0.030000,-0.090000,0.060000,5.930000,0.550000
1773986622.616733,-0.000000,0.000000,-0.000000,3.890000,0.560000
1773986622.616733,0.080000,-0.170000,0.100000,4.070000,0.560000
1773986622.616733,0.020000,-0.050000,0.020000,5.300000,0.570000
1773986622.616733,-0.000000,0.000000,-0.000000,3.220000,0.570000
1773986622.616733,0.080000,-0.200000,0.120000,5.370000,0.580000
1773986622.632546,-0.000000,-0.000000,0.000000,4.590000,0.590000
1773986622.632546,0.060000,-0.040000,0.010000,2.930000,0.590000
1773986622.632546,0.030000,-0.080000,0.060000,5.950000,0.600000
1773986622.632546,-0.000000,0.000000,-0.000000,3.830000,0.610000
1773986622.632546,0.080000,-0.190000,0.100000,4.140000,0.610000
1773986622.632546,0.020000,-0.050000,0.020000,5.320000,0.620000
1773986622.632546,-0.000000,0.000000,-0.000000,3.260000,0.630000
1773986622.632546,0.080000,-0.200000,0.120000,5.280000,0.630000
1773986622.632546,-0.000000,-0.010000,0.000000,4.700000,0.640000
1773986622.632546,0.040000,-0.050000,-0.000000,2.950000,0.640000
1773986622.632546,0.020000,-0.080000,0.090000,5.900000,0.650000
1773986622.632546,-0.000000,0.000000,-0.000000,4.050000,0.660000
1773986622.632546,0.080000,-0.190000,0.090000,3.650000,0.660000
1773986622.632546,0.020000,-0.050000,0.020000,5.520000,0.670000
1773986622.632546,-0.000000,0.000000,-0.000000,3.400000,0.680000
1773986622.632546,0.090000,-0.200000,0.110000,5.050000,0.680000
1773986622.664646,0.000000,-0.020000,0.010000,4.830000,0.690000
1773986622.664646,0.020000,0.000000,-0.000000,2.970000,0.690000
1773986622.664646,0.040000,-0.170000,0.100000,5.840000,0.700000
1773986622.664646,-0.000000,0.000000,-0.000000,4.140000,0.710000
1773986622.664646,0.070000,-0.170000,0.090000,3.330000,0.710000
1773986622.664646,0.030000,-0.050000,0.030000,5.660000,0.720000
1773986622.664646,-0.000000,0.000000,-0.000000,3.560000,0.730000
1773986622.664646,0.090000,-0.200000,0.110000,4.780000,0.730000
1773986622.664646,0.010000,-0.030000,0.020000,4.990000,0.740000
1773986622.664646,-0.000000,0.000000,-0.000000,3.040000,0.740000
1773986622.664646,0.070000,-0.160000,0.110000,5.700000,0.750000
1773986622.664646,-0.000000,0.000000,-0.000000,4.320000,0.760000
1773986622.664646,0.060000,-0.110000,0.050000,3.080000,0.760000
1773986622.664646,0.030000,-0.060000,0.030000,5.840000,0.770000
1773986622.664646,-0.000000,0.000000,-0.000000,3.690000,0.780000
1773986622.664646,0.090000,-0.200000,0.110000,4.430000,0.780000
1773986622.680497,0.020000,-0.040000,0.020000,5.160000,0.790000
1773986622.680497,-0.000000,0.000000,-0.000000,3.110000,0.790000
1773986622.680497,0.070000,-0.180000,0.110000,5.590000,0.800000
1773986622.680497,-0.000000,0.000000,-0.000000,4.430000,0.810000
1773986622.680497,0.060000,-0.120000,0.030000,3.020000,0.810000
1773986622.680497,0.030000,-0.060000,0.030000,5.900000,0.820000
1773986622.680497,-0.000000,0.000000,-0.000000,3.740000,0.830000
1773986622.680497,0.080000,-0.200000,0.100000,4.310000,0.830000
1773986622.680497,0.020000,-0.040000,0.020000,5.210000,0.840000
1773986622.680497,-0.000000,0.000000,-0.000000,3.130000,0.850000
1773986622.680497,0.080000,-0.190000,0.120000,5.520000,0.850000
1773986622.680497,-0.000000,0.000000,-0.000000,4.490000,0.860000
1773986622.680497,0.070000,-0.120000,0.020000,2.980000,0.860000
1773986622.680497,0.030000,-0.070000,0.040000,5.950000,0.870000
1773986622.680497,-0.000000,0.000000,-0.000000,3.830000,0.880000
1773986622.680497,0.090000,-0.200000,0.100000,4.180000,0.880000
1773986622.680497,0.020000,-0.040000,0.020000,5.280000,0.890000
1773986622.680497,-0.000000,0.000000,-0.000000,3.220000,0.900000
1773986622.680497,0.080000,-0.210000,0.120000,5.440000,0.900000
1773986622.680497,-0.000000,-0.000000,0.000000,4.590000,0.910000
1773986622.680497,0.060000,-0.030000,0.010000,2.910000,0.910000
1773986622.680497,0.030000,-0.090000,0.060000,5.970000,0.920000
1773986622.680497,-0.000000,0.000000,-0.000000,3.890000,0.930000
1773986622.680497,0.080000,-0.170000,0.100000,3.960000,0.930000
1773986622.680497,0.020000,-0.050000,0.020000,5.390000,0.940000
1773986622.680497,-0.000000,0.000000,-0.000000,3.270000,0.950000
1773986622.680497,0.080000,-0.200000,0.120000,5.250000,0.950000
1773986622.680497,-0.000000,-0.010000,0.000000,4.670000,0.960000
1773986622.680497,0.040000,-0.010000,-0.000000,2.950000,0.960000
1773986622.680497,0.030000,-0.130000,0.090000,5.930000,0.970000
1773986622.680497,-0.000000,0.000000,-0.000000,4.120000,0.980000
1773986622.680497,0.060000,-0.110000,0.050000,3.180000,0.980000
1773986622.711896,0.030000,-0.060000,0.030000,5.790000,0.990000
1773986622.711896,-0.000000,0.000000,-0.000000,3.850000,1.000000
1773986622.711896,0.070000,-0.160000,0.090000,3.760000,1.000000
1773986622.711896,0.020000,-0.050000,0.030000,5.550000,1.010000
1773986622.711896,-0.000000,0.000000,-0.000000,3.670000,1.010000
1773986622.711896,0.070000,-0.170000,0.100000,4.140000,1.020000
1773986622.711896,0.020000,-0.040000,0.020000,5.370000,1.030000
1773986622.711896,-0.000000,0.000000,-0.000000,3.530000,1.030000
1773986622.711896,0.080000,-0.190000,0.100000,4.540000,1.040000
1773986622.711896,0.020000,-0.050000,0.030000,5.250000,1.050000
1773986622.711896,-0.000000,0.000000,-0.000000,3.470000,1.050000
1773986622.711896,0.080000,-0.180000,0.110000,4.560000,1.060000
1773986622.711896,0.020000,-0.030000,0.020000,5.190000,1.070000
1773986622.711896,-0.000000,0.000000,-0.000000,3.440000,1.070000
1773986622.711896,0.070000,-0.180000,0.100000,4.490000,1.080000
1773986622.711896,0.020000,-0.040000,0.020000,5.170000,1.080000
1773986622.711896,-0.000000,0.000000,-0.000000,3.290000,1.090000
1773986622.711896,0.070000,-0.180000,0.110000,4.810000,1.100000
1773986622.711896,0.020000,-0.040000,0.020000,5.010000,1.100000
1773986622.711896,-0.000000,0.000000,-0.000000,3.180000,1.110000
1773986622.711896,0.070000,-0.180000,0.110000,5.120000,1.120000
1773986622.711896,0.010000,-0.030000,0.020000,4.830000,1.120000
1773986622.711896,-0.000000,0.000000,-0.000000,2.910000,1.130000
1773986622.711896,0.030000,-0.110000,0.100000,5.750000,1.130000
1773986622.711896,0.010000,-0.010000,0.010000,4.490000,1.140000
1773986622.711896,-0.000000,0.000000,-0.000000,2.660000,1.150000
1773986622.711896,0.030000,-0.060000,0.030000,6.060000,1.150000
1773986622.711896,-0.000000,0.000000,-0.000000,4.090000,1.160000
1773986622.711896,0.030000,-0.040000,-0.000000,2.600000,1.170000
1773986622.711896,0.030000,-0.060000,0.030000,5.790000,1.170000
1773986622.711896,-0.000000,0.000000,-0.000000,3.820000,1.180000
1773986622.711896,0.050000,-0.070000,0.010000,2.640000,1.180000
1773986622.728020,0.030000,-0.050000,0.020000,5.550000,1.190000
1773986622.728020,-0.000000,0.000000,-0.000000,3.690000,1.200000
1773986622.728020,0.050000,-0.070000,0.010000,2.600000,1.200000
1773986622.728020,0.020000,-0.030000,0.020000,5.390000,1.210000
1773986622.728020,-0.000000,0.000000,-0.000000,3.360000,1.220000
1773986622.728020,0.030000,-0.130000,0.060000,3.420000,1.220000
1773986622.728020,0.010000,-0.020000,0.010000,4.920000,1.230000
1773986622.728020,-0.000000,0.000000,-0.000000,2.930000,1.230000
1773986622.728020,0.020000,-0.100000,0.090000,5.630000,1.240000
1773986622.728020,-0.000000,0.000000,0.000000,4.520000,1.250000
1773986622.728020,-0.000000,0.000000,-0.000000,2.620000,1.250000
1773986622.728020,0.020000,-0.050000,0.030000,6.110000,1.260000
1773986622.728020,-0.000000,0.000000,-0.000000,4.090000,1.270000
1773986622.728020,0.010000,-0.010000,-0.000000,2.500000,1.270000
1773986622.728020,0.020000,-0.040000,0.020000,5.750000,1.280000
1773986622.728020,-0.000000,0.000000,-0.000000,3.710000,1.280000
1773986622.743500,0.050000,-0.060000,0.020000,2.680000,1.290000
1773986622.743500,0.020000,-0.030000,0.020000,5.300000,1.300000
1773986622.743500,-0.000000,0.000000,-0.000000,3.260000,1.300000
1773986622.743500,0.040000,-0.140000,0.090000,4.310000,1.310000
1773986622.743500,0.010000,-0.020000,0.020000,4.810000,1.320000
1773986622.743500,-0.000000,0.000000,-0.000000,2.820000,1.320000
1773986622.743500,0.020000,-0.050000,0.100000,6.200000,1.330000
1773986622.743500,-0.000000,0.000000,0.010000,4.310000,1.340000
1773986622.743500,-0.000000,0.000000,-0.000000,2.550000,1.340000
1773986622.743500,0.030000,-0.050000,0.030000,5.880000,1.350000
1773986622.743500,-0.000000,0.000000,-0.000000,3.930000,1.350000
1773986622.743500,0.040000,-0.060000,0.000000,2.570000,1.360000
1773986622.743500,0.030000,-0.050000,0.030000,5.570000,1.370000
1773986622.743500,-0.000000,0.000000,-0.000000,3.620000,1.370000
1773986622.743500,0.040000,-0.090000,0.030000,2.950000,1.380000
1773986622.743500,0.030000,-0.050000,0.020000,5.340000,1.390000
1773986622.791011,-0.000000,0.000000,-0.000000,3.350000,1.390000
1773986622.791011,0.040000,-0.140000,0.080000,3.710000,1.400000
1773986622.791011,0.020000,-0.030000,0.020000,4.940000,1.400000
1773986622.791011,-0.000000,0.000000,-0.000000,2.950000,1.410000
1773986622.791011,0.020000,-0.110000,0.100000,5.640000,1.420000
1773986622.791011,-0.000000,0.000000,0.010000,4.560000,1.420000
1773986622.791011,-0.000000,0.000000,-0.000000,2.710000,1.430000
1773986622.791011,0.030000,-0.050000,0.050000,6.150000,1.440000
1773986622.791011,-0.000000,0.000000,-0.000000,4.250000,1.440000
1773986622.791011,-0.000000,0.000000,-0.000000,2.530000,1.450000
1773986622.791011,0.020000,-0.050000,0.020000,5.900000,1.450000
1773986622.791011,-0.000000,0.000000,-0.000000,3.850000,1.460000
1773986622.791011,0.050000,-0.030000,0.010000,2.550000,1.470000
1773986622.791011,0.020000,-0.040000,0.020000,5.410000,1.470000
1773986622.791011,-0.000000,0.000000,-0.000000,3.380000,1.480000
1773986622.791011,0.040000,-0.130000,0.080000,3.580000,1.490000
1773986622.806748,0.020000,-0.030000,0.020000,4.960000,1.490000
1773986622.806748,-0.000000,0.000000,-0.000000,2.910000,1.500000
1773986622.806748,0.020000,-0.100000,0.100000,5.820000,1.500000
1773986622.806748,0.000000,-0.010000,0.010000,4.490000,1.510000
1773986622.806748,-0.000000,0.000000,-0.000000,2.600000,1.520000
1773986622.806748,0.030000,-0.050000,0.030000,6.040000,1.520000
1773986622.806748,-0.000000,0.000000,-0.000000,4.020000,1.530000
1773986622.806748,0.030000,-0.050000,-0.000000,2.570000,1.540000
1773986622.806748,0.030000,-0.050000,0.030000,5.640000,1.540000
1773986622.806748,-0.000000,0.000000,-0.000000,3.640000,1.550000
1773986622.806748,0.050000,-0.070000,0.030000,2.860000,1.560000
1773986622.806748,0.020000,-0.050000,0.020000,5.350000,1.560000
1773986622.806748,-0.000000,0.000000,-0.000000,3.350000,1.570000
1773986622.806748,0.040000,-0.140000,0.080000,3.740000,1.570000
1773986622.806748,0.020000,-0.030000,0.020000,4.990000,1.580000
1773986622.806748,-0.000000,0.000000,-0.000000,3.090000,1.590000
1773986622.806748,0.040000,-0.140000,0.100000,4.920000,1.590000
1773986622.806748,0.010000,-0.020000,0.010000,4.760000,1.600000
1773986622.806748,-0.000000,0.000000,-0.000000,2.820000,1.610000
1773986622.806748,0.020000,-0.050000,0.090000,5.990000,1.610000
1773986622.806748,-0.000000,0.000000,0.000000,4.360000,1.620000
1773986622.806748,-0.000000,0.000000,-0.000000,2.550000,1.620000
1773986622.806748,0.030000,-0.050000,0.030000,5.970000,1.630000
1773986622.806748,-0.000000,0.000000,-0.000000,3.910000,1.640000
1773986622.806748,0.050000,-0.030000,0.010000,2.600000,1.640000
1773986622.806748,0.020000,-0.050000,0.020000,5.500000,1.650000
1773986622.806748,-0.000000,0.000000,-0.000000,3.490000,1.660000
1773986622.806748,0.040000,-0.090000,0.040000,3.220000,1.660000
1773986622.806748,0.020000,-0.040000,0.020000,5.050000,1.670000
1773986622.806748,-0.000000,0.000000,-0.000000,3.020000,1.670000
1773986622.806748,0.030000,-0.130000,0.090000,5.300000,1.680000
1773986622.806748,0.010000,-0.020000,0.010000,4.610000,1.690000
1773986622.809654,-0.000000,0.000000,-0.000000,2.770000,1.690000
1773986622.809654,0.030000,-0.100000,0.080000,6.020000,1.700000
1773986622.809654,-0.000000,0.000000,0.000000,4.290000,1.710000
1773986622.809654,-0.000000,0.000000,-0.000000,2.530000,1.710000
1773986622.809654,0.030000,-0.050000,0.030000,5.880000,1.720000
1773986622.809654,-0.000000,0.000000,-0.000000,3.870000,1.720000
1773986622.809654,0.040000,-0.020000,0.000000,2.510000,1.730000
1773986622.809654,0.020000,-0.050000,0.020000,5.480000,1.740000
1773986622.809654,-0.000000,0.000000,-0.000000,3.450000,1.740000
1773986622.809654,0.030000,-0.120000,0.030000,3.150000,1.750000
1773986622.809654,0.020000,-0.040000,0.020000,5.050000,1.760000
1773986622.809654,-0.000000,0.000000,-0.000000,3.000000,1.760000
1773986622.809654,0.040000,-0.140000,0.100000,5.410000,1.770000
1773986622.809654,0.010000,-0.010000,0.010000,4.560000,1.770000
1773986622.809654,-0.000000,0.000000,-0.000000,2.620000,1.780000
1773986622.809654,0.030000,-0.050000,0.030000,6.080000,1.790000
1773986622.870142,-0.000000,0.000000,-0.000000,4.070000,1.790000
1773986622.870142,0.020000,-0.000000,-0.000000,2.530000,1.800000
1773986622.870142,0.030000,-0.050000,0.030000,5.700000,1.810000
1773986622.870142,-0.000000,0.000000,-0.000000,3.690000,1.810000
1773986622.870142,0.060000,-0.070000,0.020000,2.790000,1.820000
1773986622.870142,0.020000,-0.050000,0.020000,5.350000,1.830000
1773986622.870142,-0.000000,0.000000,-0.000000,3.330000,1.830000
1773986622.870142,0.040000,-0.120000,0.080000,3.940000,1.840000
1773986622.870142,0.020000,-0.030000,0.020000,4.920000,1.840000
1773986622.870142,-0.000000,0.000000,-0.000000,2.910000,1.850000
1773986622.870142,0.020000,-0.100000,0.100000,5.810000,1.860000
1773986622.870142,0.000000,-0.000000,0.010000,4.430000,1.860000
1773986622.870142,-0.000000,0.000000,-0.000000,2.590000,1.870000
1773986622.870142,0.030000,-0.050000,0.030000,5.990000,1.880000
1773986622.870142,-0.000000,0.000000,-0.000000,3.980000,1.880000
1773986622.870142,0.030000,-0.010000,-0.000000,2.530000,1.890000
1773986622.870142,0.020000,-0.050000,0.020000,5.590000,1.890000
1773986622.870142,-0.000000,0.000000,-0.000000,3.560000,1.900000
1773986622.870142,0.030000,-0.090000,0.030000,3.000000,1.910000
1773986622.870142,0.020000,-0.040000,0.020000,5.160000,1.910000
1773986622.870142,-0.000000,0.000000,-0.000000,3.180000,1.920000
1773986622.870142,0.040000,-0.140000,0.090000,4.520000,1.930000
1773986622.870142,0.010000,-0.030000,0.020000,4.780000,1.930000
1773986622.870142,-0.000000,0.000000,-0.000000,2.860000,1.940000
1773986622.870142,0.020000,-0.130000,0.090000,5.820000,1.940000
1773986622.870142,0.000000,-0.000000,0.010000,4.450000,1.950000
1773986622.870142,-0.000000,0.000000,-0.000000,2.600000,1.960000
1773986622.870142,0.030000,-0.050000,0.030000,6.040000,1.960000
1773986622.870142,-0.000000,0.000000,-0.000000,4.000000,1.970000
1773986622.870142,0.030000,-0.010000,-0.000000,2.550000,1.980000
1773986622.870142,0.030000,-0.050000,0.030000,5.660000,1.980000
1773986622.870142,-0.000000,0.000000,-0.000000,3.650000,1.990000
1773986622.870142,0.060000,-0.070000,0.020000,2.750000,1.990000
1773986622.870142,0.020000,-0.040000,0.020000,5.260000,2.000000
1773986622.870142,-0.000000,0.000000,-0.000000,3.240000,2.010000
1773986622.870142,0.060000,-0.170000,0.110000,4.830000,2.010000
1773986622.870142,0.010000,-0.030000,0.020000,4.870000,2.020000
1773986622.870142,-0.000000,0.000000,-0.000000,3.000000,2.030000
1773986622.870142,0.060000,-0.180000,0.110000,5.500000,2.030000
1773986622.870142,0.010000,-0.020000,0.020000,4.700000,2.040000
1773986622.870142,-0.000000,0.000000,-0.000000,3.110000,2.050000
1773986622.870142,0.080000,-0.190000,0.110000,5.260000,2.050000
1773986622.870142,0.020000,-0.040000,0.020000,4.870000,2.060000
1773986622.870142,-0.000000,0.000000,-0.000000,3.200000,2.060000
1773986622.870142,0.090000,-0.200000,0.110000,5.060000,2.070000
1773986622.870142,0.020000,-0.040000,0.020000,4.990000,2.080000
1773986622.870142,-0.000000,0.000000,-0.000000,3.260000,2.080000
1773986622.870142,0.090000,-0.200000,0.110000,5.030000,2.090000
1773986622.874240,0.020000,-0.040000,0.020000,5.030000,2.100000
1773986622.874240,-0.000000,0.000000,-0.000000,3.290000,2.100000
1773986622.874240,0.100000,-0.210000,0.110000,4.920000,2.110000
1773986622.874240,0.020000,-0.040000,0.020000,5.060000,2.110000
1773986622.874240,-0.000000,0.000000,-0.000000,3.310000,2.120000
1773986622.874240,0.100000,-0.220000,0.120000,4.960000,2.130000
1773986622.874240,0.020000,-0.050000,0.020000,5.060000,2.130000
1773986622.874240,-0.000000,0.000000,-0.000000,3.310000,2.140000
1773986622.874240,0.110000,-0.220000,0.120000,5.080000,2.150000
1773986622.874240,0.010000,-0.030000,0.020000,4.970000,2.150000
1773986622.874240,-0.000000,0.000000,-0.000000,3.170000,2.160000
1773986622.874240,0.100000,-0.240000,0.120000,5.500000,2.160000
1773986622.874240,0.000000,-0.020000,0.010000,4.670000,2.170000
1773986622.874240,0.020000,-0.040000,-0.000000,2.930000,2.180000
1773986622.874240,0.080000,-0.200000,0.100000,5.950000,2.180000
1773986622.874240,-0.000000,-0.010000,0.000000,4.140000,2.190000
1773986622.886120,0.100000,-0.160000,0.070000,3.240000,2.200000
1773986622.886120,0.030000,-0.060000,0.030000,5.680000,2.200000
1773986622.886120,-0.000000,0.000000,-0.000000,3.550000,2.210000
1773986622.886120,0.120000,-0.240000,0.110000,4.760000,2.210000
1773986622.886120,0.020000,-0.050000,0.020000,4.970000,2.220000
1773986622.886120,-0.000000,0.000000,-0.000000,3.000000,2.230000
1773986622.886120,0.110000,-0.210000,0.110000,5.820000,2.230000
1773986622.886120,0.000000,-0.020000,0.000000,4.290000,2.240000
1773986622.886120,0.090000,-0.130000,0.060000,3.080000,2.250000
1773986622.886120,0.030000,-0.060000,0.020000,5.770000,2.250000
1773986622.886120,-0.000000,0.000000,-0.000000,3.670000,2.260000
1773986622.886120,0.120000,-0.230000,0.110000,4.450000,2.270000
1773986622.886120,0.030000,-0.050000,0.020000,5.170000,2.270000
1773986622.886120,-0.000000,0.000000,-0.000000,3.170000,2.280000
1773986622.886120,0.120000,-0.230000,0.120000,5.480000,2.280000
1773986622.886120,0.010000,-0.030000,0.010000,4.560000,2.290000
1773986622.902025,0.060000,-0.040000,0.010000,2.930000,2.300000
1773986622.902025,0.030000,-0.140000,0.070000,5.970000,2.300000
1773986622.902025,-0.000000,0.000000,-0.000000,3.820000,2.310000
1773986622.902025,0.110000,-0.220000,0.100000,4.140000,2.320000
1773986622.902025,0.030000,-0.060000,0.030000,5.250000,2.320000
1773986622.902025,-0.000000,0.000000,-0.000000,3.170000,2.330000
1773986622.902025,0.120000,-0.240000,0.120000,5.460000,2.330000
1773986622.902025,0.010000,-0.040000,0.020000,4.560000,2.340000
1773986622.902025,0.060000,-0.040000,0.020000,2.910000,2.350000
1773986622.902025,0.030000,-0.130000,0.060000,5.970000,2.350000
1773986622.902025,-0.000000,0.000000,-0.000000,3.820000,2.360000
1773986622.902025,0.110000,-0.230000,0.100000,4.200000,2.370000
1773986622.902025,0.030000,-0.060000,0.030000,5.260000,2.370000
1773986622.902025,-0.000000,0.000000,-0.000000,3.180000,2.380000
1773986622.902025,0.120000,-0.240000,0.100000,5.060000,2.380000
1773986622.902025,0.020000,-0.050000,0.020000,4.580000,2.390000
1773986622.917890,0.050000,-0.040000,0.020000,2.890000,2.400000
1773986622.917890,0.030000,-0.140000,0.070000,5.990000,2.400000
1773986622.917890,-0.000000,0.000000,-0.000000,3.850000,2.410000
1773986622.917890,0.110000,-0.220000,0.100000,4.070000,2.420000
1773986622.917890,0.020000,-0.060000,0.030000,5.260000,2.420000
1773986622.917890,-0.000000,0.000000,-0.000000,3.170000,2.430000
1773986622.917890,0.120000,-0.240000,0.120000,5.520000,2.430000
1773986622.917890,0.010000,-0.040000,0.020000,4.500000,2.440000
1773986622.917890,0.060000,-0.070000,0.040000,2.930000,2.450000
1773986622.917890,0.030000,-0.090000,0.040000,5.930000,2.450000
1773986622.917890,-0.000000,0.000000,-0.000000,3.780000,2.460000
1773986622.917890,0.120000,-0.230000,0.100000,4.250000,2.470000
1773986622.917890,0.030000,-0.060000,0.030000,5.210000,2.470000
1773986622.917890,-0.000000,0.000000,-0.000000,3.150000,2.480000
1773986622.917890,0.120000,-0.230000,0.120000,5.520000,2.490000
1773986622.917890,0.010000,-0.030000,0.020000,4.500000,2.490000
1773986622.937564,0.070000,-0.070000,0.040000,2.950000,2.500000
1773986622.937564,0.030000,-0.090000,0.040000,5.950000,2.500000
1773986622.937564,-0.000000,0.000000,-0.000000,3.830000,2.510000
1773986622.937564,0.110000,-0.220000,0.100000,4.070000,2.520000
1773986622.937564,0.030000,-0.060000,0.030000,5.340000,2.520000
1773986622.937564,-0.000000,0.000000,-0.000000,3.260000,2.530000
1773986622.937564,0.120000,-0.250000,0.120000,5.340000,2.540000
1773986622.937564,0.020000,-0.040000,0.020000,4.650000,2.540000
1773986622.937564,0.040000,-0.010000,0.000000,2.930000,2.550000
1773986622.937564,0.060000,-0.190000,0.090000,5.990000,2.550000
1773986622.937564,-0.000000,-0.000000,-0.000000,4.030000,2.560000
1773986622.937564,0.100000,-0.200000,0.090000,3.560000,2.570000
1773986622.937564,0.030000,-0.060000,0.030000,5.550000,2.570000
1773986622.937564,-0.000000,0.000000,-0.000000,3.470000,2.580000
1773986622.937564,0.120000,-0.240000,0.110000,4.880000,2.590000
1773986622.937564,0.020000,-0.050000,0.020000,4.960000,2.590000
1773986622.982251,-0.000000,0.000000,-0.000000,3.020000,2.600000
1773986622.982251,0.110000,-0.210000,0.110000,5.750000,2.600000
1773986622.982251,0.000000,-0.020000,0.010000,4.310000,2.610000
1773986622.982251,0.090000,-0.130000,0.060000,3.080000,2.620000
1773986622.982251,0.030000,-0.060000,0.030000,5.820000,2.620000
1773986622.982251,-0.000000,0.000000,-0.000000,3.650000,2.630000
1773986622.982251,0.120000,-0.220000,0.110000,4.560000,2.640000
1773986622.982251,0.020000,-0.060000,0.030000,5.060000,2.640000
1773986622.982251,-0.000000,0.000000,-0.000000,3.060000,2.650000
1773986622.982251,0.110000,-0.220000,0.120000,5.660000,2.650000
1773986622.982251,0.010000,-0.030000,0.020000,4.360000,2.660000
1773986622.982251,0.090000,-0.120000,0.060000,3.020000,2.670000
1773986622.982251,0.030000,-0.060000,0.030000,5.810000,2.670000
1773986622.982251,-0.000000,0.000000,-0.000000,3.670000,2.680000
1773986622.982251,0.120000,-0.230000,0.110000,4.380000,2.690000
1773986622.982251,0.020000,-0.050000,0.030000,5.160000,2.690000
1773986622.982251,-0.000000,0.000000,-0.000000,3.130000,2.700000
1773986622.982251,0.120000,-0.240000,0.120000,5.520000,2.710000
1773986622.982251,0.010000,-0.030000,0.020000,4.500000,2.710000
1773986622.982251,0.060000,-0.050000,0.020000,2.950000,2.720000
1773986622.982251,0.030000,-0.150000,0.070000,5.970000,2.720000
1773986622.982251,-0.000000,0.000000,-0.000000,3.910000,2.730000
1773986622.982251,0.110000,-0.220000,0.100000,3.870000,2.740000
1773986622.982251,0.030000,-0.060000,0.030000,5.430000,2.740000
1773986622.982251,-0.000000,0.000000,-0.000000,3.350000,2.750000
1773986622.982251,0.120000,-0.240000,0.120000,5.120000,2.760000
1773986622.982251,0.020000,-0.050000,0.020000,4.810000,2.760000
1773986622.982251,0.010000,0.000000,-0.000000,2.950000,2.770000
1773986622.982251,0.090000,-0.210000,0.100000,5.880000,2.770000
1773986622.982251,0.010000,-0.030000,0.010000,4.160000,2.780000
1773986622.982251,0.100000,-0.160000,0.080000,3.270000,2.790000
1773986622.982251,0.030000,-0.060000,0.030000,5.640000,2.790000
1773986622.982251,-0.000000,0.000000,-0.000000,3.530000,2.800000
1773986622.982251,0.120000,-0.240000,0.110000,4.790000,2.810000
1773986622.982251,0.020000,-0.050000,0.030000,4.970000,2.810000
1773986622.982251,-0.000000,0.000000,-0.000000,3.040000,2.820000
1773986622.982251,0.110000,-0.210000,0.120000,5.730000,2.820000
1773986622.982251,0.010000,-0.030000,0.010000,4.340000,2.830000
1773986622.982251,0.090000,-0.120000,0.060000,3.020000,2.840000
1773986622.982251,0.030000,-0.060000,0.030000,5.840000,2.840000
1773986622.982251,-0.000000,0.000000,-0.000000,3.690000,2.850000
1773986622.982251,0.120000,-0.230000,0.110000,4.380000,2.860000
1773986622.982251,0.030000,-0.060000,0.030000,5.170000,2.860000
1773986622.982251,-0.000000,0.000000,-0.000000,3.130000,2.870000
1773986622.982251,0.120000,-0.240000,0.120000,5.540000,2.870000
1773986622.982251,0.010000,-0.030000,0.020000,4.500000,2.880000
1773986622.982251,0.060000,-0.060000,0.030000,2.950000,2.890000
1773986622.982251,0.030000,-0.130000,0.060000,5.970000,2.890000
1773986623.001661,-0.000000,0.000000,-0.000000,3.830000,2.900000
1773986623.001661,0.110000,-0.220000,0.100000,4.140000,2.910000
1773986623.001661,0.030000,-0.060000,0.030000,5.260000,2.910000
1773986623.001661,-0.000000,0.000000,-0.000000,3.150000,2.920000
1773986623.001661,0.120000,-0.230000,0.120000,5.480000,2.920000
1773986623.001661,0.010000,-0.040000,0.020000,4.560000,2.930000
1773986623.001661,0.050000,-0.040000,0.020000,2.930000,2.940000
1773986623.001661,0.030000,-0.160000,0.080000,6.010000,2.940000
1773986623.001661,-0.000000,-0.010000,0.000000,3.940000,2.950000
1773986623.001661,0.110000,-0.210000,0.100000,3.800000,2.960000
1773986623.001661,0.030000,-0.060000,0.030000,5.440000,2.960000
1773986623.001661,-0.000000,0.000000,-0.000000,3.350000,2.970000
1773986623.001661,0.120000,-0.240000,0.120000,5.140000,2.980000
1773986623.001661,0.020000,-0.050000,0.020000,4.760000,2.980000
1773986623.001661,0.020000,0.000000,-0.000000,2.950000,2.990000
1773986623.001661,0.090000,-0.200000,0.100000,5.900000,2.990000
1773986623.061015,0.000000,-0.020000,0.010000,4.140000,3.000000
1773986623.061015,0.100000,-0.170000,0.080000,3.310000,3.010000
1773986623.061015,0.030000,-0.060000,0.030000,5.640000,3.010000
1773986623.061015,-0.000000,0.000000,-0.000000,3.510000,3.020000
1773986623.061015,0.120000,-0.240000,0.120000,4.830000,3.030000
1773986623.061015,0.020000,-0.050000,0.020000,4.970000,3.030000
1773986623.061015,-0.000000,0.000000,-0.000000,3.000000,3.040000
1773986623.061015,0.100000,-0.230000,0.110000,5.790000,3.040000
1773986623.061015,0.010000,-0.030000,0.010000,4.290000,3.050000
1773986623.061015,0.090000,-0.120000,0.060000,3.060000,3.060000
1773986623.061015,0.030000,-0.060000,0.030000,5.820000,3.060000
1773986623.061015,-0.000000,0.000000,-0.000000,3.760000,3.070000
1773986623.061015,0.110000,-0.190000,0.090000,4.030000,3.080000
1773986623.061015,0.030000,-0.060000,0.030000,5.320000,3.080000
1773986623.061015,-0.000000,0.000000,-0.000000,3.290000,3.090000
1773986623.061015,0.120000,-0.220000,0.100000,5.100000,3.090000
1773986623.061015,0.030000,-0.050000,0.030000,4.810000,3.100000
1773986623.061015,-0.000000,0.000000,-0.000000,2.980000,3.110000
1773986623.061015,0.100000,-0.210000,0.090000,5.790000,3.110000
1773986623.061015,0.010000,-0.030000,0.020000,4.380000,3.120000
1773986623.061015,0.050000,-0.110000,0.030000,2.840000,3.130000
1773986623.061015,0.030000,-0.060000,0.030000,5.910000,3.130000
1773986623.061015,0.010000,-0.020000,0.020000,3.890000,3.140000
1773986623.061015,0.100000,-0.180000,0.070000,3.350000,3.140000
1773986623.061015,0.030000,-0.060000,0.030000,5.540000,3.150000
1773986623.061015,0.000000,-0.010000,0.010000,3.560000,3.160000
1773986623.061015,0.110000,-0.210000,0.090000,4.310000,3.160000
1773986623.061015,0.030000,-0.060000,0.030000,5.170000,3.170000
1773986623.061015,-0.000000,0.000000,-0.000000,3.270000,3.180000
1773986623.061015,0.120000,-0.210000,0.100000,4.870000,3.180000
1773986623.061015,0.020000,-0.040000,0.020000,4.830000,3.190000
1773986623.061015,-0.000000,0.000000,-0.000000,2.950000,3.200000
1773986623.065567,0.100000,-0.200000,0.090000,5.720000,3.200000
1773986623.065567,0.010000,-0.040000,0.020000,4.320000,3.210000
1773986623.065567,0.030000,-0.080000,0.020000,2.680000,3.210000
1773986623.065567,0.030000,-0.060000,0.030000,5.820000,3.220000
1773986623.065567,0.020000,-0.030000,0.020000,3.820000,3.230000
1773986623.065567,0.050000,-0.120000,0.060000,2.770000,3.230000
1773986623.065567,0.030000,-0.060000,0.030000,5.390000,3.240000
1773986623.065567,-0.000000,0.000000,0.010000,3.290000,3.250000
1773986623.065567,0.110000,-0.140000,0.050000,4.210000,3.250000
1773986623.065567,0.030000,-0.050000,0.030000,4.880000,3.260000
1773986623.065567,-0.000000,0.000000,-0.000000,2.820000,3.260000
1773986623.065567,0.060000,-0.110000,0.050000,5.970000,3.270000
1773986623.065567,0.020000,-0.050000,0.020000,4.230000,3.280000
1773986623.065567,0.010000,-0.020000,-0.000000,2.500000,3.280000
1773986623.065567,0.030000,-0.060000,0.030000,5.750000,3.290000
1773986623.065567,0.010000,-0.030000,0.020000,3.620000,3.300000
1773986623.065567,0.080000,-0.110000,0.070000,3.040000,3.300000
1773986623.065567,0.030000,-0.060000,0.030000,5.170000,3.310000
1773986623.065567,-0.000000,0.000000,-0.000000,3.060000,3.310000
1773986623.065567,0.110000,-0.160000,0.060000,5.440000,3.320000
1773986623.065567,0.030000,-0.050000,0.020000,4.500000,3.330000
1773986623.065567,-0.000000,0.000000,-0.000000,2.550000,3.330000
1773986623.065567,0.030000,-0.050000,0.030000,5.970000,3.340000
1773986623.065567,0.020000,-0.040000,0.020000,3.820000,3.350000
1773986623.065567,0.040000,-0.080000,0.050000,2.660000,3.350000
1773986623.065567,0.030000,-0.050000,0.030000,5.260000,3.360000
1773986623.065567,-0.000000,-0.000000,0.000000,3.150000,3.360000
1773986623.065567,0.110000,-0.170000,0.050000,5.050000,3.370000
1773986623.065567,0.030000,-0.050000,0.020000,4.590000,3.380000
1773986623.065567,-0.000000,0.000000,-0.000000,2.620000,3.380000
1773986623.065567,0.030000,-0.050000,0.030000,6.080000,3.390000
1773986623.065567,0.020000,-0.040000,0.020000,3.960000,3.400000
1773986623.108338,0.040000,-0.050000,0.030000,2.570000,3.400000
1773986623.108338,0.030000,-0.050000,0.020000,5.500000,3.410000
1773986623.108338,0.000000,-0.000000,0.000000,3.470000,3.420000
1773986623.108338,0.090000,-0.110000,0.060000,3.110000,3.420000
1773986623.108338,0.030000,-0.050000,0.020000,5.060000,3.430000
1773986623.108338,-0.000000,0.000000,-0.000000,3.020000,3.430000
1773986623.108338,0.110000,-0.150000,0.050000,5.320000,3.440000
1773986623.108338,0.020000,-0.040000,0.020000,4.520000,3.450000
1773986623.108338,-0.000000,0.000000,-0.000000,2.570000,3.450000
1773986623.108338,0.030000,-0.050000,0.030000,6.020000,3.460000
1773986623.108338,-0.000000,-0.010000,0.000000,4.020000,3.470000
1773986623.108338,0.010000,-0.030000,0.000000,2.440000,3.470000
1773986623.108338,0.030000,-0.050000,0.030000,5.630000,3.480000
1773986623.108338,-0.000000,0.000000,-0.000000,3.620000,3.480000
1773986623.108338,0.040000,-0.110000,0.050000,2.710000,3.490000
1773986623.108338,0.020000,-0.050000,0.030000,5.260000,3.500000
1773986623.108338,-0.000000,0.000000,-0.000000,3.200000,3.500000
1773986623.108338,0.110000,-0.160000,0.040000,4.450000,3.510000
1773986623.108338,0.020000,-0.050000,0.020000,4.780000,3.520000
1773986623.108338,-0.000000,0.000000,-0.000000,2.790000,3.520000
1773986623.108338,0.030000,-0.060000,0.040000,6.080000,3.530000
1773986623.108338,0.010000,-0.030000,0.020000,4.230000,3.530000
1773986623.108338,-0.000000,0.000000,-0.000000,2.440000,3.540000
1773986623.108338,0.030000,-0.060000,0.030000,5.750000,3.550000
1773986623.108338,-0.000000,-0.020000,0.010000,3.600000,3.550000
1773986623.108338,0.080000,-0.120000,0.070000,2.970000,3.560000
1773986623.108338,0.030000,-0.050000,0.030000,5.100000,3.570000
1773986623.108338,-0.000000,0.000000,-0.000000,2.970000,3.570000
1773986623.108338,0.100000,-0.140000,0.050000,5.680000,3.580000
1773986623.108338,0.020000,-0.050000,0.030000,4.450000,3.580000
1773986623.108338,-0.000000,0.000000,-0.000000,2.500000,3.590000
1773986623.108338,0.030000,-0.050000,0.030000,5.910000,3.600000
1773986623.114271,0.020000,-0.040000,0.020000,3.800000,3.600000
1773986623.114271,0.040000,-0.070000,0.040000,2.660000,3.610000
1773986623.114271,0.030000,-0.050000,0.030000,5.320000,3.620000
1773986623.114271,-0.000000,-0.000000,0.000000,3.180000,3.620000
1773986623.114271,0.110000,-0.160000,0.050000,4.810000,3.630000
1773986623.114271,0.030000,-0.050000,0.020000,4.720000,3.640000
1773986623.114271,-0.000000,0.000000,-0.000000,2.770000,3.640000
1773986623.114271,0.030000,-0.060000,0.040000,6.020000,3.650000
1773986623.114271,0.020000,-0.050000,0.020000,4.250000,3.650000
1773986623.114271,-0.000000,0.000000,-0.000000,2.460000,3.660000
1773986623.114271,0.030000,-0.050000,0.030000,5.770000,3.670000
1773986623.114271,0.000000,-0.020000,0.010000,3.640000,3.670000
1773986623.114271,0.060000,-0.110000,0.060000,2.880000,3.680000
1773986623.114271,0.030000,-0.050000,0.030000,5.160000,3.690000
1773986623.114271,-0.000000,0.000000,-0.000000,3.150000,3.690000
1773986623.114271,0.110000,-0.150000,0.050000,4.740000,3.700000
1773986623.129553,0.020000,-0.050000,0.020000,4.670000,3.700000
1773986623.129553,-0.000000,0.000000,-0.000000,2.660000,3.710000
1773986623.129553,0.030000,-0.060000,0.040000,6.130000,3.720000
1773986623.129553,0.010000,-0.030000,0.020000,4.030000,3.720000
1773986623.129553,0.020000,-0.060000,0.010000,2.460000,3.730000
1773986623.129553,0.030000,-0.050000,0.030000,5.520000,3.740000
1773986623.129553,-0.000000,0.000000,0.010000,3.350000,3.740000
1773986623.129553,0.110000,-0.160000,0.040000,4.070000,3.750000
1773986623.129553,0.030000,-0.050000,0.030000,4.790000,3.750000
1773986623.129553,-0.000000,0.000000,-0.000000,2.700000,3.760000
1773986623.129553,0.030000,-0.060000,0.050000,6.170000,3.770000
1773986623.129553,0.020000,-0.040000,0.020000,4.070000,3.770000
1773986623.129553,0.020000,-0.050000,0.010000,2.420000,3.780000
1773986623.129553,0.030000,-0.050000,0.030000,5.550000,3.790000
1773986623.129553,0.000000,-0.010000,0.010000,3.400000,3.790000
1773986623.129553,0.100000,-0.120000,0.040000,3.580000,3.800000
1773986623.138742,0.030000,-0.050000,0.030000,4.900000,3.800000
1773986623.138742,-0.000000,0.000000,-0.000000,2.840000,3.810000
1773986623.138742,0.070000,-0.110000,0.050000,5.910000,3.820000
1773986623.138742,0.020000,-0.040000,0.020000,4.270000,3.820000
1773986623.138742,-0.000000,-0.010000,-0.000000,2.440000,3.830000
1773986623.138742,0.030000,-0.050000,0.030000,5.770000,3.840000
1773986623.138742,0.000000,-0.010000,0.010000,3.620000,3.840000
1773986623.138742,0.060000,-0.110000,0.060000,2.840000,3.850000
1773986623.138742,0.030000,-0.050000,0.030000,5.120000,3.860000
1773986623.138742,-0.000000,0.000000,-0.000000,3.060000,3.860000
1773986623.138742,0.110000,-0.160000,0.050000,5.170000,3.870000
1773986623.138742,0.020000,-0.050000,0.020000,4.560000,3.870000
1773986623.138742,-0.000000,0.000000,-0.000000,2.590000,3.880000
1773986623.138742,0.030000,-0.050000,0.030000,6.020000,3.890000
1773986623.138742,0.010000,-0.030000,0.020000,3.930000,3.890000
1773986623.138742,0.030000,-0.080000,0.030000,2.480000,3.900000
1773986623.160837,0.030000,-0.050000,0.030000,5.390000,3.910000
1773986623.160837,-0.000000,0.000000,0.000000,3.240000,3.910000
1773986623.160837,0.090000,-0.110000,0.050000,4.580000,3.920000
1773986623.160837,0.030000,-0.050000,0.030000,4.720000,3.920000
1773986623.160837,-0.000000,0.000000,-0.000000,2.680000,3.930000
1773986623.160837,0.030000,-0.050000,0.050000,6.150000,3.940000
1773986623.160837,0.020000,-0.040000,0.020000,4.020000,3.940000
1773986623.160837,0.020000,-0.020000,0.020000,2.460000,3.950000
1773986623.160837,0.030000,-0.050000,0.030000,5.480000,3.960000
1773986623.160837,-0.000000,0.000000,0.010000,3.330000,3.960000
1773986623.160837,0.110000,-0.160000,0.040000,4.020000,3.970000
1773986623.160837,0.030000,-0.050000,0.030000,4.850000,3.970000
1773986623.160837,-0.000000,0.000000,-0.000000,2.820000,3.980000
1773986623.160837,0.050000,-0.090000,0.040000,5.970000,3.990000
1773986623.160837,0.020000,-0.040000,0.020000,4.210000,3.990000
1773986623.160837,-0.000000,0.000000,-0.000000,2.460000,4.000000
1773986623.186177,0.030000,-0.060000,0.030000,5.750000,4.010000
1773986623.186177,0.000000,-0.010000,0.010000,3.600000,4.010000
1773986623.186177,0.080000,-0.110000,0.070000,2.970000,4.020000
1773986623.186177,0.030000,-0.050000,0.030000,5.120000,4.020000
1773986623.186177,-0.000000,0.000000,-0.000000,3.020000,4.030000
1773986623.186177,0.100000,-0.150000,0.050000,5.410000,4.040000
1773986623.186177,0.020000,-0.050000,0.020000,4.490000,4.040000
1773986623.186177,-0.000000,0.000000,-0.000000,2.590000,4.050000
1773986623.186177,0.030000,-0.060000,0.030000,6.010000,4.060000
1773986623.186177,0.020000,-0.030000,0.020000,3.910000,4.060000
1773986623.186177,0.030000,-0.050000,0.030000,2.530000,4.070000
1773986623.186177,0.030000,-0.060000,0.030000,5.390000,4.080000
1773986623.186177,-0.000000,0.000000,0.000000,3.270000,4.080000
1773986623.186177,0.110000,-0.160000,0.050000,4.340000,4.090000
1773986623.186177,0.030000,-0.050000,0.030000,4.810000,4.090000
1773986623.186177,-0.000000,0.000000,-0.000000,2.880000,4.100000
1773986623.233450,0.080000,-0.150000,0.040000,5.730000,4.110000
1773986623.233450,0.010000,-0.030000,0.020000,4.490000,4.110000
1773986623.233450,-0.000000,0.000000,-0.000000,2.750000,4.120000
1773986623.233450,0.030000,-0.130000,0.040000,6.010000,4.130000
1773986623.233450,0.020000,-0.050000,0.020000,4.320000,4.130000
1773986623.233450,0.020000,-0.060000,0.010000,2.860000,4.140000
1773986623.233450,0.030000,-0.060000,0.040000,5.900000,4.140000
1773986623.233450,0.030000,-0.050000,0.030000,4.400000,4.150000
1773986623.233450,0.010000,-0.030000,-0.000000,2.930000,4.160000
1773986623.233450,0.080000,-0.170000,0.050000,5.840000,4.160000
1773986623.233450,-0.000000,0.000000,0.010000,4.490000,4.170000
1773986623.233450,0.000000,-0.020000,-0.000000,2.930000,4.180000
1773986623.233450,0.090000,-0.130000,0.060000,5.770000,4.180000
1773986623.233450,0.010000,-0.020000,0.010000,4.520000,4.190000
1773986623.233450,0.020000,-0.050000,0.010000,2.980000,4.190000
1773986623.233450,0.100000,-0.160000,0.070000,5.790000,4.200000
1773986623.233450,0.000000,-0.010000,0.010000,4.490000,4.210000
1773986623.233450,0.020000,-0.060000,0.010000,2.970000,4.210000
1773986623.233450,0.090000,-0.130000,0.060000,5.900000,4.220000
1773986623.233450,0.020000,-0.040000,0.020000,4.360000,4.230000
1773986623.233450,0.060000,-0.140000,0.040000,2.980000,4.230000
1773986623.233450,0.030000,-0.060000,0.050000,5.950000,4.240000
1773986623.233450,0.020000,-0.050000,0.020000,4.120000,4.240000
1773986623.233450,0.090000,-0.150000,0.090000,3.180000,4.250000
1773986623.233450,0.030000,-0.060000,0.030000,5.810000,4.260000
1773986623.233450,-0.000000,0.000000,-0.000000,3.850000,4.260000
1773986623.233450,0.110000,-0.170000,0.070000,3.890000,4.270000
1773986623.233450,0.030000,-0.060000,0.030000,5.540000,4.280000
1773986623.233450,-0.000000,0.000000,-0.000000,3.530000,4.280000
1773986623.233450,0.120000,-0.210000,0.090000,4.780000,4.290000
1773986623.233450,0.020000,-0.050000,0.030000,5.080000,4.300000
1773986623.233450,-0.000000,0.000000,-0.000000,3.170000,4.300000
1773986623.233450,0.120000,-0.200000,0.090000,5.500000,4.310000
1773986623.233450,0.010000,-0.030000,0.020000,4.590000,4.310000
1773986623.233450,0.060000,-0.060000,0.030000,3.020000,4.320000
1773986623.233450,0.070000,-0.160000,0.060000,5.880000,4.330000
1773986623.233450,-0.000000,-0.000000,0.000000,4.090000,4.330000
1773986623.233450,0.100000,-0.170000,0.070000,3.510000,4.340000
1773986623.233450,0.030000,-0.060000,0.030000,5.680000,4.350000
1773986623.233450,-0.000000,0.000000,-0.000000,3.650000,4.350000
1773986623.233450,0.120000,-0.190000,0.090000,4.490000,4.360000
1773986623.233450,0.020000,-0.050000,0.030000,5.210000,4.360000
1773986623.233450,-0.000000,0.000000,-0.000000,3.270000,4.370000
1773986623.233450,0.120000,-0.190000,0.100000,5.370000,4.380000
1773986623.233450,0.020000,-0.050000,0.020000,4.760000,4.380000
1773986623.233450,0.030000,-0.030000,0.020000,3.040000,4.390000
1773986623.233450,0.100000,-0.200000,0.080000,5.880000,4.400000
1773986623.233450,-0.000000,0.000000,-0.000000,4.270000,4.400000
1773986623.249096,0.090000,-0.170000,0.070000,3.290000,4.410000
1773986623.249096,0.030000,-0.060000,0.030000,5.840000,4.410000
1773986623.249096,-0.000000,0.000000,-0.000000,3.800000,4.420000
1773986623.249096,0.110000,-0.200000,0.080000,4.320000,4.430000
1773986623.249096,0.020000,-0.050000,0.020000,5.340000,4.430000
1773986623.249096,-0.000000,0.000000,-0.000000,3.330000,4.440000
1773986623.249096,0.120000,-0.210000,0.090000,5.170000,4.450000
1773986623.249096,0.020000,-0.050000,0.020000,4.830000,4.450000
1773986623.249096,0.020000,-0.000000,0.000000,3.080000,4.460000
1773986623.249096,0.110000,-0.200000,0.080000,5.730000,4.460000
1773986623.249096,-0.000000,-0.010000,0.000000,4.320000,4.470000
1773986623.249096,0.090000,-0.160000,0.090000,3.170000,4.480000
1773986623.249096,0.030000,-0.080000,0.040000,5.900000,4.480000
1773986623.249096,-0.000000,0.000000,-0.000000,3.870000,4.490000
1773986623.249096,0.110000,-0.200000,0.080000,4.090000,4.500000
1773986623.249096,0.030000,-0.060000,0.030000,5.430000,4.500000
1773986623.256807,-0.000000,0.000000,-0.000000,3.420000,4.510000
1773986623.256807,0.120000,-0.220000,0.100000,5.080000,4.520000
1773986623.256807,0.020000,-0.050000,0.020000,4.960000,4.520000
1773986623.256807,0.010000,0.000000,-0.000000,3.090000,4.530000
1773986623.256807,0.120000,-0.210000,0.090000,5.610000,4.530000
1773986623.256807,0.010000,-0.030000,0.010000,4.470000,4.540000
1773986623.256807,0.090000,-0.140000,0.080000,3.110000,4.550000
1773986623.256807,0.030000,-0.130000,0.050000,5.910000,4.550000
1773986623.256807,-0.000000,0.000000,-0.000000,3.980000,4.560000
1773986623.256807,0.110000,-0.190000,0.070000,3.890000,4.570000
1773986623.256807,0.020000,-0.050000,0.030000,5.520000,4.570000
1773986623.256807,-0.000000,0.000000,-0.000000,3.490000,4.580000
1773986623.256807,0.070000,-0.130000,0.090000,4.880000,4.580000
1773986623.256807,0.020000,-0.050000,0.030000,5.010000,4.590000
1773986623.256807,-0.000000,0.000000,-0.000000,3.150000,4.600000
1773986623.256807,0.120000,-0.210000,0.090000,5.540000,4.600000
1773986623.265078,0.010000,-0.030000,0.020000,4.520000,4.610000
1773986623.265078,0.070000,-0.110000,0.060000,3.080000,4.620000
1773986623.265078,0.040000,-0.160000,0.060000,5.970000,4.620000
1773986623.265078,-0.000000,0.000000,-0.000000,4.020000,4.630000
1773986623.265078,0.100000,-0.180000,0.070000,3.780000,4.630000
1773986623.265078,0.030000,-0.060000,0.030000,5.550000,4.640000
1773986623.265078,-0.000000,0.000000,-0.000000,3.550000,4.650000
1773986623.265078,0.120000,-0.220000,0.090000,4.810000,4.650000
1773986623.265078,0.020000,-0.050000,0.030000,5.080000,4.660000
1773986623.265078,-0.000000,0.000000,-0.000000,3.180000,4.670000
1773986623.265078,0.120000,-0.210000,0.090000,5.480000,4.670000
1773986623.265078,0.010000,-0.040000,0.020000,4.590000,4.680000
1773986623.265078,0.070000,-0.070000,0.040000,3.040000,4.680000
1773986623.265078,0.070000,-0.170000,0.070000,5.880000,4.690000
1773986623.265078,-0.000000,0.000000,-0.000000,4.120000,4.700000
1773986623.265078,0.100000,-0.160000,0.070000,3.550000,4.700000
1773986623.312303,0.030000,-0.060000,0.030000,5.680000,4.710000
1773986623.312303,-0.000000,0.000000,-0.000000,3.640000,4.720000
1773986623.312303,0.120000,-0.200000,0.090000,4.560000,4.720000
1773986623.312303,0.020000,-0.050000,0.030000,5.190000,4.730000
1773986623.312303,-0.000000,0.000000,-0.000000,3.220000,4.730000
1773986623.312303,0.120000,-0.210000,0.090000,5.350000,4.740000
1773986623.312303,0.020000,-0.040000,0.020000,4.700000,4.750000
1773986623.312303,0.050000,-0.040000,0.030000,3.000000,4.750000
1773986623.312303,0.090000,-0.180000,0.070000,5.840000,4.760000
1773986623.312303,-0.000000,-0.010000,0.010000,4.200000,4.770000
1773986623.312303,0.100000,-0.150000,0.070000,3.360000,4.770000
1773986623.312303,0.030000,-0.060000,0.030000,5.810000,4.780000
1773986623.312303,-0.000000,0.000000,-0.000000,3.730000,4.790000
1773986623.312303,0.130000,-0.190000,0.080000,4.380000,4.790000
1773986623.312303,0.030000,-0.060000,0.030000,5.280000,4.800000
1773986623.312303,-0.000000,0.000000,-0.000000,3.310000,4.800000
1773986623.315164,0.120000,-0.220000,0.090000,5.230000,4.810000
1773986623.315164,0.020000,-0.040000,0.020000,4.790000,4.820000
1773986623.315164,0.030000,-0.010000,0.010000,3.040000,4.820000
1773986623.315164,0.110000,-0.200000,0.080000,5.770000,4.830000
1773986623.315164,0.000000,-0.020000,0.010000,4.310000,4.840000
1773986623.315164,0.090000,-0.180000,0.090000,3.200000,4.840000
1773986623.315164,0.030000,-0.060000,0.030000,5.880000,4.850000
1773986623.315164,-0.000000,0.000000,-0.000000,3.820000,4.850000
1773986623.315164,0.110000,-0.190000,0.080000,4.200000,4.860000
1773986623.315164,0.030000,-0.050000,0.030000,5.390000,4.870000
1773986623.315164,-0.000000,0.000000,-0.000000,3.360000,4.870000
1773986623.315164,0.120000,-0.210000,0.090000,5.080000,4.880000
1773986623.315164,0.020000,-0.050000,0.020000,4.870000,4.890000
1773986623.315164,0.010000,-0.000000,0.000000,3.080000,4.890000
1773986623.315164,0.110000,-0.210000,0.090000,5.700000,4.900000
1773986623.315164,0.000000,-0.020000,0.010000,4.380000,4.900000
1773986623.361106,0.090000,-0.160000,0.090000,3.130000,4.910000
1773986623.361106,0.030000,-0.120000,0.050000,5.930000,4.920000
1773986623.361106,-0.000000,0.000000,-0.000000,3.910000,4.920000
1773986623.361106,0.110000,-0.190000,0.080000,4.090000,4.930000
1773986623.361106,0.030000,-0.060000,0.030000,5.480000,4.940000
1773986623.361106,-0.000000,0.000000,-0.000000,3.490000,4.940000
1773986623.361106,0.120000,-0.210000,0.090000,4.880000,4.950000
1773986623.361106,0.020000,-0.050000,0.030000,5.010000,4.950000
1773986623.361106,-0.000000,0.000000,-0.000000,3.130000,4.960000
1773986623.361106,0.120000,-0.210000,0.090000,5.570000,4.970000
1773986623.361106,-0.000000,0.000000,0.010000,4.520000,4.970000
1773986623.361106,0.070000,-0.110000,0.060000,3.080000,4.980000
1773986623.361106,0.040000,-0.170000,0.060000,6.080000,4.990000
1773986623.361106,-0.000000,-0.000000,0.000000,4.050000,4.990000
1773986623.361106,0.100000,-0.170000,0.070000,3.710000,5.000000
1773986623.361106,0.030000,-0.060000,0.030000,5.630000,5.010000
1773986623.361106,-0.000000,0.000000,-0.000000,3.600000,5.010000
1773986623.361106,0.120000,-0.200000,0.090000,4.650000,5.020000
1773986623.361106,0.020000,-0.040000,0.020000,5.120000,5.020000
1773986623.361106,-0.000000,0.000000,-0.000000,3.220000,5.030000
1773986623.361106,0.120000,-0.220000,0.090000,5.410000,5.040000
1773986623.361106,0.000000,-0.020000,0.010000,4.650000,5.040000
1773986623.361106,0.060000,-0.060000,0.040000,3.040000,5.050000
1773986623.361106,0.090000,-0.180000,0.070000,5.840000,5.060000
1773986623.361106,-0.000000,0.000000,-0.000000,4.160000,5.060000
1773986623.361106,0.100000,-0.150000,0.060000,3.360000,5.070000
1773986623.361106,0.030000,-0.050000,0.030000,5.730000,5.070000
1773986623.361106,-0.000000,0.000000,-0.000000,3.690000,5.080000
1773986623.361106,0.120000,-0.190000,0.090000,4.470000,5.090000
1773986623.361106,0.030000,-0.060000,0.030000,5.250000,5.090000
1773986623.361106,-0.000000,0.000000,-0.000000,3.260000,5.100000
1773986623.361106,0.120000,-0.220000,0.090000,5.300000,5.110000
1773986623.361106,0.020000,-0.040000,0.020000,4.740000,5.110000
1773986623.361106,0.040000,-0.030000,0.020000,3.040000,5.120000
1773986623.361106,0.110000,-0.190000,0.080000,5.810000,5.120000
1773986623.361106,-0.000000,0.000000,-0.000000,4.250000,5.130000
1773986623.361106,0.100000,-0.170000,0.080000,3.260000,5.140000
1773986623.361106,0.030000,-0.060000,0.030000,5.840000,5.140000
1773986623.361106,-0.000000,0.000000,-0.000000,3.800000,5.150000
1773986623.361106,0.110000,-0.180000,0.080000,4.210000,5.160000
1773986623.361106,0.030000,-0.060000,0.030000,5.390000,5.160000
1773986623.361106,-0.000000,0.000000,-0.000000,3.450000,5.170000
1773986623.361106,0.110000,-0.200000,0.090000,4.880000,5.170000
1773986623.361106,0.020000,-0.030000,0.020000,5.100000,5.180000
1773986623.361106,-0.000000,0.000000,-0.000000,3.330000,5.190000
1773986623.361106,0.090000,-0.190000,0.090000,5.120000,5.190000
1773986623.361106,0.010000,-0.030000,0.010000,4.960000,5.200000
1773986623.361106,-0.000000,0.000000,-0.000000,3.270000,5.210000
1773986623.377829,0.100000,-0.180000,0.080000,5.080000,5.210000
1773986623.377829,0.010000,-0.020000,0.020000,4.990000,5.220000
1773986623.377829,-0.000000,0.000000,-0.000000,3.260000,5.230000
1773986623.377829,0.100000,-0.180000,0.080000,5.060000,5.230000
1773986623.377829,0.000000,-0.010000,0.010000,4.990000,5.240000
1773986623.377829,-0.000000,0.000000,-0.000000,3.270000,5.240000
1773986623.377829,0.100000,-0.180000,0.080000,4.990000,5.250000
1773986623.377829,0.010000,-0.020000,0.010000,5.010000,5.260000
1773986623.377829,-0.000000,0.000000,-0.000000,3.270000,5.260000
1773986623.377829,0.090000,-0.160000,0.070000,4.870000,5.270000
1773986623.377829,0.010000,-0.020000,0.010000,4.990000,5.280000
1773986623.377829,-0.000000,0.000000,-0.000000,3.220000,5.280000
1773986623.377829,0.090000,-0.150000,0.070000,4.960000,5.290000
1773986623.377829,0.010000,-0.010000,0.010000,4.920000,5.290000
1773986623.377829,-0.000000,0.000000,-0.000000,3.220000,5.300000
1773986623.377829,0.080000,-0.140000,0.060000,4.780000,5.310000
1773986623.406832,0.010000,-0.030000,0.010000,4.880000,5.310000
1773986623.406832,-0.000000,0.000000,-0.000000,3.080000,5.320000
1773986623.406832,0.050000,-0.100000,0.050000,5.030000,5.330000
1773986623.406832,0.000000,-0.020000,0.010000,4.810000,5.330000
1773986623.406832,-0.000000,0.000000,-0.000000,2.910000,5.340000
1773986623.406832,0.020000,-0.050000,0.040000,5.630000,5.340000
1773986623.406832,-0.000000,0.000000,-0.000000,4.490000,5.350000
1773986623.406832,-0.000000,0.000000,-0.000000,2.640000,5.360000
1773986623.406832,0.020000,-0.050000,0.030000,6.100000,5.360000
1773986623.406832,-0.000000,0.000000,-0.000000,4.140000,5.370000
1773986623.406832,-0.000000,0.000000,-0.000000,2.460000,5.380000
1773986623.406832,0.020000,-0.040000,0.020000,5.770000,5.380000
1773986623.406832,-0.000000,0.000000,-0.000000,3.710000,5.390000
1773986623.406832,0.060000,-0.100000,0.030000,2.680000,5.390000
1773986623.406832,0.020000,-0.040000,0.020000,5.340000,5.400000
1773986623.406832,-0.000000,0.000000,-0.000000,3.290000,5.410000
1773986623.438464,0.040000,-0.080000,0.030000,3.870000,5.410000
1773986623.438464,0.000000,-0.020000,0.010000,4.900000,5.420000
1773986623.438464,-0.000000,0.000000,-0.000000,2.890000,5.430000
1773986623.438464,0.020000,-0.050000,0.040000,5.660000,5.430000
1773986623.438464,-0.000000,0.000000,-0.000000,4.470000,5.440000
1773986623.438464,-0.000000,0.000000,-0.000000,2.600000,5.450000
1773986623.438464,0.030000,-0.050000,0.020000,6.040000,5.450000
1773986623.438464,-0.000000,0.000000,-0.000000,4.030000,5.460000
1773986623.438464,0.020000,-0.030000,-0.000000,2.440000,5.460000
1773986623.438464,0.020000,-0.040000,0.020000,5.610000,5.470000
1773986623.438464,-0.000000,0.000000,-0.000000,3.600000,5.480000
1773986623.438464,0.050000,-0.110000,0.040000,2.790000,5.480000
1773986623.438464,0.010000,-0.030000,0.010000,5.210000,5.490000
1773986623.438464,-0.000000,0.000000,-0.000000,3.240000,5.500000
1773986623.438464,0.040000,-0.080000,0.030000,3.890000,5.500000
1773986623.438464,-0.000000,0.000000,0.000000,4.830000,5.510000
1773986623.438464,-0.000000,0.000000,-0.000000,2.860000,5.510000
1773986623.438464,0.020000,-0.050000,0.030000,5.820000,5.520000
1773986623.438464,-0.000000,0.000000,-0.000000,4.410000,5.530000
1773986623.438464,-0.000000,0.000000,-0.000000,2.620000,5.530000
1773986623.438464,0.020000,-0.050000,0.020000,6.040000,5.540000
1773986623.438464,-0.000000,0.000000,-0.000000,4.020000,5.550000
1773986623.438464,0.020000,-0.040000,-0.000000,2.480000,5.550000
1773986623.438464,0.020000,-0.040000,0.020000,5.680000,5.560000
1773986623.438464,-0.000000,0.000000,-0.000000,3.580000,5.560000
1773986623.438464,0.030000,-0.080000,0.050000,2.930000,5.570000
1773986623.438464,0.010000,-0.020000,0.020000,5.170000,5.580000
1773986623.438464,-0.000000,0.000000,-0.000000,3.130000,5.580000
1773986623.438464,0.040000,-0.070000,0.040000,4.780000,5.590000
1773986623.438464,-0.000000,-0.000000,-0.000000,4.720000,5.600000
1773986623.438464,-0.000000,0.000000,-0.000000,2.770000,5.600000
1773986623.438464,0.030000,-0.050000,0.030000,6.060000,5.610000
1773986623.442288,-0.000000,0.000000,-0.000000,4.250000,5.610000
1773986623.442288,-0.000000,0.000000,-0.000000,2.530000,5.620000
1773986623.442288,0.020000,-0.050000,0.020000,5.860000,5.630000
1773986623.442288,-0.000000,0.000000,-0.000000,3.820000,5.630000
1773986623.442288,0.040000,-0.080000,0.020000,2.570000,5.640000
1773986623.442288,0.020000,-0.040000,0.020000,5.460000,5.650000
1773986623.442288,-0.000000,0.000000,-0.000000,3.420000,5.650000
1773986623.442288,0.030000,-0.070000,0.050000,3.220000,5.660000
1773986623.442288,0.010000,-0.020000,0.010000,5.050000,5.670000
1773986623.442288,-0.000000,0.000000,-0.000000,3.020000,5.670000
1773986623.442288,0.030000,-0.080000,0.040000,5.260000,5.680000
1773986623.442288,-0.000000,0.000000,-0.000000,4.580000,5.680000
1773986623.442288,-0.000000,0.000000,-0.000000,2.700000,5.690000
1773986623.442288,0.030000,-0.050000,0.030000,6.150000,5.700000
1773986623.442288,-0.000000,0.000000,-0.000000,4.160000,5.700000
1773986623.442288,0.010000,-0.010000,-0.000000,2.480000,5.710000
1773986623.486121,0.020000,-0.050000,0.020000,5.770000,5.720000
1773986623.486121,-0.000000,0.000000,-0.000000,3.690000,5.720000
1773986623.486121,0.060000,-0.110000,0.030000,2.730000,5.730000
1773986623.486121,0.010000,-0.040000,0.020000,5.300000,5.730000
1773986623.486121,-0.000000,0.000000,-0.000000,3.270000,5.740000
1773986623.486121,0.040000,-0.080000,0.040000,3.980000,5.750000
1773986623.486121,0.000000,-0.010000,0.010000,4.920000,5.750000
1773986623.486121,-0.000000,0.000000,-0.000000,2.950000,5.760000
1773986623.486121,0.020000,-0.060000,0.040000,5.520000,5.770000
1773986623.486121,-0.000000,0.000000,-0.000000,4.470000,5.770000
1773986623.486121,-0.000000,0.000000,-0.000000,2.600000,5.780000
1773986623.486121,0.020000,-0.050000,0.030000,6.040000,5.780000
1773986623.486121,-0.000000,0.000000,-0.000000,4.020000,5.790000
1773986623.486121,0.020000,-0.040000,-0.000000,2.500000,5.800000
1773986623.486121,0.020000,-0.040000,0.020000,5.630000,5.800000
1773986623.486121,-0.000000,0.000000,-0.000000,3.580000,5.810000
1773986623.486121,0.030000,-0.080000,0.050000,2.950000,5.820000
1773986623.486121,0.010000,-0.030000,0.020000,5.190000,5.820000
1773986623.486121,-0.000000,0.000000,-0.000000,3.170000,5.830000
1773986623.486121,0.040000,-0.080000,0.040000,4.610000,5.830000
1773986623.486121,-0.000000,-0.000000,0.000000,4.760000,5.840000
1773986623.486121,-0.000000,0.000000,-0.000000,2.790000,5.850000
1773986623.486121,0.030000,-0.050000,0.030000,6.060000,5.850000
1773986623.486121,-0.000000,0.000000,-0.000000,4.290000,5.860000
1773986623.486121,-0.000000,0.000000,-0.000000,2.500000,5.870000
1773986623.486121,0.020000,-0.050000,0.020000,5.880000,5.870000
1773986623.486121,-0.000000,0.000000,-0.000000,3.850000,5.880000
1773986623.486121,0.040000,-0.070000,0.010000,2.500000,5.890000
1773986623.486121,0.020000,-0.040000,0.020000,5.430000,5.890000
1773986623.486121,-0.000000,0.000000,-0.000000,3.400000,5.900000
1773986623.486121,0.030000,-0.060000,0.050000,3.170000,5.900000
1773986623.486121,0.000000,-0.020000,0.010000,5.010000,5.910000
1773986623.486121,-0.000000,0.000000,-0.000000,3.020000,5.920000
1773986623.486121,0.030000,-0.060000,0.050000,5.260000,5.920000
1773986623.486121,-0.000000,0.000000,-0.000000,4.580000,5.930000
1773986623.486121,-0.000000,0.000000,-0.000000,2.620000,5.940000
1773986623.486121,0.020000,-0.050000,0.020000,6.110000,5.940000
1773986623.486121,-0.000000,0.000000,-0.000000,4.090000,5.950000
1773986623.486121,0.010000,0.000000,-0.000000,2.440000,5.950000
1773986623.486121,0.020000,-0.040000,0.020000,5.660000,5.960000
1773986623.486121,-0.000000,0.000000,-0.000000,3.640000,5.970000
1773986623.486121,0.060000,-0.080000,0.040000,2.710000,5.970000
1773986623.486121,0.010000,-0.030000,0.010000,5.210000,5.980000
1773986623.486121,-0.000000,0.000000,-0.000000,3.200000,5.990000
1773986623.486121,0.040000,-0.070000,0.030000,4.200000,5.990000
1773986623.486121,-0.000000,-0.000000,0.000000,4.790000,6.000000
1773986623.486121,-0.000000,0.000000,-0.000000,2.840000,6.000000
1773986623.486121,0.020000,-0.050000,0.030000,5.840000,6.010000
1773986623.502990,-0.000000,0.000000,-0.000000,4.340000,6.020000
1773986623.502990,-0.000000,0.000000,-0.000000,2.550000,6.020000
1773986623.502990,0.020000,-0.050000,0.020000,5.930000,6.030000
1773986623.502990,-0.000000,0.000000,-0.000000,3.910000,6.040000
1773986623.502990,0.040000,-0.070000,0.010000,2.510000,6.040000
1773986623.502990,0.020000,-0.040000,0.020000,5.540000,6.050000
1773986623.502990,-0.000000,0.000000,-0.000000,3.490000,6.050000
1773986623.502990,0.030000,-0.060000,0.050000,3.040000,6.060000
1773986623.502990,0.010000,-0.020000,0.010000,5.030000,6.070000
1773986623.502990,-0.000000,0.000000,-0.000000,3.040000,6.070000
1773986623.502990,0.030000,-0.070000,0.040000,5.190000,6.080000
1773986623.502990,-0.000000,0.000000,-0.000000,4.580000,6.090000
1773986623.502990,-0.000000,0.000000,-0.000000,2.660000,6.090000
1773986623.502990,0.030000,-0.050000,0.020000,6.110000,6.100000
1773986623.502990,-0.000000,0.000000,-0.000000,4.120000,6.110000
1773986623.502990,0.010000,0.000000,-0.000000,2.500000,6.110000
1773986623.549381,0.020000,-0.050000,0.020000,5.750000,6.120000
1773986623.549381,-0.000000,0.000000,-0.000000,3.710000,6.120000
1773986623.549381,0.060000,-0.070000,0.030000,2.700000,6.130000
1773986623.549381,0.010000,-0.040000,0.020000,5.340000,6.140000
1773986623.549381,-0.000000,0.000000,-0.000000,3.310000,6.140000
1773986623.549381,0.040000,-0.060000,0.030000,3.670000,6.150000
1773986623.549381,0.000000,-0.020000,0.010000,4.920000,6.160000
1773986623.549381,-0.000000,0.000000,-0.000000,2.890000,6.160000
1773986623.549381,0.020000,-0.070000,0.040000,5.640000,6.170000
1773986623.549381,-0.000000,0.000000,-0.000000,4.470000,6.170000
1773986623.549381,-0.000000,0.000000,-0.000000,2.600000,6.180000
1773986623.549381,0.020000,-0.050000,0.020000,6.060000,6.190000
1773986623.549381,-0.000000,0.000000,-0.000000,4.070000,6.190000
1773986623.549381,0.020000,-0.040000,-0.000000,2.590000,6.200000
1773986623.549381,0.020000,-0.050000,0.020000,5.770000,6.210000
1773986623.549381,-0.000000,0.000000,-0.000000,3.930000,6.210000
1773986623.549381,0.050000,-0.090000,0.020000,2.680000,6.220000
1773986623.549381,0.020000,-0.050000,0.020000,5.700000,6.220000
1773986623.549381,-0.000000,0.000000,-0.000000,3.830000,6.230000
1773986623.549381,0.050000,-0.110000,0.050000,3.040000,6.240000
1773986623.549381,0.020000,-0.050000,0.030000,5.680000,6.240000
1773986623.549381,-0.000000,0.000000,-0.000000,3.890000,6.250000
1773986623.549381,0.050000,-0.110000,0.050000,3.020000,6.260000
1773986623.549381,0.020000,-0.050000,0.030000,5.720000,6.260000
1773986623.549381,-0.000000,0.000000,-0.000000,3.820000,6.270000
1773986623.549381,0.050000,-0.120000,0.060000,3.150000,6.270000
1773986623.549381,0.020000,-0.050000,0.030000,5.610000,6.280000
1773986623.549381,-0.000000,0.000000,-0.000000,3.780000,0.000000
1773986623.549381,0.060000,-0.120000,0.070000,3.380000,0.010000
1773986623.549381,0.020000,-0.050000,0.020000,5.520000,0.020000
1773986623.549381,-0.000000,0.000000,-0.000000,3.580000,0.020000
1773986623.549381,0.070000,-0.170000,0.090000,4.160000,0.030000
1773986623.560933,0.010000,-0.030000,0.020000,5.210000,0.040000
1773986623.560933,-0.000000,0.000000,-0.000000,3.330000,0.040000
1773986623.560933,0.070000,-0.180000,0.100000,4.940000,0.050000
1773986623.560933,0.000000,-0.010000,0.020000,4.920000,0.050000
1773986623.560933,-0.000000,0.000000,-0.000000,3.040000,0.060000
1773986623.560933,0.060000,-0.170000,0.100000,5.660000,0.070000
1773986623.560933,-0.000000,0.000000,-0.000000,4.380000,0.070000
1773986623.560933,0.070000,-0.130000,0.040000,2.980000,0.080000
1773986623.560933,0.020000,-0.060000,0.030000,5.880000,0.090000
1773986623.560933,-0.000000,0.000000,-0.000000,3.730000,0.090000
1773986623.560933,0.090000,-0.190000,0.110000,4.450000,0.100000
1773986623.560933,0.010000,-0.040000,0.020000,5.160000,0.100000
1773986623.560933,-0.000000,0.000000,-0.000000,3.130000,0.110000
1773986623.560933,0.070000,-0.200000,0.120000,5.550000,0.120000
1773986623.560933,-0.000000,0.000000,-0.000000,4.470000,0.120000
1773986623.560933,0.070000,-0.100000,0.040000,3.000000,0.130000
1773986623.560933,0.030000,-0.060000,0.030000,5.910000,0.140000
1773986623.560933,-0.000000,0.000000,-0.000000,3.740000,0.140000
1773986623.560933,0.080000,-0.190000,0.100000,4.320000,0.150000
1773986623.560933,0.020000,-0.030000,0.020000,5.230000,0.150000
1773986623.560933,-0.000000,0.000000,-0.000000,3.170000,0.160000
1773986623.560933,0.080000,-0.200000,0.120000,5.500000,0.170000
1773986623.560933,-0.000000,0.000000,-0.000000,4.540000,0.170000
1773986623.560933,0.060000,-0.040000,0.010000,2.970000,0.180000
1773986623.560933,0.030000,-0.050000,0.060000,5.950000,0.190000
1773986623.560933,-0.000000,0.000000,-0.000000,3.910000,0.190000
1773986623.560933,0.080000,-0.170000,0.100000,3.940000,0.200000
1773986623.560933,0.020000,-0.040000,0.020000,5.390000,0.210000
1773986623.560933,-0.000000,0.000000,-0.000000,3.310000,0.210000
1773986623.560933,0.090000,-0.200000,0.110000,5.190000,0.220000
1773986623.560933,-0.000000,0.000000,0.000000,4.740000,0.220000
1773986623.560933,0.030000,-0.000000,-0.000000,2.970000,0.230000
1773986623.612541,0.030000,-0.150000,0.090000,5.930000,0.240000
1773986623.612541,-0.000000,0.000000,-0.000000,4.110000,0.240000
1773986623.612541,0.070000,-0.150000,0.090000,3.450000,0.250000
1773986623.612541,0.020000,-0.050000,0.020000,5.590000,0.260000
1773986623.612541,-0.000000,0.000000,-0.000000,3.440000,0.260000
1773986623.612541,0.090000,-0.200000,0.120000,5.010000,0.270000
1773986623.612541,0.000000,-0.020000,0.010000,4.850000,0.270000
1773986623.612541,0.010000,0.000000,-0.000000,2.950000,0.280000
1773986623.612541,0.040000,-0.160000,0.100000,5.840000,0.290000
1773986623.612541,-0.000000,0.000000,-0.000000,4.120000,0.290000
1773986623.612541,0.070000,-0.150000,0.090000,3.440000,0.300000
1773986623.612541,0.020000,-0.050000,0.030000,5.610000,0.310000
1773986623.612541,-0.000000,0.000000,-0.000000,3.490000,0.310000
1773986623.612541,0.090000,-0.210000,0.120000,4.900000,0.320000
1773986623.612541,0.010000,-0.030000,0.010000,4.940000,0.320000
1773986623.612541,0.000000,0.000000,-0.000000,3.000000,0.330000
1773986623.612541,0.050000,-0.180000,0.110000,5.790000,0.340000
1773986623.612541,-0.000000,0.000000,-0.000000,4.270000,0.340000
1773986623.612541,0.070000,-0.120000,0.050000,3.150000,0.350000
1773986623.612541,0.030000,-0.050000,0.030000,5.770000,0.360000
1773986623.612541,-0.000000,0.000000,-0.000000,3.620000,0.360000
1773986623.612541,0.090000,-0.190000,0.110000,4.580000,0.370000
1773986623.612541,0.010000,-0.030000,0.020000,5.050000,0.370000
1773986623.612541,-0.000000,0.000000,-0.000000,3.040000,0.380000
1773986623.612541,0.060000,-0.190000,0.110000,5.660000,0.390000
1773986623.612541,-0.000000,0.000000,-0.000000,4.310000,0.390000
1773986623.612541,0.070000,-0.120000,0.050000,3.090000,0.400000
1773986623.612541,0.030000,-0.050000,0.030000,5.790000,0.410000
1773986623.612541,-0.000000,0.000000,-0.000000,3.650000,0.410000
1773986623.612541,0.090000,-0.190000,0.110000,4.500000,0.420000
1773986623.612541,0.020000,-0.030000,0.020000,5.140000,0.430000
1773986623.612541,-0.000000,0.000000,-0.000000,3.130000,0.430000
1773986623.614209,0.080000,-0.200000,0.110000,5.540000,0.440000
1773986623.614209,-0.000000,0.000000,-0.000000,4.470000,0.440000
1773986623.614209,0.070000,-0.070000,0.020000,2.980000,0.450000
1773986623.614209,0.030000,-0.050000,0.030000,5.910000,0.460000
1773986623.614209,-0.000000,0.000000,-0.000000,3.780000,0.460000
1773986623.614209,0.080000,-0.180000,0.100000,4.270000,0.470000
1773986623.614209,0.020000,-0.040000,0.020000,5.250000,0.480000
1773986623.614209,-0.000000,0.000000,-0.000000,3.180000,0.480000
1773986623.614209,0.080000,-0.190000,0.110000,5.260000,0.490000
1773986623.614209,-0.000000,0.000000,-0.000000,4.560000,0.490000
1773986623.614209,0.070000,-0.050000,0.010000,2.970000,0.500000
1773986623.614209,0.030000,-0.090000,0.060000,5.950000,0.510000
1773986623.614209,-0.000000,0.000000,-0.000000,3.890000,0.510000
1773986623.614209,0.080000,-0.170000,0.100000,3.980000,0.520000
1773986623.614209,0.020000,-0.040000,0.020000,5.370000,0.530000
1773986623.614209,-0.000000,0.000000,-0.000000,3.310000,0.530000
1773986623.623550,0.090000,-0.200000,0.120000,5.210000,0.540000
1773986623.623550,-0.000000,-0.010000,0.000000,4.680000,0.540000
1773986623.623550,0.050000,-0.020000,0.000000,2.950000,0.550000
1773986623.623550,0.030000,-0.130000,0.080000,5.910000,0.560000
1773986623.623550,-0.000000,0.000000,-0.000000,4.020000,0.560000
1773986623.623550,0.080000,-0.170000,0.090000,3.740000,0.570000
1773986623.623550,0.020000,-0.050000,0.030000,5.500000,0.580000
1773986623.623550,-0.000000,0.000000,-0.000000,3.360000,0.580000
1773986623.623550,0.090000,-0.200000,0.120000,5.140000,0.590000
1773986623.623550,0.000000,-0.020000,0.010000,4.810000,0.590000
1773986623.623550,0.020000,0.000000,-0.000000,2.980000,0.600000
1773986623.623550,0.040000,-0.170000,0.100000,5.820000,0.610000
1773986623.623550,-0.000000,0.000000,-0.000000,4.180000,0.610000
1773986623.623550,0.070000,-0.170000,0.080000,3.310000,0.620000
1773986623.623550,0.020000,-0.050000,0.030000,5.640000,0.630000
1773986623.623550,-0.000000,0.000000,-0.000000,3.550000,0.630000
1773986623.661139,0.090000,-0.200000,0.110000,4.740000,0.640000
1773986623.661139,0.010000,-0.030000,0.020000,5.010000,0.640000
1773986623.661139,-0.000000,0.000000,-0.000000,3.060000,0.650000
1773986623.661139,0.070000,-0.170000,0.110000,5.680000,0.660000
1773986623.661139,-0.000000,0.000000,-0.000000,4.340000,0.660000
1773986623.661139,0.060000,-0.120000,0.050000,3.060000,0.670000
1773986623.661139,0.030000,-0.060000,0.030000,5.790000,0.680000
1773986623.661139,-0.000000,0.000000,-0.000000,3.640000,0.680000
1773986623.661139,0.090000,-0.200000,0.110000,4.520000,0.690000
1773986623.661139,0.010000,-0.040000,0.020000,5.100000,0.700000
1773986623.661139,-0.000000,0.000000,-0.000000,3.090000,0.700000
1773986623.661139,0.070000,-0.180000,0.120000,5.720000,0.710000
1773986623.661139,-0.000000,0.000000,-0.000000,4.450000,0.710000
1773986623.661139,0.070000,-0.120000,0.030000,3.020000,0.720000
1773986623.661139,0.030000,-0.060000,0.030000,5.930000,0.730000
1773986623.661139,-0.000000,0.000000,-0.000000,3.820000,0.730000
1773986623.675075,0.090000,-0.190000,0.100000,4.180000,0.740000
1773986623.675075,0.020000,-0.040000,0.020000,5.250000,0.750000
1773986623.675075,-0.000000,0.000000,-0.000000,3.200000,0.750000
1773986623.675075,0.080000,-0.200000,0.120000,5.480000,0.760000
1773986623.675075,-0.000000,0.000000,-0.000000,4.590000,0.760000
1773986623.675075,0.060000,-0.090000,0.010000,2.950000,0.770000
1773986623.675075,0.030000,-0.100000,0.060000,5.970000,0.780000
1773986623.675075,-0.000000,0.000000,-0.000000,3.930000,0.780000
1773986623.675075,0.080000,-0.190000,0.100000,3.930000,0.790000
1773986623.675075,0.020000,-0.050000,0.020000,5.430000,0.800000
1773986623.675075,-0.000000,0.000000,-0.000000,3.310000,0.800000
1773986623.675075,0.090000,-0.210000,0.120000,5.190000,0.810000
1773986623.675075,0.000000,-0.020000,0.010000,4.740000,0.810000
1773986623.675075,0.020000,-0.000000,-0.000000,2.970000,0.820000
1773986623.675075,0.040000,-0.110000,0.090000,5.880000,0.830000
1773986623.675075,-0.000000,0.000000,-0.000000,4.140000,0.830000
1773986623.675075,0.070000,-0.150000,0.090000,3.400000,0.840000
1773986623.675075,0.020000,-0.050000,0.030000,5.640000,0.850000
1773986623.675075,-0.000000,0.000000,-0.000000,3.510000,0.850000
1773986623.675075,0.090000,-0.210000,0.110000,4.850000,0.860000
1773986623.675075,0.010000,-0.030000,0.010000,4.970000,0.860000
1773986623.675075,-0.000000,0.000000,-0.000000,3.040000,0.870000
1773986623.675075,0.060000,-0.160000,0.110000,5.770000,0.880000
1773986623.675075,-0.000000,0.000000,-0.000000,4.310000,0.880000
1773986623.675075,0.060000,-0.150000,0.050000,3.090000,0.890000
1773986623.675075,0.030000,-0.060000,0.030000,5.810000,0.900000
1773986623.675075,-0.000000,0.000000,-0.000000,3.650000,0.900000
1773986623.675075,0.090000,-0.200000,0.110000,4.520000,0.910000
1773986623.675075,0.010000,-0.040000,0.020000,5.100000,0.920000
1773986623.675075,-0.000000,0.000000,-0.000000,3.130000,0.920000
1773986623.675075,0.060000,-0.160000,0.110000,5.550000,0.930000
1773986623.675075,-0.000000,0.000000,-0.000000,4.470000,0.930000
1773986623.690140,0.070000,-0.120000,0.030000,3.000000,0.940000
1773986623.690140,0.030000,-0.050000,0.030000,5.930000,0.950000
1773986623.690140,-0.000000,0.000000,-0.000000,3.800000,0.950000
1773986623.690140,0.080000,-0.190000,0.100000,4.160000,0.960000
1773986623.690140,0.020000,-0.050000,0.020000,5.320000,0.970000
1773986623.690140,-0.000000,0.000000,-0.000000,3.310000,0.970000
1773986623.690140,0.080000,-0.200000,0.120000,5.160000,0.980000
1773986623.690140,0.010000,-0.040000,0.020000,4.880000,0.980000
1773986623.690140,-0.000000,0.000000,-0.000000,3.110000,0.990000
1773986623.690140,0.060000,-0.190000,0.120000,5.550000,1.000000
1773986623.690140,-0.000000,0.000000,0.000000,4.610000,1.000000
1773986623.690140,0.020000,-0.020000,-0.000000,3.000000,1.010000
1773986623.690140,0.030000,-0.170000,0.110000,5.860000,1.020000
1773986623.690140,-0.000000,0.000000,0.010000,4.430000,1.020000
1773986623.690140,0.040000,-0.060000,-0.000000,2.980000,1.030000
1773986623.690140,0.020000,-0.080000,0.090000,5.790000,1.030000
1773986623.721822,-0.000000,0.000000,-0.000000,4.360000,1.040000
1773986623.721822,0.040000,-0.010000,-0.000000,2.950000,1.050000
1773986623.721822,0.030000,-0.110000,0.080000,5.900000,1.050000
1773986623.721822,-0.000000,0.000000,-0.000000,4.270000,1.060000
1773986623.721822,0.060000,-0.030000,0.000000,2.930000,1.070000
1773986623.721822,0.030000,-0.060000,0.040000,5.990000,1.070000
1773986623.721822,-0.000000,0.000000,-0.000000,4.140000,1.080000
1773986623.721822,0.060000,-0.100000,0.010000,2.930000,1.080000
1773986623.721822,0.030000,-0.060000,0.030000,5.930000,1.090000
1773986623.721822,-0.000000,0.000000,-0.000000,4.110000,1.100000
1773986623.721822,0.060000,-0.070000,0.020000,2.820000,1.100000
1773986623.721822,0.030000,-0.050000,0.030000,5.750000,1.110000
1773986623.721822,-0.000000,0.000000,-0.000000,3.710000,1.120000
1773986623.721822,0.060000,-0.110000,0.070000,3.260000,1.120000
1773986623.721822,0.020000,-0.050000,0.020000,5.320000,1.130000
1773986623.721822,-0.000000,0.000000,-0.000000,3.440000,1.140000
1773986623.721822,0.050000,-0.120000,0.080000,3.530000,1.140000
1773986623.721822,0.020000,-0.040000,0.020000,5.050000,1.150000
1773986623.721822,-0.000000,0.000000,-0.000000,3.150000,1.150000
1773986623.721822,0.050000,-0.150000,0.100000,4.720000,1.160000
1773986623.721822,0.010000,-0.020000,0.020000,4.790000,1.170000
1773986623.721822,-0.000000,0.000000,-0.000000,2.890000,1.170000
1773986623.721822,0.020000,-0.100000,0.100000,5.720000,1.180000
1773986623.721822,-0.000000,0.000000,0.010000,4.470000,1.190000
1773986623.721822,-0.000000,0.000000,-0.000000,2.640000,1.190000
1773986623.721822,0.030000,-0.050000,0.030000,6.080000,1.200000
1773986623.721822,-0.000000,0.000000,-0.000000,4.140000,1.200000
1773986623.721822,0.010000,-0.010000,-0.000000,2.530000,1.210000
1773986623.721822,0.030000,-0.050000,0.030000,5.810000,1.220000
1773986623.721822,-0.000000,0.000000,-0.000000,3.800000,1.220000
1773986623.721822,0.050000,-0.050000,0.020000,2.660000,1.230000
1773986623.721822,0.020000,-0.050000,0.020000,5.440000,1.240000
1773986623.737526,-0.000000,0.000000,-0.000000,3.420000,1.240000
1773986623.737526,0.040000,-0.130000,0.080000,3.510000,1.250000
1773986623.737526,0.020000,-0.040000,0.020000,5.060000,1.250000
1773986623.737526,-0.000000,0.000000,-0.000000,3.130000,1.260000
1773986623.737526,0.040000,-0.140000,0.100000,4.940000,1.270000
1773986623.737526,0.010000,-0.020000,0.020000,4.700000,1.270000
1773986623.737526,-0.000000,0.000000,-0.000000,2.790000,1.280000
1773986623.737526,0.030000,-0.050000,0.080000,5.990000,1.290000
1773986623.737526,-0.000000,0.000000,0.000000,4.320000,1.290000
1773986623.737526,-0.000000,0.000000,-0.000000,2.570000,1.300000
1773986623.737526,0.030000,-0.050000,0.030000,5.930000,1.300000
1773986623.737526,-0.000000,0.000000,-0.000000,3.940000,1.310000
1773986623.737526,0.040000,-0.060000,0.000000,2.570000,1.320000
1773986623.737526,0.030000,-0.050000,0.020000,5.570000,1.320000
1773986623.737526,-0.000000,0.000000,-0.000000,3.560000,1.330000
1773986623.737526,0.030000,-0.110000,0.030000,3.080000,1.340000
1773986623.753583,0.020000,-0.040000,0.020000,5.170000,1.340000
1773986623.753583,-0.000000,0.000000,-0.000000,3.220000,1.350000
1773986623.753583,0.050000,-0.150000,0.090000,4.270000,1.350000
1773986623.753583,0.010000,-0.030000,0.020000,4.870000,1.360000
1773986623.753583,-0.000000,0.000000,-0.000000,2.930000,1.370000
1773986623.753583,0.020000,-0.110000,0.100000,5.610000,1.370000
1773986623.753583,0.000000,-0.010000,0.010000,4.490000,1.380000
1773986623.753583,-0.000000,0.000000,-0.000000,2.660000,1.390000
1773986623.753583,0.030000,-0.050000,0.030000,6.100000,1.390000
1773986623.753583,-0.000000,0.000000,-0.000000,4.140000,1.400000
1773986623.753583,0.010000,-0.010000,-0.000000,2.570000,1.410000
1773986623.753583,0.030000,-0.050000,0.030000,5.820000,1.410000
1773986623.753583,-0.000000,0.000000,-0.000000,3.850000,1.420000
1773986623.753583,0.050000,-0.040000,0.010000,2.600000,1.420000
1773986623.753583,0.020000,-0.050000,0.030000,5.480000,1.430000
1773986623.753583,-0.000000,0.000000,-0.000000,3.450000,1.440000
1773986623.784983,0.040000,-0.130000,0.050000,3.260000,1.440000
1773986623.784983,0.020000,-0.040000,0.020000,5.050000,1.450000
1773986623.784983,-0.000000,0.000000,-0.000000,3.020000,1.460000
1773986623.784983,0.040000,-0.130000,0.100000,5.320000,1.460000
1773986623.784983,0.010000,-0.020000,0.010000,4.610000,1.470000
1773986623.784983,-0.000000,0.000000,-0.000000,2.710000,1.470000
1773986623.784983,0.030000,-0.050000,0.050000,6.150000,1.480000
1773986623.784983,-0.000000,0.000000,-0.000000,4.230000,1.490000
1773986623.784983,0.000000,-0.000000,-0.000000,2.570000,1.490000
1773986623.784983,0.030000,-0.050000,0.030000,5.900000,1.500000
1773986623.784983,-0.000000,0.000000,-0.000000,3.870000,1.510000
1773986623.784983,0.050000,-0.040000,0.010000,2.600000,1.510000
1773986623.784983,0.020000,-0.050000,0.020000,5.460000,1.520000
1773986623.784983,-0.000000,0.000000,-0.000000,3.490000,1.520000
1773986623.784983,0.040000,-0.120000,0.030000,3.180000,1.530000
1773986623.784983,0.020000,-0.040000,0.020000,5.170000,1.540000
1773986623.800757,-0.000000,0.000000,-0.000000,3.200000,1.540000
1773986623.800757,0.040000,-0.150000,0.100000,4.650000,1.550000
1773986623.800757,0.010000,-0.030000,0.020000,4.790000,1.560000
1773986623.800757,-0.000000,0.000000,-0.000000,2.890000,1.560000
1773986623.800757,0.020000,-0.100000,0.100000,5.750000,1.570000
1773986623.800757,0.000000,-0.000000,0.010000,4.470000,1.570000
1773986623.800757,-0.000000,0.000000,-0.000000,2.700000,1.580000
1773986623.800757,0.030000,-0.070000,0.040000,6.130000,1.590000
1773986623.800757,-0.000000,0.000000,-0.000000,4.160000,1.590000
1773986623.800757,0.020000,0.000000,-0.000000,2.600000,1.600000
1773986623.800757,0.030000,-0.050000,0.030000,5.840000,1.610000
1773986623.800757,-0.000000,0.000000,-0.000000,3.870000,1.610000
1773986623.800757,0.050000,-0.080000,0.010000,2.590000,1.620000
1773986623.800757,0.020000,-0.050000,0.020000,5.480000,1.630000
1773986623.800757,-0.000000,0.000000,-0.000000,3.450000,1.630000
1773986623.800757,0.040000,-0.090000,0.050000,3.270000,1.640000
1773986623.800757,0.020000,-0.040000,0.020000,5.050000,1.640000
1773986623.800757,-0.000000,0.000000,-0.000000,3.090000,1.650000
1773986623.800757,0.050000,-0.150000,0.100000,5.030000,1.660000
1773986623.800757,0.010000,-0.020000,0.020000,4.740000,1.660000
1773986623.800757,-0.000000,0.000000,-0.000000,2.880000,1.670000
1773986623.800757,0.020000,-0.130000,0.090000,5.720000,1.680000
1773986623.800757,0.000000,-0.000000,0.010000,4.450000,1.680000
1773986623.800757,-0.000000,0.000000,-0.000000,2.640000,1.690000
1773986623.800757,0.030000,-0.060000,0.030000,6.060000,1.690000
1773986623.800757,-0.000000,0.000000,-0.000000,4.140000,1.700000
1773986623.800757,0.010000,0.000000,-0.000000,2.510000,1.710000
1773986623.800757,0.030000,-0.050000,0.020000,5.790000,1.710000
1773986623.800757,-0.000000,0.000000,-0.000000,3.740000,1.720000
1773986623.800757,0.060000,-0.090000,0.020000,2.710000,1.730000
1773986623.800757,0.020000,-0.050000,0.020000,5.390000,1.730000
1773986623.800757,-0.000000,0.000000,-0.000000,3.400000,1.740000
1773986623.816657,0.040000,-0.100000,0.060000,3.380000,1.740000
1773986623.816657,0.020000,-0.040000,0.020000,5.060000,1.750000
1773986623.816657,-0.000000,0.000000,-0.000000,3.090000,1.760000
1773986623.816657,0.040000,-0.140000,0.100000,4.970000,1.760000
1773986623.816657,0.010000,-0.020000,0.020000,4.740000,1.770000
1773986623.816657,-0.000000,0.000000,-0.000000,2.890000,1.780000
1773986623.816657,0.020000,-0.130000,0.100000,5.720000,1.780000
1773986623.816657,0.000000,-0.000000,0.010000,4.430000,1.790000
1773986623.816657,-0.000000,0.000000,-0.000000,2.590000,1.790000
1773986623.816657,0.030000,-0.050000,0.030000,6.010000,1.800000
1773986623.816657,-0.000000,0.000000,-0.000000,4.020000,1.810000
1773986623.816657,0.030000,-0.010000,-0.000000,2.550000,1.810000
1773986623.816657,0.030000,-0.050000,0.030000,5.630000,1.820000
1773986623.816657,-0.000000,0.000000,-0.000000,3.650000,1.830000
1773986623.816657,0.060000,-0.070000,0.020000,2.770000,1.830000
1773986623.816657,0.020000,-0.040000,0.020000,5.260000,1.840000
1773986623.861529,-0.000000,0.000000,-0.000000,3.240000,1.840000
1773986623.861529,0.050000,-0.130000,0.090000,4.430000,1.850000
1773986623.861529,0.010000,-0.030000,0.020000,4.850000,1.860000
1773986623.861529,-0.000000,0.000000,-0.000000,2.930000,1.860000
1773986623.861529,0.020000,-0.100000,0.100000,5.660000,1.870000
1773986623.861529,0.000000,-0.010000,0.010000,4.490000,1.880000
1773986623.861529,-0.000000,0.000000,-0.000000,2.680000,1.880000
1773986623.861529,0.030000,-0.050000,0.030000,6.110000,1.890000
1773986623.861529,-0.000000,0.000000,-0.000000,4.200000,1.900000
1773986623.861529,0.010000,0.000000,-0.000000,2.530000,1.900000
1773986623.861529,0.030000,-0.050000,0.030000,5.860000,1.910000
1773986623.861529,-0.000000,0.000000,-0.000000,3.870000,1.910000
1773986623.861529,0.050000,-0.030000,0.010000,2.620000,1.920000
1773986623.861529,0.020000,-0.050000,0.030000,5.570000,1.930000
1773986623.861529,-0.000000,0.000000,-0.000000,3.560000,1.930000
1773986623.861529,0.030000,-0.110000,0.030000,3.080000,1.940000
1773986623.861529,0.020000,-0.040000,0.020000,5.140000,1.950000
1773986623.861529,-0.000000,0.000000,-0.000000,3.130000,1.950000
1773986623.861529,0.040000,-0.140000,0.100000,4.960000,1.960000
1773986623.861529,0.010000,-0.020000,0.020000,4.700000,1.960000
1773986623.861529,-0.000000,0.000000,-0.000000,2.770000,1.970000
1773986623.861529,0.030000,-0.100000,0.080000,6.060000,1.980000
1773986623.861529,-0.000000,0.000000,0.000000,4.290000,1.980000
1773986623.861529,-0.000000,0.000000,-0.000000,2.590000,1.990000
1773986623.861529,0.030000,-0.050000,0.030000,5.910000,2.000000
1773986623.861529,-0.000000,0.000000,-0.000000,3.980000,2.000000
1773986623.861529,0.040000,-0.020000,0.000000,2.660000,2.010000
1773986623.861529,0.020000,-0.050000,0.020000,5.730000,2.010000
1773986623.861529,-0.000000,0.000000,-0.000000,3.830000,2.020000
1773986623.861529,0.060000,-0.080000,0.030000,2.880000,2.030000
1773986623.861529,0.020000,-0.050000,0.020000,5.500000,2.030000
1773986623.861529,-0.000000,0.000000,-0.000000,3.740000,2.040000
1773986623.864902,0.060000,-0.110000,0.050000,3.240000,2.050000
1773986623.864902,0.030000,-0.060000,0.030000,5.680000,2.050000
1773986623.864902,-0.000000,0.000000,-0.000000,3.980000,2.060000
1773986623.864902,0.060000,-0.040000,0.010000,2.950000,2.060000
1773986623.864902,0.030000,-0.060000,0.030000,5.900000,2.070000
1773986623.864902,-0.000000,0.000000,-0.000000,4.230000,2.080000
1773986623.864902,0.020000,0.000000,-0.000000,2.930000,2.080000
1773986623.864902,0.050000,-0.090000,0.090000,5.910000,2.090000
1773986623.864902,0.000000,-0.010000,0.010000,4.490000,2.100000
1773986623.864902,0.010000,-0.010000,-0.000000,3.060000,2.100000
1773986623.864902,0.090000,-0.220000,0.120000,5.590000,2.110000
1773986623.864902,0.010000,-0.030000,0.020000,4.680000,2.120000
1773986623.864902,-0.000000,0.000000,-0.000000,3.060000,2.120000
1773986623.864902,0.090000,-0.220000,0.120000,5.460000,2.130000
1773986623.864902,0.020000,-0.030000,0.020000,4.700000,2.130000
1773986623.864902,0.010000,-0.010000,-0.000000,3.060000,2.140000
1773986623.881367,0.080000,-0.220000,0.120000,5.630000,2.150000
1773986623.881367,-0.000000,-0.010000,-0.000000,4.590000,2.150000
1773986623.881367,0.030000,-0.010000,-0.000000,2.980000,2.160000
1773986623.881367,0.090000,-0.210000,0.110000,5.860000,2.170000
1773986623.881367,-0.000000,-0.000000,-0.000000,4.340000,2.170000
1773986623.881367,0.070000,-0.070000,0.020000,3.000000,2.180000
1773986623.881367,0.040000,-0.110000,0.040000,5.970000,2.180000
1773986623.881367,-0.000000,0.000000,-0.000000,3.910000,2.190000
1773986623.881367,0.110000,-0.220000,0.100000,3.890000,2.200000
1773986623.881367,0.030000,-0.050000,0.020000,5.430000,2.200000
1773986623.881367,-0.000000,0.000000,-0.000000,3.360000,2.210000
1773986623.881367,0.120000,-0.240000,0.120000,5.120000,2.220000
1773986623.881367,0.020000,-0.040000,0.010000,4.810000,2.220000
1773986623.881367,0.010000,0.000000,-0.000000,2.950000,2.230000
1773986623.881367,0.090000,-0.210000,0.100000,5.900000,2.230000
1773986623.881367,-0.000000,-0.000000,-0.000000,4.090000,2.240000
1773986623.929852,0.100000,-0.200000,0.090000,3.560000,2.250000
1773986623.929852,0.030000,-0.060000,0.030000,5.570000,2.250000
1773986623.929852,-0.000000,0.000000,-0.000000,3.450000,2.260000
1773986623.929852,0.120000,-0.240000,0.120000,4.960000,2.270000
1773986623.929852,0.020000,-0.050000,0.020000,4.880000,2.270000
1773986623.929852,-0.000000,0.000000,-0.000000,2.950000,2.280000
1773986623.929852,0.090000,-0.180000,0.110000,5.880000,2.280000
1773986623.929852,0.010000,-0.030000,0.020000,4.210000,2.290000
1773986623.929852,0.090000,-0.140000,0.070000,3.110000,2.300000
1773986623.929852,0.030000,-0.060000,0.030000,5.700000,2.300000
1773986623.929852,-0.000000,0.000000,-0.000000,3.560000,2.310000
1773986623.929852,0.120000,-0.240000,0.110000,4.650000,2.320000
1773986623.929852,0.020000,-0.050000,0.030000,5.030000,2.320000
1773986623.929852,-0.000000,0.000000,-0.000000,3.000000,2.330000
1773986623.929852,0.100000,-0.210000,0.120000,5.810000,2.340000
1773986623.929852,0.010000,-0.030000,0.020000,4.290000,2.340000
1773986623.929852,0.090000,-0.140000,0.070000,3.060000,2.350000
1773986623.929852,0.030000,-0.060000,0.030000,5.770000,2.350000
1773986623.929852,-0.000000,0.000000,-0.000000,3.640000,2.360000
1773986623.929852,0.120000,-0.240000,0.110000,4.540000,2.370000
1773986623.929852,0.020000,-0.060000,0.030000,5.080000,2.370000
1773986623.929852,-0.000000,0.000000,-0.000000,3.060000,2.380000
1773986623.929852,0.110000,-0.220000,0.120000,5.730000,2.390000
1773986623.929852,0.010000,-0.030000,0.020000,4.400000,2.390000
1773986623.929852,0.090000,-0.120000,0.060000,3.020000,2.400000
1773986623.929852,0.030000,-0.060000,0.030000,5.840000,2.400000
1773986623.929852,-0.000000,0.000000,-0.000000,3.730000,2.410000
1773986623.929852,0.120000,-0.230000,0.110000,4.360000,2.420000
1773986623.929852,0.020000,-0.050000,0.030000,5.160000,2.420000
1773986623.929852,-0.000000,0.000000,-0.000000,3.110000,2.430000
1773986623.929852,0.120000,-0.230000,0.120000,5.590000,2.440000
1773986623.929852,0.010000,-0.030000,0.010000,4.470000,2.440000
1773986623.929852,0.070000,-0.070000,0.030000,2.970000,2.450000
1773986623.929852,0.030000,-0.120000,0.050000,6.080000,2.450000
1773986623.929852,-0.000000,0.000000,-0.000000,3.830000,2.460000
1773986623.929852,0.110000,-0.220000,0.100000,4.210000,2.470000
1773986623.929852,0.030000,-0.060000,0.030000,5.300000,2.470000
1773986623.929852,-0.000000,0.000000,-0.000000,3.240000,2.480000
1773986623.929852,0.120000,-0.240000,0.120000,5.350000,2.490000
1773986623.929852,0.010000,-0.040000,0.020000,4.630000,2.490000
1773986623.929852,0.040000,-0.020000,0.010000,2.950000,2.500000
1773986623.929852,0.050000,-0.100000,0.050000,5.480000,2.500000
1773986623.929852,-0.000000,0.000000,-0.000000,3.980000,2.510000
1773986623.929852,0.110000,-0.210000,0.100000,3.760000,2.520000
1773986623.929852,0.030000,-0.060000,0.030000,5.460000,2.520000
1773986623.929852,-0.000000,0.000000,-0.000000,3.380000,2.530000
1773986623.929852,0.120000,-0.230000,0.120000,5.050000,2.540000
1773986623.929852,0.020000,-0.050000,0.020000,4.810000,2.540000
1773986623.974155,0.010000,-0.020000,-0.000000,2.930000,2.550000
1773986623.974155,0.090000,-0.170000,0.110000,5.910000,2.560000
1773986623.974155,-0.000000,-0.010000,0.010000,4.110000,2.560000
1773986623.974155,0.100000,-0.200000,0.090000,3.440000,2.570000
1773986623.974155,0.030000,-0.060000,0.030000,5.540000,2.570000
1773986623.974155,-0.000000,0.000000,-0.000000,3.420000,2.580000
1773986623.974155,0.120000,-0.240000,0.120000,5.010000,2.590000
1773986623.974155,0.020000,-0.050000,0.030000,4.810000,2.590000
1773986623.974155,0.010000,0.000000,-0.000000,2.930000,2.600000
1773986623.974155,0.090000,-0.210000,0.100000,5.880000,2.610000
1773986623.974155,-0.000000,-0.010000,0.010000,4.110000,2.610000
1773986623.974155,0.100000,-0.200000,0.090000,3.420000,2.620000
1773986623.974155,0.030000,-0.060000,0.030000,5.570000,2.620000
1773986623.974155,-0.000000,0.000000,-0.000000,3.440000,2.630000
1773986623.974155,0.120000,-0.230000,0.120000,4.970000,2.640000
1773986623.974155,0.020000,-0.050000,0.020000,4.870000,2.640000
1773986623.974155,0.000000,0.000000,-0.000000,2.980000,2.650000
1773986623.974155,0.100000,-0.220000,0.110000,5.820000,2.660000
1773986623.974155,-0.000000,-0.010000,0.010000,4.250000,2.660000
1773986623.974155,0.090000,-0.180000,0.070000,3.090000,2.670000
1773986623.974155,0.030000,-0.060000,0.030000,5.720000,2.670000
1773986623.974155,-0.000000,0.000000,-0.000000,3.580000,2.680000
1773986623.974155,0.120000,-0.240000,0.120000,4.720000,2.690000
1773986623.974155,0.020000,-0.050000,0.020000,5.060000,2.690000
1773986623.974155,-0.000000,0.000000,-0.000000,3.080000,2.700000
1773986623.974155,0.110000,-0.220000,0.120000,5.660000,2.710000
1773986623.974155,0.010000,-0.020000,0.010000,4.430000,2.710000
1773986623.974155,0.070000,-0.090000,0.050000,3.000000,2.720000
1773986623.974155,0.030000,-0.060000,0.030000,5.900000,2.720000
1773986623.974155,-0.000000,0.000000,-0.000000,3.800000,2.730000
1773986623.974155,0.110000,-0.210000,0.100000,4.200000,2.740000
1773986623.974155,0.030000,-0.050000,0.030000,5.280000,2.740000
1773986623.974155,-0.000000,0.000000,-0.000000,3.240000,2.750000
1773986623.974155,0.120000,-0.240000,0.120000,5.320000,2.760000
1773986623.974155,0.020000,-0.040000,0.020000,4.650000,2.760000
1773986623.974155,0.040000,-0.020000,0.010000,2.910000,2.770000
1773986623.974155,0.030000,-0.170000,0.080000,5.970000,2.780000
1773986623.974155,-0.000000,0.000000,-0.000000,3.960000,2.780000
1773986623.974155,0.110000,-0.210000,0.100000,3.800000,2.790000
1773986623.974155,0.030000,-0.060000,0.030000,5.460000,2.790000
1773986623.974155,-0.000000,0.000000,-0.000000,3.330000,2.800000
1773986623.974155,0.120000,-0.240000,0.120000,5.170000,2.810000
1773986623.974155,0.020000,-0.040000,0.020000,4.740000,2.810000
1773986623.974155,0.020000,0.000000,-0.000000,2.930000,2.820000
1773986623.974155,0.080000,-0.200000,0.100000,5.910000,2.830000
1773986623.974155,-0.000000,0.000000,-0.000000,4.090000,2.830000
1773986623.974155,0.100000,-0.180000,0.090000,3.420000,2.840000
1773986623.974155,0.030000,-0.060000,0.030000,5.590000,2.840000
1773986623.992710,-0.000000,0.000000,-0.000000,3.450000,2.850000
1773986623.992710,0.120000,-0.240000,0.120000,4.970000,2.860000
1773986623.992710,0.020000,-0.050000,0.020000,4.880000,2.860000
1773986623.992710,0.000000,0.000000,-0.000000,3.000000,2.870000
1773986623.992710,0.100000,-0.230000,0.110000,5.790000,2.880000
1773986623.992710,-0.000000,-0.010000,0.010000,4.250000,2.880000
1773986623.992710,0.090000,-0.180000,0.070000,3.130000,2.890000
1773986623.992710,0.030000,-0.060000,0.030000,5.730000,2.890000
1773986623.992710,-0.000000,0.000000,-0.000000,3.620000,2.900000
1773986623.992710,0.120000,-0.230000,0.110000,4.580000,2.910000
1773986623.992710,0.020000,-0.050000,0.030000,5.080000,2.910000
1773986623.992710,-0.000000,0.000000,-0.000000,3.080000,2.920000
1773986623.992710,0.110000,-0.240000,0.120000,5.630000,2.930000
1773986623.992710,0.010000,-0.030000,0.010000,4.400000,2.930000
1773986623.992710,0.080000,-0.100000,0.050000,3.000000,2.940000
1773986623.992710,0.030000,-0.060000,0.030000,5.860000,2.940000
1773986624.022523,-0.000000,0.000000,-0.000000,3.710000,2.950000
1773986624.022523,0.120000,-0.230000,0.110000,4.400000,2.960000
1773986624.022523,0.030000,-0.050000,0.030000,5.190000,2.960000
1773986624.022523,-0.000000,0.000000,-0.000000,3.200000,2.970000
1773986624.022523,0.120000,-0.240000,0.120000,5.440000,2.980000
1773986624.022523,0.010000,-0.040000,0.020000,4.580000,2.980000
1773986624.022523,0.050000,-0.030000,0.020000,2.910000,2.990000
1773986624.022523,0.030000,-0.150000,0.070000,6.080000,3.000000
1773986624.022523,-0.000000,0.000000,-0.000000,3.870000,3.000000
1773986624.022523,0.110000,-0.220000,0.100000,4.000000,3.010000
1773986624.022523,0.030000,-0.060000,0.030000,5.370000,3.010000
1773986624.022523,-0.000000,0.000000,-0.000000,3.270000,3.020000
1773986624.022523,0.120000,-0.240000,0.120000,5.210000,3.030000
1773986624.022523,0.020000,-0.040000,0.020000,4.700000,3.030000
1773986624.022523,0.020000,-0.000000,-0.000000,2.930000,3.040000
1773986624.022523,0.080000,-0.150000,0.100000,5.910000,3.050000
1773986624.061599,-0.000000,-0.010000,0.010000,4.050000,3.050000
1773986624.061599,0.100000,-0.180000,0.090000,3.490000,3.060000
1773986624.061599,0.030000,-0.060000,0.030000,5.550000,3.060000
1773986624.061599,-0.000000,0.000000,-0.000000,3.530000,3.070000
1773986624.061599,0.120000,-0.220000,0.100000,4.680000,3.080000
1773986624.061599,0.020000,-0.050000,0.020000,5.030000,3.080000
1773986624.061599,-0.000000,0.000000,-0.000000,3.060000,3.090000
1773986624.061599,0.120000,-0.230000,0.100000,5.610000,3.100000
1773986624.061599,0.010000,-0.020000,0.010000,4.470000,3.100000
1773986624.061599,0.040000,-0.080000,0.010000,2.890000,3.110000
1773986624.061599,0.030000,-0.060000,0.070000,5.990000,3.110000
1773986624.061599,0.020000,-0.040000,0.020000,4.050000,3.120000
1773986624.061599,0.090000,-0.170000,0.070000,3.110000,3.130000
1773986624.061599,0.030000,-0.060000,0.030000,5.660000,3.130000
1773986624.061599,0.010000,-0.010000,0.010000,3.620000,3.140000
1773986624.061599,0.110000,-0.200000,0.090000,4.070000,3.150000
1773986624.061599,0.030000,-0.060000,0.030000,5.280000,3.150000
1773986624.061599,-0.000000,0.000000,-0.000000,3.330000,3.160000
1773986624.061599,0.120000,-0.210000,0.100000,4.850000,3.160000
1773986624.061599,0.030000,-0.060000,0.030000,4.970000,3.170000
1773986624.061599,-0.000000,0.000000,-0.000000,3.090000,3.180000
1773986624.061599,0.110000,-0.210000,0.100000,5.390000,3.180000
1773986624.061599,0.020000,-0.040000,0.020000,4.670000,3.190000
1773986624.061599,-0.000000,-0.000000,-0.000000,2.800000,3.200000
1773986624.061599,0.060000,-0.110000,0.070000,5.950000,3.200000
1773986624.061599,-0.000000,-0.000000,0.010000,4.140000,3.210000
1773986624.061599,0.040000,-0.090000,0.030000,2.660000,3.210000
1773986624.061599,0.030000,-0.060000,0.030000,5.750000,3.220000
1773986624.061599,0.020000,-0.030000,0.020000,3.690000,3.230000
1773986624.061599,0.070000,-0.130000,0.070000,2.880000,3.230000
1773986624.061599,0.030000,-0.060000,0.030000,5.280000,3.240000
1773986624.061599,-0.000000,0.000000,0.000000,3.220000,3.250000
1773986624.108716,0.120000,-0.180000,0.050000,4.630000,3.250000
1773986624.108716,0.030000,-0.050000,0.030000,4.700000,3.260000
1773986624.108716,-0.000000,0.000000,-0.000000,2.660000,3.270000
1773986624.108716,0.030000,-0.060000,0.040000,6.130000,3.270000
1773986624.108716,0.020000,-0.040000,0.020000,4.020000,3.280000
1773986624.108716,0.020000,-0.020000,0.020000,2.500000,3.280000
1773986624.108716,0.030000,-0.060000,0.030000,5.520000,3.290000
1773986624.108716,0.000000,-0.010000,0.010000,3.420000,3.300000
1773986624.108716,0.100000,-0.120000,0.040000,3.560000,3.300000
1773986624.108716,0.030000,-0.050000,0.030000,4.920000,3.310000
1773986624.108716,-0.000000,0.000000,-0.000000,2.840000,3.320000
1773986624.108716,0.070000,-0.110000,0.050000,5.950000,3.320000
1773986624.108716,0.020000,-0.050000,0.020000,4.320000,3.330000
1773986624.108716,-0.000000,0.000000,-0.000000,2.510000,3.330000
1773986624.108716,0.030000,-0.060000,0.030000,5.860000,3.340000
1773986624.108716,0.010000,-0.040000,0.020000,3.740000,3.350000
1773986624.117409,0.060000,-0.100000,0.060000,2.840000,3.350000
1773986624.117409,0.030000,-0.060000,0.030000,5.190000,3.360000
1773986624.117409,-0.000000,0.000000,-0.000000,3.110000,3.370000
1773986624.117409,0.110000,-0.170000,0.060000,5.170000,3.370000
1773986624.117409,0.030000,-0.050000,0.030000,4.560000,3.380000
1773986624.117409,-0.000000,0.000000,-0.000000,2.570000,3.380000
1773986624.117409,0.030000,-0.050000,0.030000,6.010000,3.390000
1773986624.117409,0.020000,-0.040000,0.020000,3.890000,3.400000
1773986624.117409,0.040000,-0.050000,0.030000,2.590000,3.400000
1773986624.117409,0.030000,-0.060000,0.030000,5.460000,3.410000
1773986624.117409,0.000000,-0.010000,0.000000,3.290000,3.420000
1773986624.117409,0.110000,-0.160000,0.050000,4.580000,3.420000
1773986624.117409,0.030000,-0.050000,0.020000,4.720000,3.430000
1773986624.117409,-0.000000,0.000000,-0.000000,2.680000,3.430000
1773986624.117409,0.030000,-0.050000,0.040000,6.130000,3.440000
1773986624.117409,0.020000,-0.040000,0.020000,4.070000,3.450000
1773986624.117409,0.020000,-0.000000,0.000000,2.460000,3.450000
1773986624.117409,0.030000,-0.050000,0.020000,5.610000,3.460000
1773986624.117409,-0.000000,0.000000,-0.000000,3.530000,3.470000
1773986624.117409,0.070000,-0.120000,0.060000,2.950000,3.470000
1773986624.117409,0.020000,-0.050000,0.020000,5.100000,3.480000
1773986624.117409,-0.000000,0.000000,-0.000000,3.020000,3.490000
1773986624.117409,0.100000,-0.150000,0.050000,5.250000,3.490000
1773986624.117409,0.010000,-0.040000,0.020000,4.540000,3.500000
1773986624.117409,-0.000000,0.000000,-0.000000,2.600000,3.500000
1773986624.117409,0.030000,-0.060000,0.030000,6.060000,3.510000
1773986624.117409,0.000000,-0.020000,0.010000,4.070000,3.520000
1773986624.117409,0.010000,0.000000,-0.000000,2.480000,3.520000
1773986624.117409,0.030000,-0.060000,0.030000,5.680000,3.530000
1773986624.117409,-0.000000,-0.000000,0.000000,3.620000,3.540000
1773986624.117409,0.060000,-0.110000,0.060000,2.820000,3.540000
1773986624.117409,0.020000,-0.050000,0.030000,5.140000,3.550000
1773986624.117409,-0.000000,0.000000,-0.000000,2.980000,3.550000
1773986624.117409,0.100000,-0.150000,0.050000,5.660000,3.560000
1773986624.117409,0.020000,-0.050000,0.030000,4.400000,3.570000
1773986624.117409,-0.000000,0.000000,-0.000000,2.500000,3.570000
1773986624.117409,0.030000,-0.060000,0.030000,5.880000,3.580000
1773986624.117409,0.010000,-0.030000,0.020000,3.690000,3.590000
1773986624.117409,0.070000,-0.120000,0.060000,2.910000,3.590000
1773986624.117409,0.030000,-0.050000,0.030000,5.190000,3.600000
1773986624.117409,-0.000000,0.000000,-0.000000,3.060000,3.600000
1773986624.117409,0.110000,-0.170000,0.060000,5.390000,3.610000
1773986624.117409,0.030000,-0.050000,0.020000,4.560000,3.620000
1773986624.117409,-0.000000,0.000000,-0.000000,2.620000,3.620000
1773986624.117409,0.030000,-0.050000,0.030000,6.080000,3.630000
1773986624.117409,0.020000,-0.040000,0.020000,4.020000,3.640000
1773986624.117409,0.020000,-0.010000,0.010000,2.440000,3.640000
1773986624.117409,0.030000,-0.050000,0.030000,5.540000,3.650000
1773986624.132312,-0.000000,0.000000,-0.000000,3.400000,3.650000
1773986624.132312,0.100000,-0.150000,0.040000,3.440000,3.660000
1773986624.132312,0.020000,-0.050000,0.030000,4.960000,3.670000
1773986624.132312,-0.000000,0.000000,-0.000000,2.910000,3.670000
1773986624.132312,0.090000,-0.130000,0.050000,5.820000,3.680000
1773986624.132312,0.020000,-0.040000,0.020000,4.430000,3.690000
1773986624.132312,-0.000000,0.000000,-0.000000,2.530000,3.690000
1773986624.132312,0.030000,-0.060000,0.030000,5.970000,3.700000
1773986624.132312,0.010000,-0.020000,0.020000,3.820000,3.710000
1773986624.132312,0.040000,-0.070000,0.050000,2.660000,3.710000
1773986624.132312,0.030000,-0.050000,0.030000,5.320000,3.720000
1773986624.132312,-0.000000,0.000000,0.000000,3.240000,3.720000
1773986624.132312,0.110000,-0.170000,0.050000,4.490000,3.730000
1773986624.132312,0.030000,-0.050000,0.030000,4.720000,3.740000
1773986624.132312,-0.000000,0.000000,-0.000000,2.680000,3.740000
1773986624.132312,0.030000,-0.050000,0.040000,6.150000,3.750000
1773986624.164039,0.020000,-0.040000,0.020000,4.070000,3.760000
1773986624.164039,0.020000,-0.010000,0.010000,2.500000,3.760000
1773986624.164039,0.030000,-0.060000,0.030000,5.610000,3.770000
1773986624.164039,0.000000,-0.010000,0.010000,3.470000,3.770000
1773986624.164039,0.100000,-0.140000,0.040000,3.350000,3.780000
1773986624.164039,0.030000,-0.050000,0.030000,4.960000,3.790000
1773986624.164039,-0.000000,0.000000,-0.000000,2.840000,3.790000
1773986624.164039,0.070000,-0.110000,0.050000,5.930000,3.800000
1773986624.164039,0.020000,-0.040000,0.020000,4.290000,3.810000
1773986624.164039,-0.000000,0.000000,-0.000000,2.440000,3.810000
1773986624.164039,0.030000,-0.050000,0.030000,5.790000,3.820000
1773986624.164039,0.000000,-0.000000,0.010000,3.640000,3.820000
1773986624.164039,0.070000,-0.110000,0.070000,2.950000,3.830000
1773986624.164039,0.030000,-0.050000,0.030000,5.160000,3.840000
1773986624.164039,-0.000000,0.000000,-0.000000,3.060000,3.840000
1773986624.164039,0.100000,-0.160000,0.050000,5.370000,3.850000
1773986624.179933,0.020000,-0.050000,0.030000,4.500000,3.860000
1773986624.179933,-0.000000,0.000000,-0.000000,2.550000,3.860000
1773986624.179933,0.030000,-0.060000,0.030000,5.950000,3.870000
1773986624.179933,0.020000,-0.030000,0.020000,3.820000,3.870000
1773986624.179933,0.040000,-0.070000,0.040000,2.600000,3.880000
1773986624.179933,0.030000,-0.050000,0.030000,5.280000,3.890000
1773986624.179933,-0.000000,0.000000,-0.000000,3.150000,3.890000
1773986624.179933,0.110000,-0.160000,0.050000,4.990000,3.900000
1773986624.179933,0.030000,-0.050000,0.020000,4.610000,3.910000
1773986624.179933,-0.000000,0.000000,-0.000000,2.570000,3.910000
1773986624.179933,0.030000,-0.050000,0.030000,6.020000,3.920000
1773986624.179933,0.020000,-0.030000,0.020000,3.870000,3.930000
1773986624.179933,0.040000,-0.060000,0.040000,2.570000,3.930000
1773986624.179933,0.030000,-0.060000,0.030000,5.390000,3.940000
1773986624.179933,-0.000000,0.000000,-0.000000,3.270000,3.940000
1773986624.179933,0.110000,-0.160000,0.040000,4.270000,3.950000
1773986624.179933,0.030000,-0.050000,0.030000,4.760000,3.960000
1773986624.179933,-0.000000,0.000000,-0.000000,2.730000,3.960000
1773986624.179933,0.030000,-0.060000,0.040000,6.150000,3.970000
1773986624.179933,0.020000,-0.040000,0.020000,4.180000,3.980000
1773986624.179933,0.000000,0.000000,-0.000000,2.460000,3.980000
1773986624.179933,0.030000,-0.050000,0.030000,5.720000,3.990000
1773986624.179933,0.000000,-0.010000,0.010000,3.560000,3.990000
1773986624.179933,0.090000,-0.120000,0.070000,3.060000,4.000000
1773986624.179933,0.030000,-0.050000,0.030000,5.060000,4.010000
1773986624.179933,-0.000000,0.000000,-0.000000,2.970000,4.010000
1773986624.179933,0.100000,-0.140000,0.060000,5.640000,4.020000
1773986624.179933,0.020000,-0.050000,0.020000,4.410000,4.030000
1773986624.179933,-0.000000,0.000000,-0.000000,2.480000,4.030000
1773986624.179933,0.030000,-0.050000,0.030000,5.880000,4.040000
1773986624.179933,0.010000,-0.020000,0.020000,3.710000,4.040000
1773986624.179933,0.060000,-0.100000,0.060000,2.820000,4.050000
1773986624.185155,0.030000,-0.050000,0.030000,5.140000,4.060000
1773986624.185155,-0.000000,0.000000,-0.000000,3.000000,4.060000
1773986624.185155,0.100000,-0.160000,0.050000,5.480000,4.070000
1773986624.185155,0.020000,-0.050000,0.020000,4.490000,4.080000
1773986624.185155,-0.000000,0.000000,-0.000000,2.570000,4.080000
1773986624.185155,0.030000,-0.060000,0.030000,5.990000,4.090000
1773986624.185155,0.010000,-0.020000,0.020000,3.850000,4.090000
1773986624.185155,0.040000,-0.080000,0.050000,2.770000,4.100000
1773986624.185155,0.030000,-0.060000,0.030000,5.520000,4.110000
1773986624.185155,-0.000000,0.000000,-0.000000,3.620000,4.110000
1773986624.185155,0.100000,-0.130000,0.050000,3.470000,4.120000
1773986624.185155,0.030000,-0.060000,0.030000,5.250000,4.130000
1773986624.185155,0.000000,-0.000000,0.010000,3.440000,4.130000
1773986624.185155,0.100000,-0.170000,0.080000,4.360000,4.140000
1773986624.185155,0.030000,-0.060000,0.030000,5.260000,4.150000
1773986624.185155,0.010000,-0.010000,0.010000,3.550000,4.150000
1773986624.227252,0.110000,-0.180000,0.060000,4.000000,4.160000
1773986624.227252,0.020000,-0.050000,0.020000,5.320000,4.160000
1773986624.227252,-0.000000,0.000000,-0.000000,3.560000,4.170000
1773986624.227252,0.120000,-0.160000,0.060000,3.910000,4.180000
1773986624.242877,0.020000,-0.050000,0.020000,5.410000,4.180000
1773986624.242877,-0.000000,0.000000,-0.000000,3.650000,4.190000
1773986624.242877,0.100000,-0.160000,0.060000,3.910000,4.200000
1773986624.242877,0.030000,-0.050000,0.030000,5.480000,4.200000
1773986624.242877,-0.000000,0.000000,-0.000000,3.670000,4.210000
1773986624.242877,0.110000,-0.170000,0.070000,3.980000,4.210000
1773986624.242877,0.030000,-0.050000,0.030000,5.460000,4.220000
1773986624.242877,-0.000000,0.000000,-0.000000,3.640000,4.230000
1773986624.242877,0.120000,-0.200000,0.070000,4.270000,4.230000
1773986624.242877,0.030000,-0.060000,0.030000,5.370000,4.240000
1773986624.242877,-0.000000,0.000000,-0.000000,3.530000,4.250000
1773986624.242877,0.120000,-0.190000,0.080000,4.610000,4.250000
1773986624.242877,0.030000,-0.060000,0.030000,5.230000,4.260000
1773986624.242877,-0.000000,0.000000,-0.000000,3.360000,4.260000
1773986624.242877,0.120000,-0.210000,0.090000,5.010000,4.270000
1773986624.242877,0.020000,-0.050000,0.020000,4.960000,4.280000
1773986624.242877,-0.000000,0.000000,-0.000000,3.130000,4.280000
1773986624.242877,0.110000,-0.190000,0.090000,5.570000,4.290000
1773986624.242877,-0.000000,0.000000,-0.000000,4.560000,4.300000
1773986624.242877,0.060000,-0.130000,0.030000,3.000000,4.300000
1773986624.242877,0.060000,-0.200000,0.080000,6.370000,4.310000
1773986624.242877,-0.000000,-0.000000,-0.000000,4.120000,4.310000
1773986624.242877,0.100000,-0.170000,0.060000,3.380000,4.320000
1773986624.242877,0.030000,-0.060000,0.030000,5.730000,4.330000
1773986624.242877,-0.000000,0.000000,-0.000000,3.690000,4.330000
1773986624.242877,0.120000,-0.210000,0.090000,4.470000,4.340000
1773986624.242877,0.030000,-0.050000,0.030000,5.260000,4.350000
1773986624.242877,-0.000000,0.000000,-0.000000,3.310000,4.350000
1773986624.242877,0.120000,-0.220000,0.090000,5.210000,4.360000
1773986624.242877,0.020000,-0.040000,0.020000,4.810000,4.370000
1773986624.242877,0.020000,-0.000000,0.000000,3.040000,4.370000
1773986624.242877,0.100000,-0.230000,0.100000,6.260000,4.380000
1773986624.242877,0.000000,-0.020000,0.010000,4.320000,4.380000
1773986624.242877,0.090000,-0.160000,0.090000,3.130000,4.390000
1773986624.242877,0.030000,-0.050000,0.030000,5.880000,4.400000
1773986624.242877,-0.000000,0.000000,-0.000000,3.850000,4.400000
1773986624.242877,0.110000,-0.190000,0.090000,4.270000,4.410000
1773986624.242877,0.030000,-0.060000,0.030000,5.440000,4.420000
1773986624.242877,-0.000000,0.000000,-0.000000,3.450000,4.420000
1773986624.242877,0.120000,-0.220000,0.090000,4.960000,4.430000
1773986624.242877,0.020000,-0.050000,0.030000,4.970000,4.430000
1773986624.242877,0.000000,0.000000,-0.000000,3.110000,4.440000
1773986624.242877,0.120000,-0.210000,0.090000,5.590000,4.450000
1773986624.242877,0.010000,-0.030000,0.020000,4.490000,4.450000
1773986624.248526,0.080000,-0.130000,0.070000,3.080000,4.460000
1773986624.248526,0.030000,-0.140000,0.050000,5.910000,4.470000
1773986624.248526,-0.000000,0.000000,-0.000000,4.000000,4.470000
1773986624.248526,0.100000,-0.170000,0.070000,3.820000,4.480000
1773986624.248526,0.030000,-0.060000,0.030000,5.550000,4.480000
1773986624.248526,-0.000000,0.000000,-0.000000,3.510000,4.490000
1773986624.248526,0.120000,-0.220000,0.090000,4.900000,4.500000
1773986624.248526,0.020000,-0.050000,0.020000,5.010000,4.500000
1773986624.248526,-0.000000,0.000000,-0.000000,3.130000,4.510000
1773986624.248526,0.120000,-0.210000,0.090000,5.550000,4.520000
1773986624.248526,0.010000,-0.030000,0.010000,4.540000,4.520000
1773986624.248526,0.070000,-0.080000,0.050000,3.040000,4.530000
1773986624.248526,0.060000,-0.160000,0.060000,5.970000,4.530000
1773986624.248526,-0.000000,-0.000000,-0.000000,4.110000,4.540000
1773986624.248526,0.100000,-0.180000,0.070000,3.560000,4.550000
1773986624.248526,0.030000,-0.060000,0.030000,5.660000,4.550000
1773986624.289392,-0.000000,0.000000,-0.000000,3.620000,4.560000
1773986624.289392,0.120000,-0.200000,0.090000,4.590000,4.570000
1773986624.289392,0.030000,-0.050000,0.030000,5.160000,4.570000
1773986624.289392,-0.000000,0.000000,-0.000000,3.240000,4.580000
1773986624.289392,0.120000,-0.220000,0.090000,5.350000,4.590000
1773986624.289392,0.020000,-0.040000,0.020000,4.680000,4.590000
1773986624.289392,0.050000,-0.040000,0.020000,3.000000,4.600000
1773986624.289392,0.090000,-0.190000,0.070000,5.910000,4.600000
1773986624.289392,-0.000000,-0.000000,0.000000,4.200000,4.610000
1773986624.289392,0.100000,-0.180000,0.060000,3.180000,4.620000
1773986624.289392,0.030000,-0.060000,0.030000,5.790000,4.620000
1773986624.289392,-0.000000,0.000000,-0.000000,3.740000,4.630000
1773986624.289392,0.110000,-0.200000,0.090000,4.410000,4.640000
1773986624.289392,0.030000,-0.060000,0.030000,5.280000,4.640000
1773986624.289392,-0.000000,0.000000,-0.000000,3.290000,4.650000
1773986624.289392,0.130000,-0.220000,0.090000,5.230000,4.650000
1773986624.305032,0.000000,-0.020000,0.010000,4.780000,4.660000
1773986624.305032,0.040000,-0.020000,0.020000,3.020000,4.670000
1773986624.305032,0.100000,-0.190000,0.080000,5.820000,4.670000
1773986624.305032,-0.000000,0.000000,-0.000000,4.230000,4.680000
1773986624.305032,0.100000,-0.160000,0.070000,3.310000,4.690000
1773986624.305032,0.030000,-0.060000,0.030000,5.810000,4.690000
1773986624.305032,-0.000000,0.000000,-0.000000,3.760000,4.700000
1773986624.305032,0.110000,-0.200000,0.090000,4.340000,4.700000
1773986624.305032,0.020000,-0.050000,0.020000,5.300000,4.710000
1773986624.305032,-0.000000,0.000000,-0.000000,3.330000,4.720000
1773986624.305032,0.120000,-0.210000,0.090000,5.210000,4.720000
1773986624.305032,0.000000,-0.010000,0.010000,4.780000,4.730000
1773986624.305032,0.030000,-0.020000,0.010000,3.060000,4.740000
1773986624.305032,0.110000,-0.190000,0.080000,5.810000,4.740000
1773986624.305032,-0.000000,-0.020000,0.010000,4.290000,4.750000
1773986624.305032,0.090000,-0.180000,0.090000,3.220000,4.750000
1773986624.305032,0.030000,-0.060000,0.030000,5.840000,4.760000
1773986624.305032,-0.000000,0.000000,-0.000000,3.800000,4.770000
1773986624.305032,0.110000,-0.190000,0.080000,4.250000,4.770000
1773986624.305032,0.030000,-0.050000,0.030000,5.340000,4.780000
1773986624.305032,-0.000000,0.000000,-0.000000,3.360000,4.790000
1773986624.305032,0.120000,-0.220000,0.090000,5.120000,4.790000
1773986624.305032,0.020000,-0.050000,0.020000,4.870000,4.800000
1773986624.305032,0.020000,-0.000000,0.000000,3.060000,4.810000
1773986624.305032,0.110000,-0.200000,0.080000,5.720000,4.810000
1773986624.305032,-0.000000,-0.010000,0.010000,4.320000,4.820000
1773986624.305032,0.090000,-0.170000,0.090000,3.170000,4.820000
1773986624.305032,0.030000,-0.060000,0.030000,5.880000,4.830000
1773986624.305032,-0.000000,0.000000,-0.000000,3.800000,4.840000
1773986624.305032,0.110000,-0.190000,0.080000,4.210000,4.840000
1773986624.305032,0.030000,-0.060000,0.030000,5.350000,4.850000
1773986624.305032,-0.000000,0.000000,-0.000000,3.360000,4.860000
1773986624.367824,0.120000,-0.210000,0.090000,5.120000,4.860000
1773986624.367824,0.020000,-0.040000,0.020000,4.870000,4.870000
1773986624.367824,0.020000,-0.000000,0.000000,3.080000,4.870000
1773986624.367824,0.110000,-0.210000,0.090000,5.810000,4.880000
1773986624.367824,0.000000,-0.020000,0.010000,4.360000,4.890000
1773986624.367824,0.090000,-0.170000,0.090000,3.170000,4.890000
1773986624.367824,0.030000,-0.110000,0.050000,5.910000,4.900000
1773986624.367824,-0.000000,0.000000,-0.000000,3.890000,4.910000
1773986624.367824,0.110000,-0.180000,0.080000,4.090000,4.910000
1773986624.367824,0.030000,-0.060000,0.030000,5.430000,4.920000
1773986624.367824,-0.000000,0.000000,-0.000000,3.400000,4.920000
1773986624.367824,0.120000,-0.210000,0.090000,5.010000,4.930000
1773986624.367824,0.020000,-0.050000,0.020000,4.920000,4.940000
1773986624.367824,0.010000,0.000000,-0.000000,3.090000,4.940000
1773986624.367824,0.120000,-0.210000,0.090000,5.630000,4.950000
1773986624.367824,0.000000,-0.020000,0.010000,4.410000,4.960000
1773986624.369245,0.090000,-0.150000,0.080000,3.110000,4.960000
1773986624.369245,0.030000,-0.130000,0.050000,5.950000,4.970000
1773986624.369245,-0.000000,0.000000,-0.000000,3.940000,4.970000
1773986624.369245,0.110000,-0.180000,0.080000,4.030000,4.980000
1773986624.369245,0.030000,-0.060000,0.030000,5.480000,4.990000
1773986624.369245,-0.000000,0.000000,-0.000000,3.440000,4.990000
1773986624.369245,0.120000,-0.210000,0.090000,4.970000,5.000000
1773986624.369245,0.020000,-0.050000,0.020000,4.960000,5.010000
1773986624.369245,0.000000,0.000000,-0.000000,3.090000,5.010000
1773986624.369245,0.120000,-0.220000,0.090000,5.700000,5.020000
1773986624.369245,0.000000,-0.020000,0.010000,4.430000,5.020000
1773986624.369245,0.090000,-0.130000,0.070000,3.090000,5.030000
1773986624.369245,0.030000,-0.130000,0.050000,5.950000,5.040000
1773986624.369245,-0.000000,0.000000,-0.000000,3.980000,5.040000
1773986624.369245,0.110000,-0.170000,0.070000,3.890000,5.050000
1773986624.369245,0.030000,-0.060000,0.030000,5.520000,5.060000
1773986624.369245,-0.000000,0.000000,-0.000000,3.510000,5.060000
1773986624.369245,0.120000,-0.210000,0.090000,4.850000,5.070000
1773986624.369245,0.020000,-0.050000,0.030000,5.050000,5.080000
1773986624.369245,-0.000000,0.000000,-0.000000,3.130000,5.080000
1773986624.369245,0.120000,-0.210000,0.090000,5.570000,5.090000
1773986624.369245,0.010000,-0.020000,0.020000,4.540000,5.090000
1773986624.369245,0.080000,-0.100000,0.060000,3.060000,5.100000
1773986624.369245,0.030000,-0.160000,0.060000,6.150000,5.110000
1773986624.369245,-0.000000,0.000000,-0.000000,4.000000,5.110000
1773986624.369245,0.110000,-0.170000,0.070000,3.780000,5.120000
1773986624.369245,0.030000,-0.060000,0.030000,5.550000,5.130000
1773986624.369245,-0.000000,0.000000,-0.000000,3.530000,5.130000
1773986624.369245,0.120000,-0.210000,0.090000,4.780000,5.140000
1773986624.369245,0.020000,-0.050000,0.020000,5.050000,5.140000
1773986624.369245,-0.000000,0.000000,-0.000000,3.170000,5.150000
1773986624.369245,0.110000,-0.190000,0.090000,5.500000,5.160000
1773986624.369245,0.000000,-0.010000,0.010000,4.630000,5.160000
1773986624.369245,0.050000,-0.110000,0.030000,3.040000,5.170000
1773986624.369245,0.080000,-0.140000,0.070000,5.790000,5.180000
1773986624.369245,-0.000000,0.000000,-0.000000,4.430000,5.180000
1773986624.369245,0.050000,-0.120000,0.030000,3.040000,5.190000
1773986624.369245,0.060000,-0.090000,0.050000,5.840000,5.190000
1773986624.369245,-0.000000,0.000000,-0.000000,4.380000,5.200000
1773986624.369245,0.050000,-0.110000,0.030000,3.020000,5.210000
1773986624.369245,0.050000,-0.080000,0.050000,5.810000,5.210000
1773986624.369245,-0.000000,0.000000,-0.000000,4.430000,5.220000
1773986624.369245,0.010000,-0.030000,-0.000000,3.020000,5.230000
1773986624.369245,0.070000,-0.120000,0.070000,5.770000,5.230000
1773986624.369245,-0.000000,0.000000,-0.000000,4.540000,5.240000
1773986624.369245,-0.000000,-0.010000,-0.000000,3.000000,5.240000
1773986624.369245,0.070000,-0.120000,0.060000,5.730000,5.250000
1773986624.369245,-0.000000,0.000000,-0.000000,4.490000,5.260000
1773986624.370978,-0.000000,0.000000,-0.000000,2.970000,5.260000
1773986624.370978,0.050000,-0.150000,0.070000,5.770000,5.270000
1773986624.370978,-0.000000,0.000000,-0.000000,4.520000,5.280000
1773986624.370978,-0.000000,-0.000000,-0.000000,2.880000,5.280000
1773986624.370978,0.030000,-0.060000,0.050000,5.810000,5.290000
1773986624.370978,-0.000000,0.000000,-0.000000,4.410000,5.300000
1773986624.370978,0.010000,-0.030000,-0.000000,2.800000,5.300000
1773986624.370978,0.020000,-0.060000,0.030000,5.950000,5.310000
1773986624.370978,-0.000000,0.000000,-0.000000,4.360000,5.310000
1773986624.370978,-0.000000,0.000000,-0.000000,2.840000,5.320000
1773986624.370978,0.020000,-0.050000,0.040000,5.680000,5.330000
1773986624.370978,-0.000000,0.000000,-0.000000,4.630000,5.330000
1773986624.370978,-0.000000,0.000000,-0.000000,2.820000,5.340000
1773986624.370978,0.020000,-0.060000,0.040000,6.010000,5.350000
1773986624.370978,-0.000000,0.000000,-0.000000,4.250000,5.350000
1773986624.370978,0.000000,-0.010000,-0.000000,2.460000,5.360000
1773986624.431128,0.020000,-0.050000,0.030000,5.730000,5.360000
1773986624.431128,-0.000000,0.000000,-0.000000,3.600000,5.370000
1773986624.431128,0.030000,-0.070000,0.070000,3.040000,5.380000
1773986624.431128,0.010000,-0.030000,0.020000,5.160000,5.380000
1773986624.431128,-0.000000,0.000000,-0.000000,3.040000,5.390000
1773986624.431128,0.040000,-0.090000,0.050000,5.430000,5.400000
1773986624.431128,-0.000000,0.000000,-0.000000,4.520000,5.400000
1773986624.431128,-0.000000,0.000000,-0.000000,2.600000,5.410000
1773986624.431128,0.030000,-0.050000,0.020000,6.040000,5.410000
1773986624.431128,-0.000000,0.000000,-0.000000,3.930000,5.420000
1773986624.431128,0.050000,-0.100000,0.020000,2.600000,5.430000
1773986624.431128,0.020000,-0.040000,0.020000,5.440000,5.430000
1773986624.431128,-0.000000,0.000000,-0.000000,3.330000,5.440000
1773986624.431128,0.050000,-0.110000,0.040000,4.200000,5.450000
1773986624.431128,0.010000,-0.020000,0.010000,4.880000,5.450000
1773986624.431128,-0.000000,0.000000,-0.000000,2.950000,5.460000
1773986624.431128,0.040000,-0.070000,0.050000,5.500000,5.460000
1773986624.431128,-0.000000,0.000000,-0.000000,4.490000,5.470000
1773986624.431128,-0.000000,0.000000,-0.000000,2.600000,5.480000
1773986624.431128,0.030000,-0.050000,0.020000,6.040000,5.480000
1773986624.431128,-0.000000,0.000000,-0.000000,3.980000,5.490000
1773986624.431128,0.030000,-0.060000,0.000000,2.500000,5.500000
1773986624.431128,0.020000,-0.040000,0.020000,5.550000,5.500000
1773986624.431128,-0.000000,0.000000,-0.000000,3.510000,5.510000
1773986624.431128,0.030000,-0.060000,0.060000,3.080000,5.520000
1773986624.431128,0.010000,-0.030000,0.010000,5.080000,5.520000
1773986624.431128,-0.000000,0.000000,-0.000000,3.020000,5.530000
1773986624.431128,0.030000,-0.070000,0.040000,5.300000,5.530000
1773986624.431128,-0.000000,0.000000,-0.000000,4.500000,5.540000
1773986624.431128,-0.000000,0.000000,-0.000000,2.550000,5.550000
1773986624.431128,0.020000,-0.050000,0.030000,6.010000,5.550000
1773986624.431128,-0.000000,0.000000,-0.000000,3.910000,5.560000
1773986624.437153,0.040000,-0.080000,0.020000,2.500000,5.570000
1773986624.437153,0.020000,-0.040000,0.020000,5.410000,5.570000
1773986624.437153,-0.000000,0.000000,-0.000000,3.260000,5.580000
1773986624.437153,0.050000,-0.100000,0.050000,4.650000,5.580000
1773986624.437153,-0.000000,-0.010000,0.010000,4.700000,5.590000
1773986624.437153,-0.000000,0.000000,-0.000000,2.730000,5.600000
1773986624.437153,0.030000,-0.050000,0.030000,6.060000,5.600000
1773986624.437153,-0.000000,0.000000,-0.000000,4.120000,5.610000
1773986624.437153,0.020000,-0.050000,-0.000000,2.500000,5.620000
1773986624.437153,0.020000,-0.040000,0.020000,5.640000,5.620000
1773986624.437153,-0.000000,0.000000,-0.000000,3.580000,5.630000
1773986624.437153,0.030000,-0.070000,0.050000,2.980000,5.630000
1773986624.437153,0.020000,-0.030000,0.020000,5.160000,5.640000
1773986624.437153,-0.000000,0.000000,-0.000000,3.130000,5.650000
1773986624.437153,0.040000,-0.090000,0.040000,4.810000,5.650000
1773986624.437153,-0.000000,-0.010000,0.000000,4.700000,5.660000
1773986624.437153,-0.000000,0.000000,-0.000000,2.710000,5.670000
1773986624.437153,0.030000,-0.050000,0.030000,6.170000,5.670000
1773986624.437153,-0.000000,0.000000,-0.000000,4.120000,5.680000
1773986624.437153,0.020000,-0.030000,-0.000000,2.440000,5.680000
1773986624.437153,0.020000,-0.040000,0.020000,5.660000,5.690000
1773986624.437153,-0.000000,0.000000,-0.000000,3.530000,5.700000
1773986624.437153,0.030000,-0.070000,0.060000,3.090000,5.700000
1773986624.437153,0.010000,-0.020000,0.020000,5.050000,5.710000
1773986624.437153,-0.000000,0.000000,-0.000000,3.020000,5.720000
1773986624.437153,0.040000,-0.080000,0.050000,5.370000,5.720000
1773986624.437153,-0.000000,0.000000,-0.000000,4.520000,5.730000
1773986624.437153,-0.000000,0.000000,-0.000000,2.590000,5.740000
1773986624.437153,0.020000,-0.050000,0.030000,6.010000,5.740000
1773986624.437153,-0.000000,0.000000,-0.000000,3.910000,5.750000
1773986624.437153,0.050000,-0.090000,0.020000,2.550000,5.750000
1773986624.437153,0.020000,-0.040000,0.020000,5.440000,5.760000
1773986624.493948,-0.000000,0.000000,-0.000000,3.290000,5.770000
1773986624.493948,0.050000,-0.110000,0.050000,4.500000,5.770000
1773986624.493948,0.000000,-0.020000,0.010000,4.740000,5.780000
1773986624.493948,-0.000000,0.000000,-0.000000,2.750000,5.790000
1773986624.493948,0.030000,-0.050000,0.030000,6.020000,5.790000
1773986624.493948,-0.000000,0.000000,-0.000000,4.210000,5.800000
1773986624.493948,0.010000,0.000000,-0.000000,2.480000,5.800000
1773986624.493948,0.020000,-0.050000,0.020000,5.750000,5.810000
1773986624.493948,-0.000000,0.000000,-0.000000,3.620000,5.820000
1773986624.493948,0.030000,-0.110000,0.060000,2.950000,5.820000
1773986624.493948,0.010000,-0.030000,0.020000,5.120000,5.830000
1773986624.493948,-0.000000,0.000000,-0.000000,3.020000,5.840000
1773986624.493948,0.040000,-0.090000,0.050000,5.460000,5.840000
1773986624.493948,-0.000000,0.000000,-0.000000,4.470000,5.850000
1773986624.493948,-0.000000,0.000000,-0.000000,2.550000,5.850000
1773986624.493948,0.020000,-0.050000,0.030000,5.970000,5.860000
1773986624.493948,-0.000000,0.000000,-0.000000,3.870000,5.870000
1773986624.493948,0.050000,-0.100000,0.030000,2.600000,5.870000
1773986624.493948,0.020000,-0.040000,0.020000,5.390000,5.880000
1773986624.493948,-0.000000,0.000000,-0.000000,3.310000,5.890000
1773986624.493948,0.050000,-0.100000,0.040000,4.310000,5.890000
1773986624.493948,0.000000,-0.020000,0.010000,4.830000,5.900000
1773986624.493948,-0.000000,0.000000,-0.000000,2.770000,5.900000
1773986624.493948,0.030000,-0.050000,0.030000,6.060000,5.910000
1773986624.493948,-0.000000,0.000000,-0.000000,4.200000,5.920000
1773986624.493948,0.010000,-0.020000,-0.000000,2.510000,5.920000
1773986624.493948,0.020000,-0.050000,0.020000,5.790000,5.930000
1773986624.493948,-0.000000,0.000000,-0.000000,3.670000,5.940000
1773986624.493948,0.040000,-0.110000,0.050000,2.910000,5.940000
1773986624.493948,0.020000,-0.040000,0.020000,5.230000,5.950000
1773986624.493948,-0.000000,0.000000,-0.000000,3.240000,5.960000
1773986624.493948,0.040000,-0.080000,0.040000,4.320000,5.960000
1773986624.496900,0.000000,-0.020000,0.010000,4.780000,5.970000
1773986624.496900,-0.000000,0.000000,-0.000000,2.770000,5.970000
1773986624.496900,0.030000,-0.050000,0.030000,6.010000,5.980000
1773986624.496900,-0.000000,0.000000,-0.000000,4.210000,5.990000
1773986624.496900,0.010000,-0.020000,-0.000000,2.440000,5.990000
1773986624.496900,0.020000,-0.040000,0.020000,5.700000,6.000000
1773986624.496900,-0.000000,0.000000,-0.000000,3.640000,6.010000
1773986624.496900,0.040000,-0.080000,0.050000,2.890000,6.010000
1773986624.496900,0.010000,-0.040000,0.020000,5.160000,6.020000
1773986624.496900,-0.000000,0.000000,-0.000000,3.040000,6.020000
1773986624.496900,0.040000,-0.080000,0.050000,5.460000,6.030000
1773986624.496900,-0.000000,0.000000,-0.000000,4.540000,6.040000
1773986624.496900,-0.000000,0.000000,-0.000000,2.640000,6.040000
1773986624.496900,0.030000,-0.050000,0.030000,6.080000,6.050000
1773986624.496900,-0.000000,0.000000,-0.000000,4.020000,6.060000
1773986624.496900,0.030000,-0.060000,0.010000,2.510000,6.060000
1773986624.509906,0.020000,-0.050000,0.020000,5.570000,6.070000
1773986624.509906,-0.000000,0.000000,-0.000000,3.470000,6.070000
1773986624.509906,0.040000,-0.090000,0.040000,3.360000,6.080000
1773986624.509906,0.010000,-0.030000,0.010000,5.030000,6.090000
1773986624.509906,-0.000000,0.000000,-0.000000,2.980000,6.090000
1773986624.509906,0.030000,-0.070000,0.050000,5.590000,6.100000
1773986624.509906,-0.000000,0.000000,-0.000000,4.470000,6.110000
1773986624.509906,-0.000000,0.000000,-0.000000,2.550000,6.110000
1773986624.509906,0.020000,-0.050000,0.030000,5.950000,6.120000
1773986624.509906,-0.000000,0.000000,-0.000000,3.820000,6.120000
1773986624.509906,0.050000,-0.110000,0.040000,2.590000,6.130000
1773986624.509906,0.020000,-0.040000,0.020000,5.300000,6.140000
1773986624.509906,-0.000000,0.000000,-0.000000,3.150000,6.140000
1773986624.509906,0.050000,-0.100000,0.050000,4.990000,6.150000
1773986624.509906,-0.000000,-0.010000,0.000000,4.630000,6.160000
1773986624.509906,-0.000000,0.000000,-0.000000,2.640000,6.160000
1773986624.525614,0.030000,-0.050000,0.030000,6.110000,6.170000
1773986624.525614,-0.000000,0.000000,-0.000000,4.020000,6.180000
1773986624.525614,0.030000,-0.070000,0.010000,2.500000,6.180000
1773986624.525614,0.020000,-0.050000,0.020000,5.550000,6.190000
1773986624.525614,-0.000000,0.000000,-0.000000,3.360000,6.190000
1773986624.525614,0.060000,-0.130000,0.060000,4.410000,6.200000
1773986624.525614,0.010000,-0.020000,0.010000,4.870000,6.210000
1773986624.525614,-0.000000,0.000000,-0.000000,2.840000,6.210000
1773986624.525614,0.020000,-0.060000,0.060000,5.970000,6.220000
1773986624.525614,-0.000000,0.000000,-0.000000,4.230000,6.230000
1773986624.525614,0.050000,-0.100000,0.020000,2.820000,6.230000
1773986624.525614,0.030000,-0.060000,0.030000,5.880000,6.240000
1773986624.525614,-0.000000,0.000000,-0.000000,3.930000,6.240000
1773986624.525614,0.050000,-0.120000,0.060000,3.090000,6.250000
1773986624.525614,0.020000,-0.050000,0.030000,5.630000,6.260000
1773986624.525614,-0.000000,0.000000,-0.000000,3.710000,6.260000
1773986624.541321,0.070000,-0.160000,0.080000,3.850000,6.270000
1773986624.541321,0.020000,-0.040000,0.020000,5.320000,6.280000
1773986624.541321,-0.000000,0.000000,-0.000000,3.310000,6.280000
1773986624.541321,0.080000,-0.170000,0.090000,4.970000,0.010000
1773986624.541321,0.000000,-0.000000,0.010000,4.900000,0.010000
1773986624.541321,-0.000000,0.000000,-0.000000,3.020000,0.020000
1773986624.541321,0.060000,-0.140000,0.090000,5.630000,0.020000
1773986624.541321,-0.000000,0.000000,-0.000000,4.470000,0.030000
1773986624.541321,0.050000,-0.020000,0.000000,2.890000,0.040000
1773986624.541321,0.030000,-0.060000,0.060000,5.970000,0.040000
1773986624.541321,-0.000000,0.000000,-0.000000,3.960000,0.050000
1773986624.541321,0.070000,-0.160000,0.080000,3.650000,0.060000
1773986624.541321,0.020000,-0.040000,0.020000,5.480000,0.060000
1773986624.541321,-0.000000,0.000000,-0.000000,3.400000,0.070000
1773986624.541321,0.080000,-0.180000,0.100000,4.970000,0.070000
1773986624.541321,-0.000000,0.000000,0.010000,4.880000,0.080000
1773986624.573304,0.000000,-0.000000,-0.000000,2.950000,0.090000
1773986624.573304,0.040000,-0.160000,0.100000,5.860000,0.090000
1773986624.573304,-0.000000,0.000000,-0.000000,4.160000,0.100000
1773986624.573304,0.070000,-0.140000,0.080000,3.290000,0.110000
1773986624.573304,0.020000,-0.050000,0.030000,5.660000,0.110000
1773986624.573304,-0.000000,0.000000,-0.000000,3.550000,0.120000
1773986624.573304,0.090000,-0.200000,0.120000,4.810000,0.120000
1773986624.573304,0.010000,-0.010000,0.010000,4.940000,0.130000
1773986624.573304,0.000000,0.000000,-0.000000,2.980000,0.140000
1773986624.573304,0.050000,-0.180000,0.110000,5.810000,0.140000
1773986624.573304,-0.000000,0.000000,-0.000000,4.180000,0.150000
1773986624.573304,0.080000,-0.150000,0.090000,3.420000,0.160000
1773986624.573304,0.020000,-0.050000,0.030000,5.610000,0.160000
1773986624.573304,-0.000000,0.000000,-0.000000,3.440000,0.170000
1773986624.573304,0.090000,-0.200000,0.120000,4.990000,0.170000
1773986624.573304,0.000000,-0.020000,0.010000,4.850000,0.180000
1773986624.576463,0.010000,0.000000,-0.000000,2.950000,0.190000
1773986624.576463,0.040000,-0.160000,0.100000,5.860000,0.190000
1773986624.576463,-0.000000,0.000000,-0.000000,4.160000,0.200000
1773986624.576463,0.070000,-0.150000,0.080000,3.360000,0.210000
1773986624.576463,0.020000,-0.050000,0.030000,5.630000,0.210000
1773986624.576463,-0.000000,0.000000,-0.000000,3.450000,0.220000
1773986624.576463,0.090000,-0.200000,0.110000,4.940000,0.220000
1773986624.576463,0.000000,-0.020000,0.010000,4.870000,0.230000
1773986624.576463,0.010000,0.000000,-0.000000,2.950000,0.240000
1773986624.576463,0.040000,-0.160000,0.100000,5.880000,0.240000
1773986624.576463,-0.000000,0.000000,-0.000000,4.110000,0.250000
1773986624.576463,0.080000,-0.150000,0.090000,3.490000,0.260000
1773986624.576463,0.020000,-0.050000,0.020000,5.570000,0.260000
1773986624.576463,-0.000000,0.000000,-0.000000,3.440000,0.270000
1773986624.576463,0.090000,-0.200000,0.110000,4.970000,0.280000
1773986624.576463,0.010000,-0.020000,0.010000,4.850000,0.280000
1773986624.620755,0.010000,0.000000,-0.000000,2.950000,0.290000
1773986624.620755,0.040000,-0.160000,0.100000,5.880000,0.290000
1773986624.620755,-0.000000,0.000000,-0.000000,4.120000,0.300000
1773986624.620755,0.080000,-0.150000,0.090000,3.510000,0.310000
1773986624.620755,0.020000,-0.050000,0.020000,5.550000,0.310000
1773986624.620755,-0.000000,0.000000,-0.000000,3.380000,0.320000
1773986624.620755,0.090000,-0.210000,0.120000,5.120000,0.330000
1773986624.620755,-0.000000,-0.020000,0.010000,4.790000,0.330000
1773986624.620755,0.020000,0.000000,-0.000000,2.970000,0.340000
1773986624.620755,0.040000,-0.120000,0.100000,5.860000,0.340000
1773986624.620755,-0.000000,0.000000,-0.000000,4.120000,0.350000
1773986624.620755,0.070000,-0.150000,0.090000,3.380000,0.360000
1773986624.620755,0.020000,-0.050000,0.030000,5.630000,0.360000
1773986624.620755,-0.000000,0.000000,-0.000000,3.510000,0.370000
1773986624.620755,0.090000,-0.200000,0.110000,4.850000,0.380000
1773986624.620755,0.010000,-0.010000,0.010000,4.920000,0.380000
1773986624.620755,0.000000,0.000000,-0.000000,2.980000,0.390000
1773986624.620755,0.050000,-0.180000,0.100000,5.840000,0.390000
1773986624.620755,-0.000000,0.000000,-0.000000,4.230000,0.400000
1773986624.620755,0.070000,-0.120000,0.060000,3.200000,0.410000
1773986624.620755,0.020000,-0.050000,0.030000,5.700000,0.410000
1773986624.620755,-0.000000,0.000000,-0.000000,3.490000,0.420000
1773986624.620755,0.090000,-0.200000,0.110000,4.880000,0.430000
1773986624.620755,0.010000,-0.010000,0.010000,4.920000,0.430000
1773986624.620755,0.000000,0.000000,-0.000000,2.970000,0.440000
1773986624.620755,0.050000,-0.180000,0.100000,5.880000,0.440000
1773986624.620755,-0.000000,0.000000,-0.000000,4.160000,0.450000
1773986624.620755,0.070000,-0.150000,0.090000,3.400000,0.460000
1773986624.620755,0.020000,-0.050000,0.030000,5.610000,0.460000
1773986624.620755,-0.000000,0.000000,-0.000000,3.510000,0.470000
1773986624.620755,0.090000,-0.200000,0.120000,4.870000,0.480000
1773986624.620755,0.010000,-0.010000,0.010000,4.940000,0.480000
1773986624.620755,0.000000,0.000000,-0.000000,2.980000,0.490000
1773986624.620755,0.070000,-0.170000,0.100000,5.810000,0.500000
1773986624.620755,-0.000000,0.000000,-0.000000,4.200000,0.500000
1773986624.620755,0.070000,-0.130000,0.070000,3.270000,0.510000
1773986624.620755,0.020000,-0.050000,0.030000,5.680000,0.510000
1773986624.620755,-0.000000,0.000000,-0.000000,3.550000,0.520000
1773986624.620755,0.090000,-0.200000,0.110000,4.740000,0.530000
1773986624.620755,0.010000,-0.030000,0.010000,4.990000,0.530000
1773986624.620755,-0.000000,0.000000,-0.000000,3.040000,0.540000
1773986624.620755,0.060000,-0.180000,0.110000,5.720000,0.550000
1773986624.620755,-0.000000,0.000000,-0.000000,4.360000,0.550000
1773986624.620755,0.060000,-0.110000,0.040000,3.080000,0.560000
1773986624.620755,0.030000,-0.060000,0.030000,5.840000,0.560000
1773986624.620755,-0.000000,0.000000,-0.000000,3.710000,0.570000
1773986624.620755,0.090000,-0.190000,0.100000,4.400000,0.580000
1773986624.620755,0.020000,-0.040000,0.020000,5.170000,0.580000
1773986624.639436,-0.000000,0.000000,-0.000000,3.150000,0.590000
1773986624.639436,0.080000,-0.190000,0.120000,5.540000,0.600000
1773986624.639436,-0.000000,0.000000,-0.000000,4.500000,0.600000
1773986624.639436,0.070000,-0.060000,0.020000,2.970000,0.610000
1773986624.639436,0.030000,-0.060000,0.040000,5.930000,0.610000
1773986624.639436,-0.000000,0.000000,-0.000000,3.820000,0.620000
1773986624.639436,0.080000,-0.190000,0.100000,4.210000,0.630000
1773986624.639436,0.020000,-0.040000,0.020000,5.260000,0.630000
1773986624.639436,-0.000000,0.000000,-0.000000,3.220000,0.640000
1773986624.639436,0.080000,-0.200000,0.120000,5.390000,0.650000
1773986624.639436,-0.000000,0.000000,-0.000000,4.580000,0.650000
1773986624.639436,0.060000,-0.100000,0.010000,2.950000,0.660000
1773986624.639436,0.030000,-0.080000,0.050000,5.970000,0.660000
1773986624.639436,-0.000000,0.000000,-0.000000,3.830000,0.670000
1773986624.639436,0.080000,-0.190000,0.100000,4.180000,0.680000
1773986624.639436,0.020000,-0.040000,0.020000,5.250000,0.680000
1773986624.700106,-0.000000,0.000000,-0.000000,3.170000,0.690000
1773986624.700106,0.080000,-0.190000,0.100000,5.210000,0.700000
1773986624.700106,-0.000000,0.000000,-0.000000,4.540000,0.700000
1773986624.700106,0.070000,-0.110000,0.010000,2.950000,0.710000
1773986624.700106,0.030000,-0.060000,0.040000,5.950000,0.720000
1773986624.700106,-0.000000,0.000000,-0.000000,3.760000,0.720000
1773986624.700106,0.090000,-0.200000,0.100000,4.310000,0.730000
1773986624.700106,0.020000,-0.040000,0.020000,5.250000,0.730000
1773986624.700106,-0.000000,0.000000,-0.000000,3.200000,0.740000
1773986624.700106,0.080000,-0.210000,0.120000,5.460000,0.750000
1773986624.700106,-0.000000,0.000000,-0.000000,4.580000,0.750000
1773986624.700106,0.060000,-0.030000,0.010000,2.950000,0.760000
1773986624.700106,0.030000,-0.100000,0.060000,5.970000,0.770000
1773986624.700106,-0.000000,0.000000,-0.000000,3.910000,0.770000
1773986624.700106,0.080000,-0.170000,0.100000,3.980000,0.780000
1773986624.700106,0.020000,-0.040000,0.020000,5.350000,0.780000
1773986624.703348,-0.000000,0.000000,-0.000000,3.220000,0.790000
1773986624.703348,0.080000,-0.200000,0.120000,5.390000,0.800000
1773986624.703348,-0.000000,-0.000000,-0.000000,4.590000,0.800000
1773986624.703348,0.050000,-0.080000,0.000000,2.930000,0.810000
1773986624.703348,0.030000,-0.100000,0.070000,5.970000,0.820000
1773986624.703348,-0.000000,0.000000,-0.000000,3.940000,0.820000
1773986624.703348,0.080000,-0.170000,0.100000,3.890000,0.830000
1773986624.703348,0.020000,-0.050000,0.020000,5.390000,0.830000
1773986624.703348,-0.000000,0.000000,-0.000000,3.310000,0.840000
1773986624.703348,0.080000,-0.210000,0.120000,5.230000,0.850000
1773986624.703348,-0.000000,-0.010000,0.000000,4.680000,0.850000
1773986624.703348,0.040000,-0.010000,-0.000000,2.930000,0.860000
1773986624.703348,0.030000,-0.130000,0.080000,5.970000,0.870000
1773986624.703348,-0.000000,0.000000,-0.000000,3.940000,0.870000
1773986624.703348,0.080000,-0.170000,0.100000,3.910000,0.880000
1773986624.703348,0.020000,-0.050000,0.020000,5.370000,0.880000
1773986624.703348,-0.000000,0.000000,-0.000000,3.270000,0.890000
1773986624.703348,0.090000,-0.210000,0.120000,5.260000,0.900000
1773986624.703348,-0.000000,-0.010000,0.000000,4.680000,0.900000
1773986624.703348,0.030000,-0.010000,-0.000000,2.950000,0.910000
1773986624.703348,0.020000,-0.120000,0.080000,5.820000,0.920000
1773986624.703348,-0.000000,0.000000,-0.000000,4.020000,0.920000
1773986624.703348,0.080000,-0.160000,0.090000,3.670000,0.930000
1773986624.703348,0.020000,-0.050000,0.020000,5.480000,0.930000
1773986624.703348,-0.000000,0.000000,-0.000000,3.330000,0.940000
1773986624.703348,0.090000,-0.210000,0.120000,5.160000,0.950000
1773986624.703348,-0.000000,-0.010000,0.010000,4.740000,0.950000
1773986624.703348,0.030000,-0.000000,-0.000000,2.950000,0.960000
1773986624.703348,0.030000,-0.150000,0.100000,5.900000,0.970000
1773986624.703348,-0.000000,0.000000,-0.000000,4.160000,0.970000
1773986624.703348,0.060000,-0.110000,0.050000,3.180000,0.980000
1773986624.703348,0.030000,-0.060000,0.030000,5.810000,0.990000
1773986624.703348,-0.000000,0.000000,-0.000000,3.870000,0.990000
1773986624.703348,0.070000,-0.150000,0.090000,3.740000,1.000000
1773986624.703348,0.020000,-0.050000,0.030000,5.540000,1.000000
1773986624.703348,-0.000000,0.000000,-0.000000,3.690000,1.010000
1773986624.703348,0.070000,-0.160000,0.100000,4.030000,1.020000
1773986624.703348,0.020000,-0.050000,0.030000,5.460000,1.020000
1773986624.703348,-0.000000,0.000000,-0.000000,3.650000,1.030000
1773986624.703348,0.070000,-0.170000,0.100000,4.070000,1.040000
1773986624.703348,0.020000,-0.050000,0.030000,5.460000,1.040000
1773986624.703348,-0.000000,0.000000,-0.000000,3.650000,1.050000
1773986624.703348,0.070000,-0.160000,0.100000,3.980000,1.050000
1773986624.703348,0.020000,-0.050000,0.030000,5.430000,1.060000
1773986624.703348,-0.000000,0.000000,-0.000000,3.620000,1.070000
1773986624.703348,0.070000,-0.170000,0.090000,3.930000,1.070000
1773986624.703348,0.020000,-0.050000,0.030000,5.390000,1.080000
1773986624.703348,-0.000000,0.000000,-0.000000,3.580000,1.090000
1773986624.747383,0.070000,-0.160000,0.100000,4.090000,1.090000
1773986624.747383,0.030000,-0.050000,0.030000,5.350000,1.100000
1773986624.747383,-0.000000,0.000000,-0.000000,3.550000,1.100000
1773986624.747383,0.070000,-0.170000,0.100000,4.120000,1.110000
1773986624.747383,0.030000,-0.050000,0.030000,5.300000,1.120000
1773986624.747383,-0.000000,0.000000,-0.000000,3.400000,1.120000
1773986624.747383,0.060000,-0.170000,0.100000,4.270000,1.130000
1773986624.747383,0.020000,-0.040000,0.020000,5.100000,1.140000
1773986624.747383,-0.000000,0.000000,-0.000000,3.240000,1.140000
1773986624.747383,0.040000,-0.140000,0.080000,3.940000,1.150000
1773986624.747383,0.020000,-0.040000,0.020000,5.050000,1.150000
1773986624.747383,-0.000000,0.000000,-0.000000,3.180000,1.160000
1773986624.747383,0.030000,-0.120000,0.080000,4.110000,1.170000
1773986624.747383,0.010000,-0.020000,0.010000,4.940000,1.170000
1773986624.747383,-0.000000,0.000000,-0.000000,3.060000,1.180000
1773986624.747383,0.030000,-0.130000,0.100000,5.140000,1.190000
1773986624.747383,-0.000000,0.000000,0.000000,4.630000,1.190000
1773986624.747383,-0.000000,0.000000,-0.000000,2.660000,1.200000
1773986624.747383,0.030000,-0.050000,0.030000,6.150000,1.210000
1773986624.747383,-0.000000,0.000000,-0.000000,4.090000,1.210000
1773986624.747383,0.020000,0.000000,-0.000000,2.550000,1.220000
1773986624.747383,0.020000,-0.050000,0.030000,5.750000,1.220000
1773986624.747383,-0.000000,0.000000,-0.000000,3.710000,1.230000
1773986624.747383,0.060000,-0.090000,0.020000,2.770000,1.240000
1773986624.747383,0.020000,-0.040000,0.020000,5.300000,1.240000
1773986624.747383,-0.000000,0.000000,-0.000000,3.260000,1.250000
1773986624.747383,0.040000,-0.140000,0.090000,4.210000,1.260000
1773986624.747383,0.010000,-0.020000,0.020000,4.870000,1.260000
1773986624.747383,-0.000000,0.000000,-0.000000,2.910000,1.270000
1773986624.747383,0.020000,-0.100000,0.100000,5.700000,1.270000
1773986624.747383,-0.000000,0.000000,-0.000000,4.470000,1.280000
1773986624.747383,-0.000000,0.000000,-0.000000,2.620000,1.290000
1773986624.747383,0.020000,-0.050000,0.030000,6.080000,1.290000
1773986624.747383,-0.000000,0.000000,-0.000000,4.090000,1.300000
1773986624.747383,0.020000,-0.020000,-0.000000,2.500000,1.310000
1773986624.747383,0.020000,-0.050000,0.020000,5.700000,1.310000
1773986624.747383,-0.000000,0.000000,-0.000000,3.740000,1.320000
1773986624.747383,0.050000,-0.050000,0.020000,2.680000,1.320000
1773986624.747383,0.020000,-0.040000,0.020000,5.390000,1.330000
1773986624.747383,-0.000000,0.000000,-0.000000,3.450000,1.340000
1773986624.747383,0.030000,-0.110000,0.030000,3.110000,1.340000
1773986624.747383,0.020000,-0.040000,0.020000,5.060000,1.350000
1773986624.747383,-0.000000,0.000000,-0.000000,3.040000,1.360000
1773986624.747383,0.040000,-0.130000,0.100000,5.280000,1.360000
1773986624.747383,0.010000,-0.020000,0.010000,4.630000,1.370000
1773986624.747383,-0.000000,0.000000,-0.000000,2.730000,1.370000
1773986624.747383,0.030000,-0.060000,0.060000,6.150000,1.380000
1773986624.747383,-0.000000,0.000000,-0.000000,4.250000,1.390000
1773986624.763158,0.000000,-0.000000,-0.000000,2.590000,1.390000
1773986624.763158,0.030000,-0.050000,0.030000,5.930000,1.400000
1773986624.763158,-0.000000,0.000000,-0.000000,3.960000,1.410000
1773986624.763158,0.030000,-0.010000,-0.000000,2.550000,1.410000
1773986624.763158,0.030000,-0.050000,0.030000,5.660000,1.420000
1773986624.763158,-0.000000,0.000000,-0.000000,3.650000,1.420000
1773986624.763158,0.060000,-0.090000,0.020000,2.800000,1.430000
1773986624.763158,0.020000,-0.040000,0.020000,5.260000,1.440000
1773986624.763158,-0.000000,0.000000,-0.000000,3.240000,1.440000
1773986624.763158,0.040000,-0.140000,0.090000,4.120000,1.450000
1773986624.763158,0.010000,-0.020000,0.010000,4.830000,1.460000
1773986624.763158,-0.000000,0.000000,-0.000000,2.860000,1.460000
1773986624.763158,0.020000,-0.070000,0.100000,5.930000,1.470000
1773986624.763158,-0.000000,0.000000,-0.000000,4.400000,1.480000
1773986624.763158,-0.000000,0.000000,-0.000000,2.600000,1.480000
1773986624.763158,0.030000,-0.050000,0.030000,6.040000,1.490000
1773986624.794707,-0.000000,0.000000,-0.000000,4.070000,1.490000
1773986624.794707,0.020000,0.000000,-0.000000,2.530000,1.500000
1773986624.794707,0.020000,-0.050000,0.020000,5.730000,1.510000
1773986624.794707,-0.000000,0.000000,-0.000000,3.760000,1.510000
1773986624.794707,0.050000,-0.070000,0.010000,2.590000,1.520000
1773986624.794707,0.020000,-0.030000,0.020000,5.410000,1.530000
1773986624.794707,-0.000000,0.000000,-0.000000,3.360000,1.530000
1773986624.794707,0.040000,-0.130000,0.070000,3.510000,1.540000
1773986624.794707,0.010000,-0.020000,0.010000,5.030000,1.540000
1773986624.794707,-0.000000,0.000000,-0.000000,3.110000,1.550000
1773986624.794707,0.030000,-0.130000,0.100000,4.810000,1.560000
1773986624.794707,-0.000000,0.000000,0.000000,4.700000,1.560000
1773986624.794707,-0.000000,0.000000,-0.000000,2.820000,1.570000
1773986624.794707,0.020000,-0.110000,0.090000,5.880000,1.580000
1773986624.794707,-0.000000,0.000000,-0.000000,4.380000,1.580000
1773986624.794707,-0.000000,0.000000,-0.000000,2.600000,1.590000
1773986624.794707,0.020000,-0.050000,0.030000,6.010000,1.590000
1773986624.794707,-0.000000,0.000000,-0.000000,4.030000,1.600000
1773986624.794707,0.020000,-0.000000,-0.000000,2.500000,1.610000
1773986624.794707,0.020000,-0.050000,0.020000,5.640000,1.610000
1773986624.794707,-0.000000,0.000000,-0.000000,3.620000,1.620000
1773986624.794707,0.050000,-0.070000,0.020000,2.820000,1.630000
1773986624.794707,0.020000,-0.030000,0.020000,5.260000,1.630000
1773986624.794707,-0.000000,0.000000,-0.000000,3.260000,1.640000
1773986624.794707,0.040000,-0.140000,0.090000,4.090000,1.640000
1773986624.794707,0.010000,-0.020000,0.010000,4.850000,1.650000
1773986624.794707,-0.000000,0.000000,-0.000000,2.860000,1.660000
1773986624.794707,0.020000,-0.120000,0.090000,5.860000,1.660000
1773986624.794707,-0.000000,0.000000,0.000000,4.430000,1.670000
1773986624.794707,-0.000000,0.000000,-0.000000,2.590000,1.680000
1773986624.794707,0.030000,-0.050000,0.030000,6.020000,1.680000
1773986624.794707,-0.000000,0.000000,-0.000000,4.050000,1.690000
1773986624.826455,0.020000,0.000000,-0.000000,2.480000,1.700000
1773986624.826455,0.020000,-0.050000,0.020000,5.660000,1.700000
1773986624.826455,-0.000000,0.000000,-0.000000,3.640000,1.710000
1773986624.826455,0.050000,-0.090000,0.030000,2.860000,1.710000
1773986624.826455,0.020000,-0.040000,0.020000,5.300000,1.720000
1773986624.826455,-0.000000,0.000000,-0.000000,3.310000,1.730000
1773986624.826455,0.040000,-0.110000,0.080000,3.910000,1.730000
1773986624.826455,0.010000,-0.030000,0.020000,4.880000,1.740000
1773986624.826455,-0.000000,0.000000,-0.000000,2.970000,1.750000
1773986624.826455,0.020000,-0.120000,0.100000,5.440000,1.750000
1773986624.826455,-0.000000,0.000000,0.000000,4.520000,1.760000
1773986624.826455,-0.000000,0.000000,-0.000000,2.640000,1.760000
1773986624.826455,0.030000,-0.050000,0.030000,6.080000,1.770000
1773986624.826455,-0.000000,0.000000,-0.000000,4.110000,1.780000
1773986624.826455,0.010000,0.000000,-0.000000,2.570000,1.780000
1773986624.826455,0.030000,-0.050000,0.030000,5.840000,1.790000
1773986624.826455,-0.000000,0.000000,-0.000000,3.830000,1.800000
1773986624.826455,0.050000,-0.030000,0.010000,2.600000,1.800000
1773986624.826455,0.020000,-0.050000,0.020000,5.480000,1.810000
1773986624.826455,-0.000000,0.000000,-0.000000,3.440000,1.810000
1773986624.826455,0.040000,-0.120000,0.040000,3.240000,1.820000
1773986624.826455,0.020000,-0.030000,0.020000,5.080000,1.830000
1773986624.826455,-0.000000,0.000000,-0.000000,3.110000,1.830000
1773986624.826455,0.070000,-0.140000,0.100000,4.960000,1.840000
1773986624.826455,0.010000,-0.010000,0.010000,4.740000,1.850000
1773986624.826455,-0.000000,0.000000,-0.000000,2.800000,1.850000
1773986624.826455,0.020000,-0.110000,0.090000,5.950000,1.860000
1773986624.826455,-0.000000,0.000000,-0.000000,4.410000,1.860000
1773986624.826455,-0.000000,0.000000,-0.000000,2.600000,1.870000
1773986624.826455,0.030000,-0.050000,0.030000,6.020000,1.880000
1773986624.826455,-0.000000,0.000000,-0.000000,4.000000,1.880000
1773986624.826455,0.030000,-0.010000,-0.000000,2.550000,1.890000
1773986624.873947,0.020000,-0.050000,0.020000,5.640000,1.900000
1773986624.873947,-0.000000,0.000000,-0.000000,3.640000,1.900000
1773986624.873947,0.050000,-0.070000,0.020000,2.860000,1.910000
1773986624.873947,0.020000,-0.040000,0.020000,5.280000,1.920000
1773986624.873947,-0.000000,0.000000,-0.000000,3.290000,1.920000
1773986624.873947,0.040000,-0.140000,0.080000,3.940000,1.930000
1773986624.873947,0.010000,-0.020000,0.020000,4.940000,1.930000
1773986624.873947,-0.000000,0.000000,-0.000000,2.980000,1.940000
1773986624.873947,0.020000,-0.140000,0.100000,5.460000,1.950000
1773986624.873947,-0.000000,0.000000,0.010000,4.590000,1.950000
1773986624.873947,-0.000000,0.000000,-0.000000,2.700000,1.960000
1773986624.873947,0.030000,-0.060000,0.040000,6.170000,1.970000
1773986624.873947,-0.000000,0.000000,-0.000000,4.200000,1.970000
1773986624.873947,-0.000000,0.000000,-0.000000,2.500000,1.980000
1773986624.873947,0.020000,-0.050000,0.020000,5.820000,1.980000
1773986624.873947,-0.000000,0.000000,-0.000000,3.800000,1.990000
1773986624.873947,0.040000,-0.030000,0.010000,2.550000,2.000000
1773986624.873947,0.020000,-0.040000,0.020000,5.410000,2.000000
1773986624.873947,-0.000000,0.000000,-0.000000,3.510000,2.010000
1773986624.873947,0.040000,-0.100000,0.040000,3.150000,2.020000
1773986624.873947,0.020000,-0.040000,0.020000,5.300000,2.020000
1773986624.873947,-0.000000,0.000000,-0.000000,3.450000,2.030000
1773986624.873947,0.070000,-0.150000,0.090000,3.830000,2.030000
1773986624.873947,0.020000,-0.050000,0.020000,5.250000,2.040000
1773986624.873947,-0.000000,0.000000,-0.000000,3.400000,2.050000
1773986624.873947,0.090000,-0.180000,0.100000,4.430000,2.050000
1773986624.873947,0.020000,-0.040000,0.020000,5.120000,2.060000
1773986624.873947,-0.000000,0.000000,-0.000000,3.400000,2.070000
1773986624.873947,0.090000,-0.190000,0.100000,4.470000,2.070000
1773986624.873947,0.020000,-0.040000,0.020000,5.210000,2.080000
1773986624.873947,-0.000000,0.000000,-0.000000,3.400000,2.080000
1773986624.873947,0.100000,-0.210000,0.110000,4.740000,2.090000
1773986624.873947,0.020000,-0.040000,0.020000,5.100000,2.100000
1773986624.873947,-0.000000,0.000000,-0.000000,3.270000,2.100000
1773986624.873947,0.100000,-0.220000,0.120000,5.120000,2.110000
1773986624.873947,0.010000,-0.020000,0.020000,4.920000,2.120000
1773986624.873947,-0.000000,0.000000,-0.000000,3.180000,2.120000
1773986624.873947,0.100000,-0.220000,0.120000,5.320000,2.130000
1773986624.873947,0.010000,-0.040000,0.020000,4.850000,2.130000
1773986624.873947,-0.000000,0.000000,-0.000000,3.110000,2.140000
1773986624.873947,0.090000,-0.220000,0.120000,5.610000,2.150000
1773986624.873947,-0.000000,0.000000,-0.000000,4.560000,2.150000
1773986624.873947,0.050000,-0.040000,0.020000,2.910000,2.160000
1773986624.873947,0.050000,-0.090000,0.090000,5.950000,2.170000
1773986624.873947,-0.000000,0.000000,-0.000000,4.070000,2.170000
1773986624.873947,0.100000,-0.180000,0.090000,3.510000,2.180000
1773986624.873947,0.030000,-0.060000,0.030000,5.540000,2.190000
1773986624.873947,-0.000000,0.000000,-0.000000,3.420000,2.190000
1773986624.889733,0.120000,-0.240000,0.110000,4.970000,2.200000
1773986624.889733,0.020000,-0.050000,0.020000,4.850000,2.200000
1773986624.889733,0.010000,0.000000,-0.000000,2.970000,2.210000
1773986624.889733,0.100000,-0.210000,0.100000,5.860000,2.220000
1773986624.889733,-0.000000,-0.000000,-0.000000,4.160000,2.220000
1773986624.889733,0.100000,-0.200000,0.080000,3.290000,2.230000
1773986624.889733,0.030000,-0.060000,0.030000,5.640000,2.240000
1773986624.889733,-0.000000,0.000000,-0.000000,3.550000,2.240000
1773986624.889733,0.120000,-0.240000,0.110000,4.740000,2.250000
1773986624.889733,0.020000,-0.050000,0.020000,5.030000,2.250000
1773986624.889733,-0.000000,0.000000,-0.000000,3.060000,2.260000
1773986624.889733,0.120000,-0.220000,0.110000,5.680000,2.270000
1773986624.889733,0.000000,-0.020000,0.000000,4.400000,2.270000
1773986624.889733,0.090000,-0.100000,0.040000,3.040000,2.280000
1773986624.889733,0.030000,-0.060000,0.030000,5.900000,2.290000
1773986624.889733,-0.000000,0.000000,-0.000000,3.760000,2.290000
1773986624.936794,0.110000,-0.220000,0.110000,4.340000,2.300000
1773986624.936794,0.030000,-0.050000,0.020000,5.210000,2.300000
1773986624.936794,-0.000000,0.000000,-0.000000,3.150000,2.310000
1773986624.936794,0.120000,-0.230000,0.120000,5.540000,2.320000
1773986624.936794,0.020000,-0.040000,0.020000,4.490000,2.320000
1773986624.936794,0.060000,-0.120000,0.060000,8.030000,2.330000
1773986624.936794,0.070000,-0.140000,0.070000,10.760000,2.340000
1773986624.936794,0.080000,-0.150000,0.070000,10.690000,2.340000
1773986624.936794,0.090000,-0.170000,0.080000,10.620000,2.350000
1773986624.936794,0.090000,-0.180000,0.090000,10.550000,2.350000
1773986624.936794,0.100000,-0.190000,0.090000,10.490000,2.360000
1773986624.936794,0.100000,-0.200000,0.100000,10.420000,2.370000
1773986624.936794,0.100000,-0.200000,0.100000,10.350000,2.370000
1773986624.936794,0.100000,-0.200000,0.100000,10.270000,2.380000
1773986624.936794,0.100000,-0.200000,0.100000,10.220000,2.390000
1773986624.936794,0.100000,-0.200000,0.100000,10.180000,2.390000
1773986624.936794,0.100000,-0.200000,0.100000,10.110000,2.400000
1773986624.936794,0.100000,-0.210000,0.100000,10.060000,2.410000
1773986624.936794,0.100000,-0.210000,0.100000,10.000000,2.410000
1773986624.936794,0.100000,-0.200000,0.100000,9.950000,2.420000
1773986624.936794,0.100000,-0.200000,0.100000,9.890000,2.420000
1773986624.936794,0.100000,-0.200000,0.100000,10.000000,2.430000
1773986624.936794,0.100000,-0.200000,0.100000,9.970000,2.440000
1773986624.936794,0.100000,-0.200000,0.100000,9.980000,2.440000
1773986624.936794,0.100000,-0.200000,0.100000,9.950000,2.450000
1773986624.936794,0.100000,-0.210000,0.100000,9.980000,2.460000
1773986624.936794,0.100000,-0.200000,0.100000,9.980000,2.460000
1773986624.936794,0.100000,-0.200000,0.100000,9.970000,2.470000
1773986624.936794,0.100000,-0.200000,0.100000,9.970000,2.470000
1773986624.936794,0.100000,-0.200000,0.100000,9.970000,2.480000
1773986624.936794,0.100000,-0.200000,0.100000,9.970000,2.490000
1773986624.936794,0.100000,-0.200000,0.100000,9.970000,2.490000
1773986624.952711,0.100000,-0.210000,0.100000,9.970000,2.500000
1773986624.952711,0.100000,-0.210000,0.100000,9.970000,2.510000
1773986624.952711,0.100000,-0.210000,0.100000,9.970000,2.510000
1773986624.952711,0.100000,-0.210000,0.100000,9.970000,2.520000
1773986624.952711,0.100000,-0.210000,0.100000,9.970000,2.520000
1773986624.952711,0.100000,-0.200000,0.100000,9.970000,2.530000
1773986624.952711,0.100000,-0.210000,0.100000,9.970000,2.540000
1773986624.952711,0.100000,-0.210000,0.100000,9.970000,2.540000
1773986624.952711,0.100000,-0.210000,0.100000,9.950000,2.550000
1773986624.952711,0.100000,-0.210000,0.100000,9.980000,2.560000
1773986624.952711,0.100000,-0.210000,0.100000,9.980000,2.560000
1773986624.952711,0.100000,-0.210000,0.100000,9.970000,2.570000
1773986624.952711,0.100000,-0.200000,0.100000,9.970000,2.570000
1773986624.952711,0.100000,-0.200000,0.100000,9.970000,2.580000
1773986624.952711,0.100000,-0.200000,0.100000,9.980000,2.590000
1773986624.952711,0.100000,-0.200000,0.100000,9.970000,2.590000
1773986624.952711,0.100000,-0.200000,0.100000,9.970000,2.600000
1773986624.952711,0.100000,-0.200000,0.100000,9.970000,2.610000
1773986624.952711,0.100000,-0.200000,0.100000,9.970000,2.610000
1773986624.952711,0.100000,-0.200000,0.100000,9.970000,2.620000
1773986624.952711,0.100000,-0.200000,0.100000,9.970000,2.630000
1773986624.952711,0.100000,-0.200000,0.100000,9.970000,2.630000
1773986624.952711,0.100000,-0.210000,0.100000,9.970000,2.640000
1773986624.952711,0.100000,-0.200000,0.100000,9.970000,2.640000
1773986624.952711,0.100000,-0.200000,0.100000,9.970000,2.650000
1773986624.952711,0.100000,-0.200000,0.100000,9.970000,2.660000
1773986624.952711,0.100000,-0.200000,0.100000,9.970000,2.660000
1773986624.952711,0.100000,-0.210000,0.100000,9.980000,2.670000
1773986624.952711,0.100000,-0.210000,0.100000,9.970000,2.680000
1773986624.952711,0.100000,-0.210000,0.100000,9.970000,2.680000
1773986624.952711,0.100000,-0.210000,0.100000,9.970000,2.690000
1773986624.952711,0.100000,-0.210000,0.100000,9.970000,2.690000
1773986624.999696,0.100000,-0.210000,0.100000,9.970000,2.700000
1773986624.999696,0.100000,-0.200000,0.100000,9.970000,2.710000
1773986624.999696,0.100000,-0.200000,0.100000,9.970000,2.710000
1773986624.999696,0.100000,-0.200000,0.100000,9.970000,2.720000
1773986624.999696,0.100000,-0.200000,0.100000,9.970000,2.730000
1773986624.999696,0.100000,-0.200000,0.100000,9.980000,2.730000
1773986624.999696,0.100000,-0.200000,0.100000,9.980000,2.740000
1773986624.999696,0.100000,-0.210000,0.100000,9.980000,2.740000
1773986624.999696,0.100000,-0.210000,0.100000,9.970000,2.750000
1773986624.999696,0.100000,-0.200000,0.100000,9.970000,2.760000
1773986624.999696,0.100000,-0.210000,0.100000,9.980000,2.760000
1773986624.999696,0.100000,-0.210000,0.100000,9.970000,2.770000
1773986624.999696,0.100000,-0.200000,0.100000,9.970000,2.780000
1773986624.999696,0.100000,-0.210000,0.100000,9.980000,2.780000
1773986624.999696,0.100000,-0.210000,0.100000,9.970000,2.790000
1773986624.999696,0.100000,-0.210000,0.100000,9.970000,2.790000
1773986624.999696,0.100000,-0.210000,0.100000,9.970000,2.800000
1773986624.999696,0.100000,-0.210000,0.100000,9.970000,2.810000
1773986624.999696,0.100000,-0.210000,0.100000,9.970000,2.810000
1773986624.999696,0.100000,-0.210000,0.100000,9.970000,2.820000
1773986624.999696,0.100000,-0.210000,0.100000,10.000000,2.830000
1773986624.999696,0.100000,-0.210000,0.100000,9.980000,2.830000
1773986624.999696,0.100000,-0.200000,0.100000,9.970000,2.840000
1773986624.999696,0.100000,-0.210000,0.100000,9.980000,2.850000
1773986624.999696,0.100000,-0.200000,0.100000,9.970000,2.850000
1773986624.999696,0.100000,-0.210000,0.100000,9.970000,2.860000
1773986624.999696,0.100000,-0.210000,0.100000,9.970000,2.860000
1773986624.999696,0.100000,-0.210000,0.100000,9.980000,2.870000
1773986624.999696,0.100000,-0.210000,0.100000,9.970000,2.880000
1773986624.999696,0.100000,-0.200000,0.100000,9.970000,2.880000
1773986624.999696,0.100000,-0.200000,0.100000,9.970000,2.890000
1773986624.999696,0.100000,-0.210000,0.100000,9.980000,2.900000
1773986625.006448,0.100000,-0.210000,0.100000,9.970000,2.900000
1773986625.006448,0.100000,-0.210000,0.100000,9.970000,2.910000
1773986625.006448,0.100000,-0.200000,0.100000,9.970000,2.910000
1773986625.006448,0.100000,-0.210000,0.100000,9.980000,2.920000
1773986625.006448,0.100000,-0.210000,0.100000,9.970000,2.930000
1773986625.006448,0.100000,-0.200000,0.100000,9.970000,2.930000
1773986625.006448,0.100000,-0.210000,0.100000,9.970000,2.940000
1773986625.006448,0.100000,-0.200000,0.100000,9.970000,2.950000
1773986625.006448,0.100000,-0.210000,0.100000,9.980000,2.950000
1773986625.006448,0.100000,-0.200000,0.100000,9.950000,2.960000
1773986625.006448,0.100000,-0.200000,0.100000,9.970000,2.960000
1773986625.006448,0.100000,-0.210000,0.100000,9.970000,2.970000
1773986625.006448,0.100000,-0.200000,0.100000,9.970000,2.980000
1773986625.006448,0.100000,-0.210000,0.100000,9.980000,2.980000
1773986625.006448,0.100000,-0.210000,0.100000,9.980000,2.990000
1773986625.006448,0.100000,-0.200000,0.100000,9.970000,3.000000
1773986625.015378,0.100000,-0.200000,0.100000,9.970000,3.000000
1773986625.015378,0.100000,-0.210000,0.100000,9.970000,3.010000
1773986625.015378,0.100000,-0.210000,0.100000,9.970000,3.010000
1773986625.015378,0.100000,-0.200000,0.100000,9.970000,3.020000
1773986625.015378,0.100000,-0.210000,0.100000,9.970000,3.030000
1773986625.015378,0.100000,-0.210000,0.100000,9.980000,3.030000
1773986625.015378,0.100000,-0.210000,0.100000,9.970000,3.040000
1773986625.015378,0.100000,-0.200000,0.100000,9.970000,3.050000
1773986625.015378,0.100000,-0.210000,0.100000,9.970000,3.050000
1773986625.015378,0.100000,-0.200000,0.100000,9.970000,3.060000
1773986625.015378,0.100000,-0.210000,0.100000,9.970000,3.070000
1773986625.015378,0.100000,-0.210000,0.100000,9.970000,3.070000
1773986625.015378,0.100000,-0.200000,0.100000,9.970000,3.080000
1773986625.015378,0.100000,-0.210000,0.100000,9.970000,3.080000
1773986625.015378,0.100000,-0.210000,0.100000,9.980000,3.090000
1773986625.015378,0.100000,-0.210000,0.100000,9.970000,3.100000
1773986625.062299,0.100000,-0.200000,0.100000,9.950000,3.100000
1773986625.062299,0.100000,-0.200000,0.100000,9.970000,3.110000
1773986625.062299,0.100000,-0.210000,0.100000,9.980000,3.120000
1773986625.062299,0.100000,-0.200000,0.100000,9.970000,3.120000
1773986625.062299,0.100000,-0.210000,0.100000,9.970000,3.130000
1773986625.062299,0.100000,-0.210000,0.100000,9.970000,3.130000
1773986625.062299,0.100000,-0.210000,0.100000,9.970000,3.140000
1773986625.062299,0.100000,-0.210000,0.100000,9.970000,3.150000
1773986625.062299,0.100000,-0.200000,0.100000,9.970000,3.150000
1773986625.062299,0.100000,-0.210000,0.100000,9.970000,3.160000
1773986625.062299,0.100000,-0.210000,0.100000,9.970000,3.170000
1773986625.062299,0.100000,-0.200000,0.100000,9.970000,3.170000
1773986625.062299,0.100000,-0.210000,0.100000,9.970000,3.180000
1773986625.062299,0.100000,-0.200000,0.100000,9.970000,3.180000
1773986625.062299,0.100000,-0.210000,0.100000,9.980000,3.190000
1773986625.062299,0.100000,-0.210000,0.100000,9.950000,3.200000
1773986625.062299,0.100000,-0.210000,0.100000,9.970000,3.200000
1773986625.062299,0.100000,-0.210000,0.100000,9.970000,3.210000
1773986625.062299,0.100000,-0.200000,0.100000,9.970000,3.220000
1773986625.062299,0.100000,-0.210000,0.100000,9.970000,3.220000
1773986625.062299,0.100000,-0.210000,0.100000,9.980000,3.230000
1773986625.062299,0.100000,-0.210000,0.100000,9.950000,3.230000
1773986625.062299,0.100000,-0.200000,0.100000,9.970000,3.240000
1773986625.062299,0.100000,-0.210000,0.100000,9.970000,3.250000
1773986625.062299,0.100000,-0.210000,0.100000,9.980000,3.250000
1773986625.062299,0.100000,-0.210000,0.100000,9.970000,3.260000
1773986625.062299,0.100000,-0.210000,0.100000,9.950000,3.270000
1773986625.062299,0.100000,-0.210000,0.100000,9.970000,3.270000
1773986625.062299,0.100000,-0.200000,0.100000,9.970000,3.280000
1773986625.062299,0.100000,-0.210000,0.100000,9.970000,3.290000
1773986625.062299,0.100000,-0.200000,0.100000,9.980000,3.290000
1773986625.062299,0.100000,-0.200000,0.100000,9.970000,3.300000
1773986625.062299,0.100000,-0.210000,0.100000,9.970000,3.300000
1773986625.062299,0.100000,-0.210000,0.100000,9.970000,3.310000
1773986625.062299,0.100000,-0.200000,0.100000,9.970000,3.320000
1773986625.062299,0.100000,-0.210000,0.100000,9.980000,3.320000
1773986625.062299,0.100000,-0.200000,0.100000,9.970000,3.330000
1773986625.062299,0.100000,-0.210000,0.100000,9.980000,3.340000
1773986625.062299,0.100000,-0.200000,0.100000,9.970000,3.340000
1773986625.062299,0.100000,-0.210000,0.100000,9.970000,3.350000
1773986625.062299,0.100000,-0.210000,0.100000,9.970000,3.350000
1773986625.062299,0.100000,-0.200000,0.100000,9.970000,3.360000
1773986625.062299,0.100000,-0.200000,0.100000,9.970000,3.370000
1773986625.062299,0.100000,-0.210000,0.100000,9.970000,3.370000
1773986625.062299,0.100000,-0.210000,0.100000,9.970000,3.380000
1773986625.062299,0.100000,-0.210000,0.100000,9.970000,3.390000
1773986625.062299,0.100000,-0.200000,0.100000,9.980000,3.390000
1773986625.062299,0.100000,-0.210000,0.100000,9.970000,3.400000
1773986625.109890,0.100000,-0.210000,0.100000,9.970000,3.400000
1773986625.109890,0.100000,-0.210000,0.100000,9.980000,3.410000
1773986625.109890,0.100000,-0.200000,0.100000,9.970000,3.420000
1773986625.109890,0.100000,-0.200000,0.100000,9.970000,3.420000
1773986625.109890,0.100000,-0.210000,0.100000,9.980000,3.430000
1773986625.109890,0.100000,-0.200000,0.100000,9.970000,3.440000
1773986625.109890,0.100000,-0.210000,0.100000,9.980000,3.440000
1773986625.109890,0.100000,-0.210000,0.100000,9.970000,3.450000
1773986625.109890,0.100000,-0.200000,0.100000,9.970000,3.450000
1773986625.109890,0.100000,-0.200000,0.100000,9.970000,3.460000
1773986625.109890,0.100000,-0.200000,0.100000,9.970000,3.470000
1773986625.109890,0.100000,-0.210000,0.100000,9.970000,3.470000
1773986625.109890,0.100000,-0.200000,0.100000,9.970000,3.480000
1773986625.109890,0.100000,-0.210000,0.100000,9.970000,3.490000
1773986625.109890,0.100000,-0.210000,0.100000,9.970000,3.490000
1773986625.109890,0.100000,-0.210000,0.100000,9.970000,3.500000
1773986625.109890,0.100000,-0.210000,0.100000,9.970000,3.510000
1773986625.109890,0.100000,-0.200000,0.100000,9.970000,3.510000
1773986625.109890,0.100000,-0.200000,0.100000,9.980000,3.520000
1773986625.109890,0.100000,-0.210000,0.100000,9.950000,3.520000
1773986625.109890,0.100000,-0.210000,0.100000,9.970000,3.530000
1773986625.109890,0.100000,-0.210000,0.100000,9.950000,3.540000
1773986625.109890,0.100000,-0.210000,0.100000,9.970000,3.540000
1773986625.109890,0.100000,-0.200000,0.100000,9.970000,3.550000
1773986625.109890,0.100000,-0.210000,0.100000,9.980000,3.560000
1773986625.109890,0.100000,-0.210000,0.100000,9.970000,3.560000
1773986625.109890,0.100000,-0.210000,0.100000,9.980000,3.570000
1773986625.109890,0.100000,-0.200000,0.100000,9.980000,3.570000
1773986625.109890,0.100000,-0.210000,0.100000,9.980000,3.580000
1773986625.109890,0.100000,-0.210000,0.100000,9.970000,3.590000
1773986625.109890,0.100000,-0.210000,0.100000,9.980000,3.590000
1773986625.109890,0.100000,-0.200000,0.100000,9.970000,3.600000
1773986625.109890,0.100000,-0.210000,0.100000,9.970000,3.610000
1773986625.109890,0.100000,-0.210000,0.100000,9.970000,3.610000
1773986625.109890,0.100000,-0.210000,0.100000,9.950000,3.620000
1773986625.109890,0.100000,-0.210000,0.100000,9.970000,3.620000
1773986625.109890,0.100000,-0.210000,0.100000,9.970000,3.630000
1773986625.109890,0.100000,-0.210000,0.100000,9.980000,3.640000
1773986625.109890,0.100000,-0.200000,0.100000,9.980000,3.640000
1773986625.109890,0.100000,-0.200000,0.100000,9.970000,3.650000
1773986625.109890,0.100000,-0.200000,0.100000,9.970000,3.660000
1773986625.109890,0.100000,-0.210000,0.100000,9.970000,3.660000
1773986625.109890,0.100000,-0.210000,0.100000,9.980000,3.670000
1773986625.109890,0.100000,-0.210000,0.100000,9.970000,3.670000
1773986625.109890,0.100000,-0.200000,0.100000,9.950000,3.680000
1773986625.109890,0.100000,-0.200000,0.100000,9.970000,3.690000
1773986625.109890,0.100000,-0.210000,0.100000,9.970000,3.690000
1773986625.109890,0.100000,-0.210000,0.100000,9.970000,3.700000
1773986625.125629,0.100000,-0.200000,0.100000,9.970000,3.710000
1773986625.125629,0.100000,-0.200000,0.100000,9.950000,3.710000
1773986625.125629,0.100000,-0.200000,0.100000,9.970000,3.720000
1773986625.125629,0.100000,-0.210000,0.100000,9.970000,3.720000
1773986625.125629,0.100000,-0.210000,0.100000,9.970000,3.730000
1773986625.125629,0.100000,-0.210000,0.100000,10.020000,3.740000
1773986625.125629,0.100000,-0.200000,0.100000,9.970000,3.740000
1773986625.125629,0.100000,-0.210000,0.100000,9.970000,3.750000
1773986625.125629,0.100000,-0.210000,0.100000,9.980000,3.760000
1773986625.125629,0.100000,-0.200000,0.100000,9.970000,3.760000
1773986625.125629,0.100000,-0.210000,0.100000,9.980000,3.770000
1773986625.125629,0.100000,-0.200000,0.100000,9.980000,3.780000
1773986625.125629,0.100000,-0.210000,0.100000,9.970000,3.780000
1773986625.125629,0.100000,-0.210000,0.100000,9.970000,3.790000
1773986625.125629,0.100000,-0.210000,0.100000,9.970000,3.790000
1773986625.125629,0.100000,-0.210000,0.100000,9.970000,3.800000
1773986625.162657,0.100000,-0.200000,0.100000,9.950000,3.810000
1773986625.162657,0.100000,-0.210000,0.100000,9.980000,3.810000
1773986625.162657,0.100000,-0.210000,0.100000,9.970000,3.820000
1773986625.162657,0.100000,-0.210000,0.100000,9.970000,3.830000
1773986625.162657,0.100000,-0.210000,0.100000,9.980000,3.830000
1773986625.162657,0.100000,-0.200000,0.100000,9.970000,3.840000
1773986625.162657,0.100000,-0.210000,0.100000,9.980000,3.840000
1773986625.162657,0.100000,-0.210000,0.100000,9.970000,3.850000
1773986625.162657,0.100000,-0.210000,0.100000,9.970000,3.860000
1773986625.162657,0.100000,-0.210000,0.100000,9.970000,3.860000
1773986625.162657,0.100000,-0.210000,0.100000,9.970000,3.870000
1773986625.162657,0.100000,-0.210000,0.100000,9.970000,3.880000
1773986625.162657,0.100000,-0.200000,0.100000,9.970000,3.880000
1773986625.162657,0.100000,-0.210000,0.100000,9.970000,3.890000
1773986625.162657,0.100000,-0.210000,0.100000,9.970000,3.890000
1773986625.162657,0.100000,-0.200000,0.100000,9.970000,3.900000
1773986625.162657,0.100000,-0.210000,0.100000,9.970000,3.910000
1773986625.162657,0.100000,-0.200000,0.100000,9.970000,3.910000
1773986625.162657,0.100000,-0.210000,0.100000,9.980000,3.920000
1773986625.162657,0.100000,-0.210000,0.100000,9.970000,3.930000
1773986625.162657,0.100000,-0.200000,0.100000,9.970000,3.930000
1773986625.162657,0.100000,-0.200000,0.100000,9.970000,3.940000
1773986625.162657,0.100000,-0.210000,0.100000,9.970000,3.940000
1773986625.162657,0.100000,-0.210000,0.100000,9.980000,3.950000
1773986625.162657,0.100000,-0.210000,0.100000,9.970000,3.960000
1773986625.162657,0.100000,-0.200000,0.100000,9.970000,3.960000
1773986625.162657,0.100000,-0.210000,0.100000,9.970000,3.970000
1773986625.162657,0.100000,-0.210000,0.100000,9.970000,3.980000
1773986625.162657,0.100000,-0.210000,0.100000,9.970000,3.980000
1773986625.162657,0.100000,-0.210000,0.100000,9.970000,3.990000
1773986625.162657,0.100000,-0.200000,0.100000,9.970000,4.000000
1773986625.162657,0.100000,-0.200000,0.100000,9.970000,4.000000
1773986625.185378,0.100000,-0.210000,0.100000,9.970000,4.010000
1773986625.185378,0.100000,-0.200000,0.100000,9.970000,4.010000
1773986625.185378,0.100000,-0.210000,0.100000,9.980000,4.020000
1773986625.185378,0.100000,-0.210000,0.100000,9.970000,4.030000
1773986625.185378,0.100000,-0.210000,0.100000,9.970000,4.030000
1773986625.185378,0.100000,-0.210000,0.100000,9.970000,4.040000
1773986625.185378,0.100000,-0.210000,0.100000,9.980000,4.050000
1773986625.185378,0.100000,-0.210000,0.100000,9.980000,4.050000
1773986625.185378,0.100000,-0.210000,0.100000,9.970000,4.060000
1773986625.185378,0.100000,-0.210000,0.100000,9.980000,4.060000
1773986625.185378,0.100000,-0.210000,0.100000,9.970000,4.070000
1773986625.185378,0.100000,-0.200000,0.100000,9.970000,4.080000
1773986625.185378,0.100000,-0.200000,0.100000,9.970000,4.080000
1773986625.185378,0.100000,-0.210000,0.100000,9.980000,4.090000
1773986625.185378,0.100000,-0.200000,0.100000,9.970000,4.100000
1773986625.185378,0.100000,-0.200000,0.100000,9.970000,4.100000
1773986625.220431,0.100000,-0.200000,0.100000,9.980000,4.110000
1773986625.220431,0.100000,-0.200000,0.100000,9.970000,4.110000
1773986625.220431,0.100000,-0.210000,0.100000,9.970000,4.120000
1773986625.220431,0.100000,-0.210000,0.100000,9.980000,4.130000
1773986625.220431,0.100000,-0.200000,0.100000,9.970000,4.130000
1773986625.220431,0.100000,-0.200000,0.100000,9.980000,4.140000
1773986625.220431,0.100000,-0.210000,0.100000,9.970000,4.150000
1773986625.220431,0.100000,-0.210000,0.100000,9.980000,4.150000
1773986625.220431,0.100000,-0.210000,0.100000,9.980000,4.160000
1773986625.220431,0.100000,-0.210000,0.100000,9.970000,4.160000
1773986625.220431,0.100000,-0.210000,0.100000,9.970000,4.170000
1773986625.220431,0.100000,-0.200000,0.100000,9.970000,4.180000
1773986625.220431,0.100000,-0.210000,0.100000,9.970000,4.180000
1773986625.220431,0.100000,-0.200000,0.100000,9.970000,4.190000
1773986625.220431,0.100000,-0.210000,0.100000,9.970000,4.200000
1773986625.220431,0.100000,-0.210000,0.100000,9.970000,4.200000
1773986625.220431,0.100000,-0.200000,0.100000,9.980000,4.210000
1773986625.220431,0.100000,-0.210000,0.100000,9.970000,4.220000
1773986625.220431,0.100000,-0.200000,0.100000,9.970000,4.220000
1773986625.220431,0.100000,-0.200000,0.100000,9.970000,4.230000
1773986625.220431,0.100000,-0.210000,0.100000,9.970000,4.230000
1773986625.220431,0.100000,-0.210000,0.100000,9.970000,4.240000
1773986625.220431,0.100000,-0.210000,0.100000,9.970000,4.250000
1773986625.220431,0.100000,-0.200000,0.100000,9.970000,4.250000
1773986625.220431,0.100000,-0.210000,0.100000,9.970000,4.260000
1773986625.220431,0.100000,-0.210000,0.100000,9.970000,4.270000
1773986625.220431,0.100000,-0.200000,0.100000,9.970000,4.270000
1773986625.220431,0.100000,-0.200000,0.100000,9.980000,4.280000
1773986625.220431,0.100000,-0.210000,0.100000,9.980000,4.280000
1773986625.220431,0.100000,-0.200000,0.100000,9.970000,4.290000
1773986625.220431,0.100000,-0.200000,0.100000,9.970000,4.300000
1773986625.220431,0.100000,-0.200000,0.100000,9.970000,4.300000
1773986625.222185,0.100000,-0.200000,0.100000,9.970000,4.310000
1773986625.222185,0.100000,-0.200000,0.100000,9.970000,4.320000
1773986625.222185,0.100000,-0.210000,0.100000,9.970000,4.320000
1773986625.222185,0.100000,-0.210000,0.100000,9.970000,4.330000
1773986625.222185,0.100000,-0.210000,0.100000,9.970000,4.330000
1773986625.222185,0.100000,-0.200000,0.100000,9.970000,4.340000
1773986625.222185,0.100000,-0.210000,0.100000,9.970000,4.350000
1773986625.222185,0.100000,-0.210000,0.100000,9.970000,4.350000
1773986625.222185,0.100000,-0.200000,0.100000,9.980000,4.360000
1773986625.222185,0.100000,-0.200000,0.100000,9.970000,4.370000
1773986625.222185,0.100000,-0.210000,0.100000,9.970000,4.370000
1773986625.222185,0.100000,-0.200000,0.100000,9.970000,4.380000
1773986625.222185,0.100000,-0.210000,0.100000,9.970000,4.380000
1773986625.222185,0.100000,-0.210000,0.100000,9.970000,4.390000
1773986625.222185,0.100000,-0.210000,0.100000,9.970000,4.400000
1773986625.222185,0.100000,-0.200000,0.100000,9.970000,4.400000
1773986625.278790,0.100000,-0.210000,0.100000,9.970000,4.410000
1773986625.278790,0.100000,-0.200000,0.100000,9.970000,4.420000
1773986625.278790,0.100000,-0.210000,0.100000,9.970000,4.420000
1773986625.278790,0.100000,-0.200000,0.100000,9.970000,4.430000
1773986625.278790,0.100000,-0.210000,0.100000,9.980000,4.440000
1773986625.278790,0.100000,-0.200000,0.100000,9.970000,4.440000
1773986625.279318,0.100000,-0.210000,0.100000,9.970000,4.450000
1773986625.279318,0.100000,-0.200000,0.100000,9.970000,4.450000
1773986625.279318,0.100000,-0.200000,0.100000,9.970000,4.460000
1773986625.279318,0.100000,-0.200000,0.100000,9.970000,4.470000
1773986625.279318,0.100000,-0.210000,0.100000,9.970000,4.470000
1773986625.279318,0.100000,-0.210000,0.100000,9.970000,4.480000
1773986625.279318,0.100000,-0.210000,0.100000,9.980000,4.490000
1773986625.279318,0.100000,-0.210000,0.100000,9.950000,4.490000
1773986625.279318,0.100000,-0.210000,0.100000,9.980000,4.500000
1773986625.279318,0.100000,-0.210000,0.100000,9.970000,4.500000
1773986625.279318,0.100000,-0.210000,0.100000,9.970000,4.510000
1773986625.279318,0.100000,-0.210000,0.100000,9.970000,4.520000
1773986625.279318,0.100000,-0.200000,0.100000,9.970000,4.520000
1773986625.279318,0.100000,-0.210000,0.100000,9.980000,4.530000
1773986625.279318,0.100000,-0.200000,0.100000,9.970000,4.540000
1773986625.279318,0.100000,-0.200000,0.100000,9.970000,4.540000
1773986625.279318,0.100000,-0.200000,0.100000,9.980000,4.550000
1773986625.279318,0.100000,-0.200000,0.100000,9.970000,4.550000
1773986625.279318,0.100000,-0.210000,0.100000,9.970000,4.560000
1773986625.279318,0.100000,-0.200000,0.100000,9.950000,4.570000
1773986625.279318,0.100000,-0.210000,0.100000,9.970000,4.570000
1773986625.279318,0.100000,-0.210000,0.100000,9.970000,4.580000
1773986625.279318,0.100000,-0.210000,0.100000,9.970000,4.590000
1773986625.279318,0.100000,-0.210000,0.100000,9.980000,4.590000
1773986625.279318,0.100000,-0.200000,0.100000,9.970000,4.600000
1773986625.279318,0.100000,-0.210000,0.100000,9.970000,4.600000
1773986625.279318,0.100000,-0.210000,0.100000,9.970000,4.610000
1773986625.279318,0.100000,-0.200000,0.100000,9.980000,4.620000
1773986625.279318,0.100000,-0.200000,0.100000,9.970000,4.620000
1773986625.279318,0.100000,-0.200000,0.100000,9.970000,4.630000
1773986625.279318,0.100000,-0.210000,0.100000,9.970000,4.640000
1773986625.279318,0.100000,-0.210000,0.100000,9.970000,4.640000
1773986625.279318,0.100000,-0.210000,0.100000,9.970000,4.650000
1773986625.279318,0.100000,-0.210000,0.100000,9.970000,4.660000
1773986625.279318,0.100000,-0.210000,0.100000,9.970000,4.660000
1773986625.279318,0.100000,-0.210000,0.100000,9.970000,4.670000
1773986625.279318,0.100000,-0.210000,0.100000,9.950000,4.670000
1773986625.279318,0.100000,-0.200000,0.100000,9.970000,4.680000
1773986625.279318,0.100000,-0.200000,0.100000,9.970000,4.690000
1773986625.279318,0.100000,-0.210000,0.100000,9.970000,4.690000
1773986625.279318,0.100000,-0.210000,0.100000,9.970000,4.700000
1773986625.279318,0.100000,-0.200000,0.100000,9.970000,4.710000
1773986625.299225,0.100000,-0.210000,0.100000,9.980000,4.710000
1773986625.299225,0.100000,-0.210000,0.100000,9.980000,4.720000
1773986625.299225,0.100000,-0.210000,0.100000,9.970000,4.720000
1773986625.299225,0.100000,-0.210000,0.100000,9.970000,4.730000
1773986625.299225,0.100000,-0.210000,0.100000,9.970000,4.740000
1773986625.299225,0.100000,-0.200000,0.100000,9.970000,4.740000
1773986625.299225,0.100000,-0.210000,0.100000,9.970000,4.750000
1773986625.299225,0.100000,-0.200000,0.100000,9.970000,4.760000
1773986625.299225,0.100000,-0.210000,0.100000,9.980000,4.760000
1773986625.299225,0.100000,-0.210000,0.100000,9.970000,4.770000
1773986625.299225,0.100000,-0.200000,0.100000,9.970000,4.770000
1773986625.299225,0.100000,-0.210000,0.100000,9.970000,4.780000
1773986625.299225,0.100000,-0.210000,0.100000,9.970000,4.790000
1773986625.299225,0.100000,-0.210000,0.100000,9.980000,4.790000
1773986625.299225,0.100000,-0.200000,0.100000,9.970000,4.800000
1773986625.299225,0.100000,-0.200000,0.100000,9.970000,4.810000
1773986625.306180,0.100000,-0.210000,0.100000,9.970000,4.810000
1773986625.306180,0.100000,-0.200000,0.100000,9.970000,4.820000
1773986625.306180,0.100000,-0.210000,0.100000,9.980000,4.820000
1773986625.306180,0.100000,-0.200000,0.100000,9.970000,4.830000
1773986625.306180,0.100000,-0.200000,0.100000,9.970000,4.840000
1773986625.306180,0.100000,-0.210000,0.100000,9.970000,4.840000
1773986625.306180,0.100000,-0.200000,0.100000,9.970000,4.850000
1773986625.306180,0.100000,-0.210000,0.100000,9.970000,4.860000
1773986625.306180,0.100000,-0.210000,0.100000,9.970000,4.860000
1773986625.306180,0.100000,-0.210000,0.100000,9.970000,4.870000
1773986625.306180,0.100000,-0.210000,0.100000,9.970000,4.880000
1773986625.306180,0.100000,-0.200000,0.100000,9.970000,4.880000
1773986625.306180,0.100000,-0.210000,0.100000,9.970000,4.890000
1773986625.306180,0.100000,-0.210000,0.100000,9.970000,4.890000
1773986625.306180,0.100000,-0.210000,0.100000,9.970000,4.900000
1773986625.306180,0.100000,-0.210000,0.100000,9.950000,4.910000
1773986625.331204,0.100000,-0.210000,0.100000,9.980000,4.910000
1773986625.331204,0.100000,-0.210000,0.100000,9.970000,4.920000
1773986625.331204,0.100000,-0.200000,0.100000,9.980000,4.930000
1773986625.331204,0.100000,-0.210000,0.100000,9.980000,4.930000
1773986625.331204,0.100000,-0.210000,0.100000,9.970000,4.940000
1773986625.331204,0.100000,-0.200000,0.100000,9.980000,4.940000
1773986625.331204,0.100000,-0.210000,0.100000,9.970000,4.950000
1773986625.331204,0.100000,-0.200000,0.100000,9.970000,4.960000
1773986625.331204,0.100000,-0.210000,0.100000,9.980000,4.960000
1773986625.331204,0.100000,-0.210000,0.100000,9.970000,4.970000
1773986625.331204,0.100000,-0.210000,0.100000,9.970000,4.980000
1773986625.331204,0.100000,-0.200000,0.100000,9.970000,4.980000
1773986625.331204,0.100000,-0.210000,0.100000,9.980000,4.990000
1773986625.331204,0.100000,-0.210000,0.100000,9.970000,4.990000
1773986625.331204,0.100000,-0.200000,0.100000,9.980000,5.000000
1773986625.331204,0.100000,-0.210000,0.100000,9.970000,5.010000
1773986625.331204,0.100000,-0.210000,0.100000,9.950000,5.010000
1773986625.331204,0.100000,-0.210000,0.100000,9.970000,5.020000
1773986625.331204,0.100000,-0.210000,0.100000,9.970000,5.030000
1773986625.331204,0.100000,-0.210000,0.100000,9.980000,5.030000
1773986625.331204,0.100000,-0.210000,0.100000,9.970000,5.040000
1773986625.331204,0.100000,-0.210000,0.100000,9.970000,5.040000
1773986625.331204,0.100000,-0.210000,0.100000,9.970000,5.050000
1773986625.331204,0.100000,-0.200000,0.100000,9.970000,5.060000
1773986625.331204,0.100000,-0.200000,0.100000,9.970000,5.060000
1773986625.331204,0.100000,-0.200000,0.100000,9.980000,5.070000
1773986625.331204,0.100000,-0.200000,0.100000,9.970000,5.080000
1773986625.331204,0.100000,-0.210000,0.100000,9.970000,5.080000
1773986625.331204,0.100000,-0.200000,0.100000,9.970000,5.090000
1773986625.331204,0.100000,-0.210000,0.100000,9.970000,5.100000
1773986625.331204,0.100000,-0.210000,0.100000,9.950000,5.100000
1773986625.331204,0.100000,-0.210000,0.100000,9.980000,5.110000
1773986625.355508,0.100000,-0.210000,0.100000,9.970000,5.110000
1773986625.355508,0.100000,-0.210000,0.100000,9.970000,5.120000
1773986625.355508,0.100000,-0.200000,0.100000,9.970000,5.130000
1773986625.355508,0.100000,-0.200000,0.100000,9.970000,5.130000
1773986625.355508,0.100000,-0.210000,0.100000,9.950000,5.140000
1773986625.355508,0.100000,-0.210000,0.100000,9.970000,5.150000
1773986625.355508,0.100000,-0.200000,0.100000,9.980000,5.150000
1773986625.355508,0.100000,-0.210000,0.100000,9.970000,5.160000
1773986625.355508,0.100000,-0.200000,0.100000,9.970000,5.160000
1773986625.355508,0.100000,-0.210000,0.100000,9.970000,5.170000
1773986625.355508,0.100000,-0.200000,0.100000,9.980000,5.180000
1773986625.355508,0.100000,-0.210000,0.100000,9.970000,5.180000
1773986625.355508,0.100000,-0.200000,0.100000,9.970000,5.190000
1773986625.355508,0.100000,-0.210000,0.100000,9.970000,5.200000
1773986625.355508,0.100000,-0.210000,0.100000,9.970000,5.200000
1773986625.355508,0.100000,-0.210000,0.100000,9.970000,5.210000
1773986625.376529,0.100000,-0.210000,0.100000,9.970000,5.210000
1773986625.376529,0.100000,-0.210000,0.100000,9.980000,5.220000
1773986625.376529,0.100000,-0.210000,0.100000,9.970000,5.230000
1773986625.376529,0.100000,-0.210000,0.100000,9.970000,5.230000
1773986625.376529,0.100000,-0.200000,0.100000,9.970000,5.240000
1773986625.376529,0.100000,-0.210000,0.100000,9.970000,5.250000
1773986625.376529,0.100000,-0.210000,0.100000,9.970000,5.250000
1773986625.376529,0.100000,-0.210000,0.100000,9.970000,5.260000
1773986625.376529,0.100000,-0.210000,0.100000,9.970000,5.260000
1773986625.376529,0.100000,-0.210000,0.100000,9.970000,5.270000
1773986625.376529,0.100000,-0.210000,0.100000,9.970000,5.280000
1773986625.376529,0.100000,-0.210000,0.100000,9.970000,5.280000
1773986625.376529,0.100000,-0.210000,0.100000,9.970000,5.290000
1773986625.376529,0.100000,-0.200000,0.100000,9.980000,5.300000
1773986625.376529,0.100000,-0.200000,0.100000,9.980000,5.300000
1773986625.376529,0.100000,-0.200000,0.100000,9.970000,5.310000
1773986625.387588,0.100000,-0.210000,0.100000,9.970000,5.320000
1773986625.387588,0.100000,-0.210000,0.100000,9.970000,5.320000
1773986625.387588,0.100000,-0.210000,0.100000,9.970000,5.330000
1773986625.387588,0.100000,-0.200000,0.100000,9.970000,5.330000
1773986625.387588,0.100000,-0.210000,0.100000,9.980000,5.340000
1773986625.387588,0.100000,-0.210000,0.100000,9.970000,5.350000
1773986625.387588,0.100000,-0.210000,0.100000,9.970000,5.350000
1773986625.387588,0.100000,-0.200000,0.100000,9.970000,5.360000
1773986625.387588,0.100000,-0.210000,0.100000,9.970000,5.370000
1773986625.387588,0.100000,-0.200000,0.100000,9.970000,5.370000
1773986625.387588,0.100000,-0.210000,0.100000,9.970000,5.380000
1773986625.387588,0.100000,-0.210000,0.100000,9.970000,5.380000
1773986625.387588,0.100000,-0.200000,0.100000,9.970000,5.390000
1773986625.387588,0.100000,-0.210000,0.100000,9.970000,5.400000
1773986625.387588,0.100000,-0.210000,0.100000,9.970000,5.400000
1773986625.387588,0.100000,-0.210000,0.100000,9.970000,5.410000
1773986625.425281,0.100000,-0.200000,0.100000,9.970000,5.420000
1773986625.425281,0.100000,-0.200000,0.100000,9.970000,5.420000
1773986625.425281,0.100000,-0.200000,0.100000,9.970000,5.430000
1773986625.425281,0.100000,-0.210000,0.100000,9.970000,5.430000
1773986625.425281,0.100000,-0.200000,0.100000,9.970000,5.440000
1773986625.425281,0.100000,-0.200000,0.100000,9.970000,5.450000
1773986625.425281,0.100000,-0.210000,0.100000,9.970000,5.450000
1773986625.425281,0.100000,-0.210000,0.100000,9.970000,5.460000
1773986625.425281,0.100000,-0.210000,0.100000,9.970000,5.470000
1773986625.425281,0.100000,-0.200000,0.100000,9.970000,5.470000
1773986625.425281,0.100000,-0.210000,0.100000,9.970000,5.480000
1773986625.425281,0.100000,-0.200000,0.100000,9.970000,5.480000
1773986625.425281,0.100000,-0.210000,0.100000,9.970000,5.490000
1773986625.425281,0.100000,-0.200000,0.100000,9.970000,5.500000
1773986625.425281,0.100000,-0.210000,0.100000,9.970000,5.500000
1773986625.425281,0.100000,-0.210000,0.100000,9.970000,5.510000
1773986625.429412,0.100000,-0.200000,0.100000,9.980000,5.520000
1773986625.429412,0.100000,-0.200000,0.100000,9.970000,5.520000
1773986625.429412,0.100000,-0.210000,0.100000,9.980000,5.530000
1773986625.429412,0.100000,-0.200000,0.100000,9.980000,5.530000
1773986625.429412,0.100000,-0.210000,0.100000,9.970000,5.540000
1773986625.429412,0.100000,-0.210000,0.100000,9.970000,5.550000
1773986625.429412,0.100000,-0.210000,0.100000,9.970000,5.550000
1773986625.429412,0.100000,-0.200000,0.100000,9.970000,5.560000
1773986625.429412,0.100000,-0.210000,0.100000,9.970000,5.570000
1773986625.429412,0.100000,-0.210000,0.100000,9.980000,5.570000
1773986625.429412,0.100000,-0.210000,0.100000,9.970000,5.580000
1773986625.429412,0.100000,-0.210000,0.100000,9.970000,5.590000
1773986625.429412,0.100000,-0.200000,0.100000,9.970000,5.590000
1773986625.429412,0.100000,-0.200000,0.100000,9.970000,5.600000
1773986625.429412,0.100000,-0.210000,0.100000,9.970000,5.600000
1773986625.429412,0.100000,-0.210000,0.100000,9.970000,5.610000
1773986625.441404,0.100000,-0.210000,0.100000,9.970000,5.620000
1773986625.441404,0.100000,-0.200000,0.100000,9.970000,5.620000
1773986625.441404,0.100000,-0.210000,0.100000,9.980000,5.630000
1773986625.441404,0.100000,-0.210000,0.100000,9.970000,5.640000
1773986625.441404,0.100000,-0.210000,0.100000,9.970000,5.640000
1773986625.441404,0.100000,-0.210000,0.100000,9.980000,5.650000
1773986625.441404,0.100000,-0.210000,0.100000,9.970000,5.650000
1773986625.441404,0.100000,-0.210000,0.100000,9.970000,5.660000
1773986625.441404,0.100000,-0.200000,0.100000,9.970000,5.670000
1773986625.441404,0.100000,-0.210000,0.100000,9.970000,5.670000
1773986625.441404,0.100000,-0.210000,0.100000,9.980000,5.680000
1773986625.441404,0.100000,-0.210000,0.100000,9.970000,5.690000
1773986625.441404,0.100000,-0.200000,0.100000,9.950000,5.690000
1773986625.441404,0.100000,-0.210000,0.100000,9.970000,5.700000
1773986625.441404,0.100000,-0.210000,0.100000,9.970000,5.700000
1773986625.441404,0.100000,-0.210000,0.100000,9.970000,5.710000
1773986625.451213,0.100000,-0.210000,0.100000,9.970000,5.720000
1773986625.451213,0.100000,-0.200000,0.100000,9.970000,5.720000
1773986625.451213,0.100000,-0.210000,0.100000,9.980000,5.730000
1773986625.451213,0.100000,-0.210000,0.100000,9.950000,5.740000
1773986625.451213,0.100000,-0.210000,0.100000,9.970000,5.740000
1773986625.451213,0.100000,-0.210000,0.100000,9.970000,5.750000
1773986625.451213,0.100000,-0.210000,0.100000,9.970000,5.750000
1773986625.451213,0.100000,-0.210000,0.100000,9.970000,5.760000
1773986625.451213,0.100000,-0.200000,0.100000,9.970000,5.770000
1773986625.451213,0.100000,-0.210000,0.100000,9.970000,5.770000
1773986625.451213,0.100000,-0.210000,0.100000,9.970000,5.780000
1773986625.451213,0.100000,-0.210000,0.100000,9.970000,5.790000
1773986625.451213,0.100000,-0.210000,0.100000,9.970000,5.790000
1773986625.451213,0.100000,-0.210000,0.100000,9.970000,5.800000
1773986625.451213,0.100000,-0.200000,0.100000,9.950000,5.810000
1773986625.451213,0.100000,-0.200000,0.100000,9.970000,5.810000
1773986625.462582,0.100000,-0.210000,0.100000,9.970000,5.820000
1773986625.462582,0.100000,-0.200000,0.100000,9.950000,5.820000
1773986625.462582,0.100000,-0.210000,0.100000,9.970000,5.830000
1773986625.462582,0.100000,-0.210000,0.100000,9.970000,5.840000
1773986625.462582,0.100000,-0.200000,0.100000,9.970000,5.840000
1773986625.462582,0.100000,-0.200000,0.100000,9.980000,5.850000
1773986625.462582,0.100000,-0.210000,0.100000,9.980000,5.860000
1773986625.462582,0.100000,-0.210000,0.100000,9.970000,5.860000
1773986625.462582,0.100000,-0.210000,0.100000,9.970000,5.870000
1773986625.462582,0.100000,-0.210000,0.100000,9.970000,5.870000
1773986625.462582,0.100000,-0.210000,0.100000,9.970000,5.880000
1773986625.462582,0.100000,-0.200000,0.100000,9.970000,5.890000
1773986625.462582,0.100000,-0.210000,0.100000,9.970000,5.890000
1773986625.462582,0.100000,-0.200000,0.100000,9.970000,5.900000
1773986625.462582,0.100000,-0.210000,0.100000,9.970000,5.910000
1773986625.462582,0.100000,-0.210000,0.100000,9.970000,5.910000
1773986625.489110,0.100000,-0.210000,0.100000,9.970000,5.920000
1773986625.489110,0.100000,-0.200000,0.100000,9.970000,5.920000
1773986625.489110,0.100000,-0.200000,0.100000,9.980000,5.930000
1773986625.489110,0.100000,-0.200000,0.100000,9.970000,5.940000
1773986625.489110,0.100000,-0.200000,0.100000,9.970000,5.940000
1773986625.489110,0.100000,-0.210000,0.100000,9.970000,5.950000
1773986625.489110,0.100000,-0.200000,0.100000,9.980000,5.960000
1773986625.489110,0.100000,-0.200000,0.100000,9.970000,5.960000
1773986625.489110,0.100000,-0.210000,0.100000,9.970000,5.970000
1773986625.489110,0.100000,-0.200000,0.100000,9.970000,5.970000
1773986625.489110,0.100000,-0.210000,0.100000,9.980000,5.980000
1773986625.489110,0.100000,-0.200000,0.100000,9.970000,5.990000
1773986625.489110,0.100000,-0.200000,0.100000,9.970000,5.990000
1773986625.489110,0.100000,-0.210000,0.100000,9.950000,6.000000
1773986625.489110,0.100000,-0.200000,0.100000,9.970000,6.010000
1773986625.489110,0.100000,-0.210000,0.100000,9.970000,6.010000
1773986625.504931,0.100000,-0.210000,0.100000,9.970000,6.020000
1773986625.504931,0.100000,-0.210000,0.100000,9.970000,6.030000
1773986625.504931,0.100000,-0.210000,0.100000,9.970000,6.030000
1773986625.504931,0.100000,-0.210000,0.100000,9.980000,6.040000
1773986625.504931,0.100000,-0.200000,0.100000,9.970000,6.040000
1773986625.504931,0.100000,-0.210000,0.100000,9.970000,6.050000
1773986625.504931,0.100000,-0.210000,0.100000,9.950000,6.060000
1773986625.504931,0.100000,-0.200000,0.100000,9.970000,6.060000
1773986625.504931,0.100000,-0.210000,0.100000,9.970000,6.070000
1773986625.504931,0.100000,-0.210000,0.100000,9.970000,6.080000
1773986625.504931,0.100000,-0.210000,0.100000,9.980000,6.080000
1773986625.504931,0.100000,-0.200000,0.100000,9.970000,6.090000
1773986625.504931,0.100000,-0.210000,0.100000,9.970000,6.090000
1773986625.504931,0.100000,-0.210000,0.100000,9.970000,6.100000
1773986625.504931,0.100000,-0.210000,0.100000,9.970000,6.110000
1773986625.504931,0.100000,-0.210000,0.100000,9.970000,6.110000
1773986625.513307,0.100000,-0.200000,0.100000,9.980000,6.120000
1773986625.513307,0.100000,-0.200000,0.100000,9.980000,6.130000
1773986625.513307,0.100000,-0.200000,0.100000,9.970000,6.130000
1773986625.513307,0.100000,-0.210000,0.100000,9.970000,6.140000
1773986625.513307,0.100000,-0.210000,0.100000,9.970000,6.140000
1773986625.513307,0.100000,-0.210000,0.100000,9.980000,6.150000
1773986625.513307,0.100000,-0.210000,0.100000,9.970000,6.160000
1773986625.513307,0.100000,-0.210000,0.100000,9.950000,6.160000
1773986625.513307,0.100000,-0.200000,0.100000,9.970000,6.170000
1773986625.513307,0.100000,-0.200000,0.100000,9.970000,6.180000
1773986625.513307,0.100000,-0.210000,0.100000,9.980000,6.180000
1773986625.513307,0.100000,-0.200000,0.100000,9.970000,6.190000
1773986625.513307,0.100000,-0.210000,0.100000,9.980000,6.190000
1773986625.513307,0.100000,-0.210000,0.100000,9.970000,6.200000
1773986625.513307,0.100000,-0.210000,0.100000,9.970000,6.210000
1773986625.513307,0.100000,-0.210000,0.100000,9.970000,6.210000
1773986625.525137,0.100000,-0.210000,0.100000,9.970000,6.220000
1773986625.525137,0.100000,-0.210000,0.100000,9.970000,6.230000
1773986625.525137,0.100000,-0.200000,0.100000,9.970000,6.230000
1773986625.525137,0.100000,-0.210000,0.100000,9.980000,6.240000
1773986625.525137,0.100000,-0.210000,0.100000,9.970000,6.250000
1773986625.525137,0.100000,-0.210000,0.100000,9.970000,6.250000
1773986625.525137,0.100000,-0.210000,0.100000,9.980000,6.260000
1773986625.525137,0.100000,-0.200000,0.100000,9.970000,6.260000
1773986625.525137,0.100000,-0.200000,0.100000,9.970000,6.270000
1773986625.525137,0.100000,-0.210000,0.100000,9.980000,6.280000
1773986625.525137,0.100000,-0.200000,0.100000,9.980000,6.280000
1773986625.525137,0.100000,-0.200000,0.100000,9.970000,0.010000
1773986625.525137,0.100000,-0.210000,0.100000,9.970000,0.010000
1773986625.525137,0.100000,-0.200000,0.100000,9.970000,0.020000
1773986625.525137,0.100000,-0.200000,0.100000,9.970000,0.020000
1773986625.525137,0.100000,-0.210000,0.100000,9.980000,0.030000
1773986625.552703,0.100000,-0.200000,0.100000,9.970000,0.040000
1773986625.552703,0.100000,-0.210000,0.100000,9.970000,0.040000
1773986625.552703,0.100000,-0.200000,0.100000,9.980000,0.050000
1773986625.552703,0.100000,-0.210000,0.100000,9.970000,0.060000
1773986625.552703,0.100000,-0.200000,0.100000,9.970000,0.060000
1773986625.552703,0.100000,-0.210000,0.100000,9.970000,0.070000
1773986625.552703,0.100000,-0.210000,0.100000,9.970000,0.080000
1773986625.552703,0.100000,-0.200000,0.100000,9.970000,0.080000
1773986625.552703,0.100000,-0.210000,0.100000,9.980000,0.090000
1773986625.552703,0.100000,-0.200000,0.100000,9.970000,0.090000
1773986625.552703,0.100000,-0.210000,0.100000,9.970000,0.100000
1773986625.552703,0.100000,-0.210000,0.100000,9.980000,0.110000
1773986625.552703,0.100000,-0.200000,0.100000,9.970000,0.110000
1773986625.552703,0.100000,-0.200000,0.100000,9.970000,0.120000
1773986625.552703,0.100000,-0.200000,0.100000,9.970000,0.130000
1773986625.552703,0.100000,-0.210000,0.100000,9.970000,0.130000
1773986625.568758,0.100000,-0.210000,0.100000,9.970000,0.140000
1773986625.568758,0.100000,-0.210000,0.100000,9.970000,0.140000
1773986625.568758,0.100000,-0.210000,0.100000,9.970000,0.150000
1773986625.568758,0.100000,-0.200000,0.100000,9.980000,0.160000
1773986625.568758,0.100000,-0.210000,0.100000,9.970000,0.160000
1773986625.568758,0.100000,-0.200000,0.100000,9.970000,0.170000
1773986625.568758,0.100000,-0.210000,0.100000,9.980000,0.180000
1773986625.568758,0.100000,-0.210000,0.100000,9.970000,0.180000
1773986625.568758,0.100000,-0.200000,0.100000,9.970000,0.190000
1773986625.568758,0.100000,-0.200000,0.100000,9.980000,0.190000
1773986625.568758,0.100000,-0.210000,0.100000,9.970000,0.200000
1773986625.568758,0.100000,-0.210000,0.100000,9.980000,0.210000
1773986625.568758,0.100000,-0.200000,0.100000,9.970000,0.210000
1773986625.568758,0.100000,-0.210000,0.100000,9.980000,0.220000
1773986625.568758,0.100000,-0.200000,0.100000,9.970000,0.230000
1773986625.568758,0.100000,-0.210000,0.100000,9.970000,0.230000
1773986625.584812,0.100000,-0.210000,0.100000,9.970000,0.240000
1773986625.584812,0.100000,-0.200000,0.100000,9.970000,0.240000
1773986625.584812,0.100000,-0.210000,0.100000,9.980000,0.250000
1773986625.584812,0.100000,-0.200000,0.100000,9.970000,0.260000
1773986625.584812,0.100000,-0.200000,0.100000,9.980000,0.260000
1773986625.584812,0.100000,-0.200000,0.100000,9.950000,0.270000
1773986625.584812,0.100000,-0.210000,0.100000,9.970000,0.280000
1773986625.584812,0.100000,-0.210000,0.100000,9.970000,0.280000
1773986625.584812,0.100000,-0.210000,0.100000,9.980000,0.290000
1773986625.584812,0.100000,-0.210000,0.100000,9.970000,0.290000
1773986625.584812,0.100000,-0.200000,0.100000,9.970000,0.300000
1773986625.584812,0.100000,-0.200000,0.100000,9.970000,0.310000
1773986625.584812,0.100000,-0.210000,0.100000,9.980000,0.310000
1773986625.584812,0.100000,-0.200000,0.100000,9.980000,0.320000
1773986625.584812,0.100000,-0.210000,0.100000,9.980000,0.330000
1773986625.584812,0.100000,-0.210000,0.100000,9.970000,0.330000
1773986625.593841,0.100000,-0.200000,0.100000,9.970000,0.340000
1773986625.593841,0.100000,-0.200000,0.100000,9.970000,0.350000
1773986625.593841,0.100000,-0.210000,0.100000,9.970000,0.350000
1773986625.593841,0.100000,-0.200000,0.100000,9.970000,0.360000
1773986625.593841,0.100000,-0.200000,0.100000,9.970000,0.360000
1773986625.593841,0.100000,-0.210000,0.100000,9.970000,0.370000
1773986625.593841,0.100000,-0.210000,0.100000,9.980000,0.380000
1773986625.593841,0.100000,-0.200000,0.100000,9.970000,0.380000
1773986625.593841,0.100000,-0.210000,0.100000,9.970000,0.390000
1773986625.593841,0.100000,-0.200000,0.100000,9.980000,0.400000
1773986625.593841,0.100000,-0.210000,0.100000,9.980000,0.400000
1773986625.593841,0.100000,-0.210000,0.100000,9.970000,0.410000
1773986625.593841,0.100000,-0.210000,0.100000,9.980000,0.410000
1773986625.593841,0.100000,-0.200000,0.100000,9.970000,0.420000
1773986625.593841,0.100000,-0.210000,0.100000,9.980000,0.430000
1773986625.593841,0.100000,-0.210000,0.100000,9.970000,0.430000
1773986625.616075,0.100000,-0.210000,0.100000,9.970000,0.440000
1773986625.616075,0.100000,-0.200000,0.100000,9.970000,0.450000
1773986625.616075,0.100000,-0.200000,0.100000,9.970000,0.450000
1773986625.616075,0.100000,-0.210000,0.100000,9.970000,0.460000
1773986625.616075,0.100000,-0.210000,0.100000,9.970000,0.460000
1773986625.616075,0.100000,-0.200000,0.100000,9.950000,0.470000
1773986625.616075,0.100000,-0.210000,0.100000,9.980000,0.480000
1773986625.616075,0.100000,-0.210000,0.100000,9.970000,0.480000
1773986625.616075,0.100000,-0.210000,0.100000,9.970000,0.490000
1773986625.616075,0.100000,-0.200000,0.100000,9.970000,0.500000
1773986625.616075,0.100000,-0.210000,0.100000,9.970000,0.500000
1773986625.616075,0.100000,-0.210000,0.100000,9.970000,0.510000
1773986625.616075,0.100000,-0.200000,0.100000,9.970000,0.510000
1773986625.616075,0.100000,-0.200000,0.100000,9.970000,0.520000
1773986625.616075,0.100000,-0.210000,0.100000,9.970000,0.530000
1773986625.616075,0.100000,-0.210000,0.100000,9.980000,0.530000
1773986625.631342,0.100000,-0.210000,0.100000,9.950000,0.540000
1773986625.631342,0.100000,-0.200000,0.100000,9.970000,0.550000
1773986625.631342,0.100000,-0.210000,0.100000,9.970000,0.550000
1773986625.631342,0.100000,-0.200000,0.100000,9.970000,0.560000
1773986625.631342,0.100000,-0.200000,0.100000,9.970000,0.570000
1773986625.631342,0.100000,-0.200000,0.100000,9.970000,0.570000
1773986625.631342,0.100000,-0.210000,0.100000,9.980000,0.580000
1773986625.631342,0.100000,-0.210000,0.100000,9.980000,0.580000
1773986625.631342,0.100000,-0.210000,0.100000,9.980000,0.590000
1773986625.631342,0.100000,-0.200000,0.100000,9.970000,0.600000
1773986625.631342,0.100000,-0.200000,0.100000,9.970000,0.600000
1773986625.631342,0.100000,-0.210000,0.100000,9.980000,0.610000
1773986625.631342,0.100000,-0.210000,0.100000,9.970000,0.620000
1773986625.631342,0.100000,-0.210000,0.100000,9.970000,0.620000
1773986625.631342,0.100000,-0.200000,0.100000,9.970000,0.630000
1773986625.631342,0.100000,-0.210000,0.100000,9.970000,0.630000
1773986625.642020,0.100000,-0.200000,0.100000,9.970000,0.640000
1773986625.642020,0.100000,-0.210000,0.100000,9.970000,0.650000
1773986625.642020,0.100000,-0.200000,0.100000,9.970000,0.650000
1773986625.642020,0.100000,-0.210000,0.100000,9.970000,0.660000
1773986625.642020,0.100000,-0.210000,0.100000,9.980000,0.670000
1773986625.642020,0.100000,-0.200000,0.100000,9.970000,0.670000
1773986625.642020,0.100000,-0.210000,0.100000,9.970000,0.680000
1773986625.642020,0.100000,-0.210000,0.100000,9.980000,0.680000
1773986625.642020,0.100000,-0.200000,0.100000,9.950000,0.690000
1773986625.642020,0.100000,-0.210000,0.100000,9.970000,0.700000
1773986625.642020,0.100000,-0.210000,0.100000,9.970000,0.700000
1773986625.642020,0.100000,-0.200000,0.100000,9.970000,0.710000
1773986625.642020,0.100000,-0.200000,0.100000,9.970000,0.720000
1773986625.642020,0.100000,-0.210000,0.100000,9.970000,0.720000
1773986625.642020,0.100000,-0.200000,0.100000,9.970000,0.730000
1773986625.642020,0.100000,-0.210000,0.100000,9.980000,0.730000
1773986625.654104,0.100000,-0.210000,0.100000,9.970000,0.740000
1773986625.654104,0.100000,-0.210000,0.100000,9.970000,0.750000
1773986625.654104,0.100000,-0.210000,0.100000,9.970000,0.750000
1773986625.654104,0.100000,-0.200000,0.100000,9.950000,0.760000
1773986625.654104,0.100000,-0.210000,0.100000,9.970000,0.770000
1773986625.654104,0.100000,-0.200000,0.100000,9.980000,0.770000
1773986625.654104,0.100000,-0.210000,0.100000,9.970000,0.780000
1773986625.654104,0.100000,-0.200000,0.100000,9.970000,0.790000
1773986625.654104,0.100000,-0.200000,0.100000,9.970000,0.790000
1773986625.654104,0.100000,-0.200000,0.100000,9.970000,0.800000
1773986625.654104,0.100000,-0.200000,0.100000,9.970000,0.800000
1773986625.654104,0.100000,-0.200000,0.100000,9.970000,0.810000
1773986625.654104,0.100000,-0.210000,0.100000,9.970000,0.820000
1773986625.654104,0.100000,-0.210000,0.100000,9.970000,0.820000
1773986625.654104,0.100000,-0.210000,0.100000,9.970000,0.830000
1773986625.654104,0.100000,-0.210000,0.100000,9.970000,0.840000
1773986625.678601,0.100000,-0.210000,0.100000,9.970000,0.840000
1773986625.678601,0.100000,-0.200000,0.100000,9.970000,0.850000
1773986625.678601,0.100000,-0.210000,0.100000,9.970000,0.850000
1773986625.678601,0.100000,-0.200000,0.100000,9.970000,0.860000
1773986625.678601,0.100000,-0.200000,0.100000,9.970000,0.870000
1773986625.678601,0.100000,-0.210000,0.100000,9.970000,0.870000
1773986625.678601,0.100000,-0.210000,0.100000,9.980000,0.880000
1773986625.678601,0.100000,-0.200000,0.100000,9.970000,0.890000
1773986625.678601,0.100000,-0.200000,0.100000,9.970000,0.890000
1773986625.678601,0.100000,-0.210000,0.100000,9.980000,0.900000
1773986625.678601,0.100000,-0.200000,0.100000,9.970000,0.900000
1773986625.678601,0.100000,-0.200000,0.100000,9.970000,0.910000
1773986625.678601,0.100000,-0.210000,0.100000,9.970000,0.920000
1773986625.678601,0.100000,-0.210000,0.100000,9.980000,0.920000
1773986625.678601,0.100000,-0.200000,0.100000,9.970000,0.930000
1773986625.678601,0.100000,-0.210000,0.100000,9.970000,0.940000
1773986625.694499,0.100000,-0.200000,0.100000,9.970000,0.940000
1773986625.694499,0.100000,-0.200000,0.100000,9.970000,0.950000
1773986625.694499,0.100000,-0.210000,0.100000,9.980000,0.950000
1773986625.694499,0.100000,-0.200000,0.100000,9.970000,0.960000
1773986625.694499,0.100000,-0.200000,0.100000,9.970000,0.970000
1773986625.694499,0.100000,-0.200000,0.100000,9.970000,0.970000
1773986625.694499,0.100000,-0.210000,0.100000,9.970000,0.980000
1773986625.694499,0.100000,-0.210000,0.100000,9.970000,0.990000
1773986625.694499,0.100000,-0.200000,0.100000,9.970000,0.990000
1773986625.694499,0.100000,-0.210000,0.100000,9.970000,1.000000
1773986625.694499,0.100000,-0.200000,0.100000,9.970000,1.010000
1773986625.694499,0.100000,-0.200000,0.100000,9.970000,1.010000
1773986625.694499,0.100000,-0.210000,0.100000,9.980000,1.020000
1773986625.694499,0.100000,-0.200000,0.100000,9.970000,1.020000
1773986625.694499,0.100000,-0.210000,0.100000,9.980000,1.030000
1773986625.694499,0.100000,-0.210000,0.100000,9.970000,1.040000
1773986625.710142,0.100000,-0.200000,0.100000,9.970000,1.040000
1773986625.710142,0.100000,-0.200000,0.100000,9.970000,1.050000
1773986625.710142,0.100000,-0.210000,0.100000,9.970000,1.060000
1773986625.710142,0.100000,-0.200000,0.100000,9.970000,1.060000
1773986625.710142,0.100000,-0.200000,0.100000,9.980000,1.070000
1773986625.710142,0.100000,-0.210000,0.100000,9.950000,1.070000
1773986625.710142,0.100000,-0.210000,0.100000,9.980000,1.080000
1773986625.710142,0.100000,-0.210000,0.100000,9.970000,1.090000
1773986625.710142,0.100000,-0.210000,0.100000,9.970000,1.090000
1773986625.710142,0.100000,-0.210000,0.100000,9.970000,1.100000
1773986625.710142,0.100000,-0.200000,0.100000,9.970000,1.110000
1773986625.710142,0.100000,-0.210000,0.100000,9.970000,1.110000
1773986625.710142,0.100000,-0.210000,0.100000,9.980000,1.120000
1773986625.710142,0.100000,-0.210000,0.100000,9.970000,1.120000
1773986625.710142,0.100000,-0.210000,0.100000,9.950000,1.130000
1773986625.710142,0.100000,-0.200000,0.100000,9.970000,1.140000
1773986625.722893,0.100000,-0.200000,0.100000,9.980000,1.140000
1773986625.722893,0.100000,-0.200000,0.100000,9.980000,1.150000
1773986625.722893,0.100000,-0.210000,0.100000,9.970000,1.160000
1773986625.722893,0.100000,-0.210000,0.100000,9.950000,1.160000
1773986625.722893,0.100000,-0.210000,0.100000,9.970000,1.170000
1773986625.722893,0.100000,-0.200000,0.100000,9.970000,1.170000
1773986625.722893,0.100000,-0.210000,0.100000,9.970000,1.180000
1773986625.722893,0.100000,-0.210000,0.100000,9.970000,1.190000
1773986625.722893,0.100000,-0.200000,0.100000,9.970000,1.190000
1773986625.722893,0.100000,-0.210000,0.100000,9.970000,1.200000
1773986625.722893,0.100000,-0.200000,0.100000,9.970000,1.210000
1773986625.722893,0.100000,-0.210000,0.100000,9.970000,1.210000
1773986625.722893,0.100000,-0.200000,0.100000,9.970000,1.220000
1773986625.722893,0.100000,-0.210000,0.100000,9.970000,1.220000
1773986625.722893,0.100000,-0.200000,0.100000,9.970000,1.230000
1773986625.722893,0.100000,-0.210000,0.100000,9.970000,1.240000
1773986625.741204,0.100000,-0.210000,0.100000,9.980000,1.240000
1773986625.741204,0.100000,-0.200000,0.100000,9.970000,1.250000
1773986625.741204,0.100000,-0.210000,0.100000,9.980000,1.260000
1773986625.741204,0.100000,-0.200000,0.100000,9.970000,1.260000
1773986625.741204,0.100000,-0.210000,0.100000,9.970000,1.270000
1773986625.741204,0.100000,-0.210000,0.100000,9.950000,1.280000
1773986625.741204,0.100000,-0.210000,0.100000,9.970000,1.280000
1773986625.741204,0.100000,-0.210000,0.100000,9.970000,1.290000
1773986625.741204,0.100000,-0.210000,0.100000,9.970000,1.290000
1773986625.741204,0.100000,-0.210000,0.100000,9.970000,1.300000
1773986625.741204,0.100000,-0.200000,0.100000,9.970000,1.310000
1773986625.741204,0.100000,-0.200000,0.100000,9.980000,1.310000
1773986625.741204,0.100000,-0.200000,0.100000,9.970000,1.320000
1773986625.741204,0.100000,-0.210000,0.100000,9.980000,1.330000
1773986625.741204,0.100000,-0.210000,0.100000,9.970000,1.330000
1773986625.741204,0.100000,-0.210000,0.100000,9.970000,1.340000
1773986625.753266,0.100000,-0.200000,0.100000,9.970000,1.340000
1773986625.753266,0.100000,-0.200000,0.100000,9.950000,1.350000
1773986625.753266,0.100000,-0.200000,0.100000,9.970000,1.360000
1773986625.753266,0.100000,-0.210000,0.100000,9.970000,1.360000
1773986625.753266,0.100000,-0.210000,0.100000,9.970000,1.370000
1773986625.753266,0.100000,-0.200000,0.100000,9.970000,1.380000
1773986625.753266,0.100000,-0.210000,0.100000,9.980000,1.380000
1773986625.753266,0.100000,-0.210000,0.100000,9.970000,1.390000
1773986625.753266,0.100000,-0.210000,0.100000,9.980000,1.390000
1773986625.753266,0.100000,-0.210000,0.100000,9.970000,1.400000
1773986625.753266,0.100000,-0.210000,0.100000,9.970000,1.410000
1773986625.753266,0.100000,-0.200000,0.100000,9.980000,1.410000
1773986625.753266,0.100000,-0.200000,0.100000,9.970000,1.420000
1773986625.753266,0.100000,-0.200000,0.100000,9.970000,1.430000
1773986625.753266,0.100000,-0.200000,0.100000,9.950000,1.430000
1773986625.753266,0.100000,-0.200000,0.100000,9.970000,1.440000
1773986625.768838,0.100000,-0.210000,0.100000,9.970000,1.440000
1773986625.768838,0.100000,-0.200000,0.100000,9.970000,1.450000
1773986625.768838,0.100000,-0.210000,0.100000,9.980000,1.460000
1773986625.768838,0.100000,-0.210000,0.100000,9.970000,1.460000
1773986625.768838,0.100000,-0.210000,0.100000,9.980000,1.470000
1773986625.768838,0.100000,-0.210000,0.100000,9.970000,1.480000
1773986625.768838,0.100000,-0.210000,0.100000,9.970000,1.480000
1773986625.768838,0.100000,-0.210000,0.100000,9.970000,1.490000
1773986625.768838,0.100000,-0.200000,0.100000,9.970000,1.500000
1773986625.768838,0.100000,-0.210000,0.100000,9.970000,1.500000
1773986625.770106,0.100000,-0.200000,0.100000,9.970000,1.510000
1773986625.770106,0.100000,-0.200000,0.100000,9.970000,1.510000
1773986625.770106,0.100000,-0.210000,0.100000,9.970000,1.520000
1773986625.770106,0.100000,-0.200000,0.100000,9.970000,1.530000
1773986625.770106,0.100000,-0.210000,0.100000,9.970000,1.530000
1773986625.770106,0.100000,-0.210000,0.100000,9.970000,1.540000
1773986625.788130,0.100000,-0.200000,0.100000,9.970000,1.550000
1773986625.788130,0.100000,-0.200000,0.100000,9.970000,1.550000
1773986625.788130,0.100000,-0.200000,0.100000,9.980000,1.560000
1773986625.788130,0.100000,-0.210000,0.100000,9.970000,1.560000
1773986625.788130,0.100000,-0.200000,0.100000,9.970000,1.570000
1773986625.788130,0.100000,-0.200000,0.100000,9.950000,1.580000
1773986625.788130,0.100000,-0.200000,0.100000,9.970000,1.580000
1773986625.788130,0.100000,-0.210000,0.100000,9.980000,1.590000
1773986625.788130,0.100000,-0.200000,0.100000,9.970000,1.600000
1773986625.788130,0.100000,-0.210000,0.100000,9.970000,1.600000
1773986625.788130,0.100000,-0.210000,0.100000,9.970000,1.610000
1773986625.788130,0.100000,-0.210000,0.100000,9.970000,1.610000
1773986625.788130,0.100000,-0.200000,0.100000,9.970000,1.620000
1773986625.788130,0.100000,-0.200000,0.100000,9.930000,1.630000
1773986625.788130,0.100000,-0.200000,0.100000,9.970000,1.630000
1773986625.788130,0.100000,-0.210000,0.100000,9.980000,1.640000
1773986625.803821,0.100000,-0.200000,0.100000,9.970000,1.650000
1773986625.803821,0.100000,-0.200000,0.100000,9.970000,1.650000
1773986625.803821,0.100000,-0.210000,0.100000,9.970000,1.660000
1773986625.803821,0.100000,-0.210000,0.100000,9.970000,1.660000
1773986625.803821,0.100000,-0.210000,0.100000,9.980000,1.670000
1773986625.803821,0.100000,-0.200000,0.100000,9.970000,1.680000
1773986625.803821,0.100000,-0.210000,0.100000,9.980000,1.680000
1773986625.803821,0.100000,-0.200000,0.100000,9.970000,1.690000
1773986625.803821,0.100000,-0.200000,0.100000,9.970000,1.700000
1773986625.803821,0.100000,-0.210000,0.100000,9.980000,1.700000
1773986625.803821,0.100000,-0.200000,0.100000,9.970000,1.710000
1773986625.803821,0.100000,-0.200000,0.100000,9.970000,1.710000
1773986625.803821,0.100000,-0.210000,0.100000,9.970000,1.720000
1773986625.803821,0.100000,-0.200000,0.100000,9.980000,1.730000
1773986625.803821,0.100000,-0.200000,0.100000,9.970000,1.730000
1773986625.803821,0.100000,-0.210000,0.100000,9.980000,1.740000
1773986625.819548,0.100000,-0.200000,0.100000,9.970000,1.750000
1773986625.819548,0.100000,-0.200000,0.100000,9.970000,1.750000
1773986625.819548,0.100000,-0.210000,0.100000,9.970000,1.760000
1773986625.819548,0.100000,-0.210000,0.100000,9.970000,1.770000
1773986625.819548,0.100000,-0.200000,0.100000,9.980000,1.770000
1773986625.819548,0.100000,-0.200000,0.100000,9.970000,1.780000
1773986625.819548,0.100000,-0.210000,0.100000,9.970000,1.780000
1773986625.819548,0.100000,-0.210000,0.100000,9.970000,1.790000
1773986625.819548,0.100000,-0.200000,0.100000,9.970000,1.800000
1773986625.819548,0.100000,-0.200000,0.100000,9.970000,1.800000
1773986625.819548,0.100000,-0.210000,0.100000,9.970000,1.810000
1773986625.819548,0.100000,-0.210000,0.100000,9.970000,1.820000
1773986625.819548,0.100000,-0.200000,0.100000,9.950000,1.820000
1773986625.819548,0.100000,-0.200000,0.100000,9.970000,1.830000
1773986625.819548,0.100000,-0.200000,0.100000,9.970000,1.830000
1773986625.819548,0.100000,-0.200000,0.100000,9.970000,1.840000
1773986625.851863,0.100000,-0.200000,0.100000,9.970000,1.850000
1773986625.851863,0.100000,-0.200000,0.100000,9.980000,1.850000
1773986625.851863,0.100000,-0.200000,0.100000,9.970000,1.860000
1773986625.851863,0.100000,-0.210000,0.100000,9.970000,1.870000
1773986625.851863,0.100000,-0.210000,0.100000,9.970000,1.870000
1773986625.851863,0.100000,-0.210000,0.100000,9.970000,1.880000
1773986625.851863,0.100000,-0.210000,0.100000,9.970000,1.880000
1773986625.851863,0.100000,-0.210000,0.100000,9.970000,1.890000
1773986625.851863,0.100000,-0.200000,0.100000,9.970000,1.900000
1773986625.851863,0.100000,-0.200000,0.100000,9.970000,1.900000
1773986625.851863,0.100000,-0.200000,0.100000,9.970000,1.910000
1773986625.851863,0.100000,-0.200000,0.100000,9.970000,1.920000
1773986625.851863,0.100000,-0.210000,0.100000,9.980000,1.920000
1773986625.851863,0.100000,-0.200000,0.100000,9.970000,1.930000
1773986625.851863,0.100000,-0.210000,0.100000,9.970000,1.930000
1773986625.851863,0.100000,-0.210000,0.100000,9.980000,1.940000
1773986625.851863,0.100000,-0.210000,0.100000,9.970000,1.950000
1773986625.851863,0.100000,-0.210000,0.100000,9.970000,1.950000
1773986625.851863,0.100000,-0.210000,0.100000,9.970000,1.960000
1773986625.851863,0.100000,-0.210000,0.100000,9.980000,1.970000
1773986625.851863,0.100000,-0.210000,0.100000,9.980000,1.970000
1773986625.851863,0.100000,-0.210000,0.100000,9.970000,1.980000
1773986625.851863,0.100000,-0.200000,0.100000,9.970000,1.990000
1773986625.851863,0.100000,-0.210000,0.100000,9.950000,1.990000
1773986625.851863,0.100000,-0.200000,0.100000,9.970000,2.000000
1773986625.851863,0.100000,-0.200000,0.100000,9.970000,2.000000
1773986625.851863,0.100000,-0.210000,0.100000,9.970000,2.010000
1773986625.851863,0.100000,-0.200000,0.100000,9.950000,2.020000
1773986625.851863,0.100000,-0.210000,0.100000,9.970000,2.020000
1773986625.851863,0.100000,-0.210000,0.100000,9.970000,2.030000
1773986625.851863,0.100000,-0.210000,0.100000,9.980000,2.040000
1773986625.851863,0.100000,-0.200000,0.100000,9.970000,2.040000
1773986625.865497,0.100000,-0.210000,0.100000,9.970000,2.050000
1773986625.865497,0.100000,-0.210000,0.100000,9.970000,2.050000
1773986625.865497,0.100000,-0.200000,0.100000,9.980000,2.060000
1773986625.865497,0.100000,-0.200000,0.100000,9.970000,2.070000
1773986625.865497,0.100000,-0.210000,0.100000,9.970000,2.070000
1773986625.865497,0.100000,-0.210000,0.100000,9.970000,2.080000
1773986625.865497,0.100000,-0.200000,0.100000,9.970000,2.090000
1773986625.865497,0.100000,-0.210000,0.100000,9.970000,2.090000
1773986625.865497,0.100000,-0.210000,0.100000,9.970000,2.100000
1773986625.865497,0.100000,-0.210000,0.100000,9.970000,2.100000
1773986625.865497,0.100000,-0.210000,0.100000,9.970000,2.110000
1773986625.865497,0.100000,-0.210000,0.100000,9.970000,2.120000
1773986625.865497,0.100000,-0.210000,0.100000,9.970000,2.120000
1773986625.865497,0.100000,-0.210000,0.100000,9.970000,2.130000
1773986625.865497,0.100000,-0.200000,0.100000,9.970000,2.140000
1773986625.865497,0.100000,-0.200000,0.100000,9.970000,2.140000
1773986625.881222,0.100000,-0.210000,0.100000,9.980000,2.150000
1773986625.881222,0.100000,-0.210000,0.100000,9.970000,2.150000
1773986625.881222,0.100000,-0.210000,0.100000,9.970000,2.160000
1773986625.881222,0.100000,-0.200000,0.100000,9.970000,2.170000
1773986625.881222,0.100000,-0.210000,0.100000,9.980000,2.170000
1773986625.881222,0.100000,-0.200000,0.100000,9.970000,2.180000
1773986625.881222,0.100000,-0.210000,0.100000,9.980000,2.190000
1773986625.881222,0.100000,-0.200000,0.100000,9.970000,2.190000
1773986625.881222,0.100000,-0.210000,0.100000,9.970000,2.200000
1773986625.881222,0.100000,-0.210000,0.100000,9.970000,2.210000
1773986625.881222,0.100000,-0.210000,0.100000,9.970000,2.210000
1773986625.881222,0.100000,-0.200000,0.100000,9.970000,2.220000
1773986625.881222,0.100000,-0.210000,0.100000,9.970000,2.220000
1773986625.881222,0.100000,-0.210000,0.100000,9.970000,2.230000
1773986625.881222,0.100000,-0.200000,0.100000,9.970000,2.240000
1773986625.881222,0.100000,-0.210000,0.100000,9.970000,2.240000
1773986625.914126,0.100000,-0.210000,0.100000,9.970000,2.250000
1773986625.914126,0.100000,-0.210000,0.100000,9.980000,2.260000
1773986625.914126,0.100000,-0.200000,0.100000,9.970000,2.260000
1773986625.914126,0.100000,-0.210000,0.100000,9.970000,2.270000
1773986625.914126,0.100000,-0.210000,0.100000,9.970000,2.270000
1773986625.914126,0.100000,-0.210000,0.100000,9.970000,2.280000
1773986625.914126,0.100000,-0.200000,0.100000,9.970000,2.290000
1773986625.914126,0.100000,-0.210000,0.100000,9.980000,2.290000
1773986625.914126,0.100000,-0.200000,0.100000,9.980000,2.300000
1773986625.914126,0.100000,-0.210000,0.100000,9.970000,2.310000
1773986625.914126,0.100000,-0.200000,0.100000,9.970000,2.310000
1773986625.914126,0.100000,-0.200000,0.100000,9.980000,2.320000
1773986625.914126,0.100000,-0.200000,0.100000,9.950000,2.320000
1773986625.914126,0.100000,-0.200000,0.100000,9.970000,2.330000
1773986625.914126,0.100000,-0.210000,0.100000,9.970000,2.340000
1773986625.914126,0.100000,-0.210000,0.100000,9.980000,2.340000
1773986625.930128,0.100000,-0.200000,0.100000,9.970000,2.350000
1773986625.930128,0.100000,-0.200000,0.100000,9.970000,2.360000
1773986625.930128,0.100000,-0.210000,0.100000,9.970000,2.360000
1773986625.930128,0.100000,-0.200000,0.100000,9.970000,2.370000
1773986625.930128,0.100000,-0.210000,0.100000,9.970000,2.370000
1773986625.930128,0.100000,-0.200000,0.100000,9.970000,2.380000
1773986625.930128,0.100000,-0.210000,0.100000,9.970000,2.390000
1773986625.930128,0.100000,-0.210000,0.100000,9.970000,2.390000
1773986625.930128,0.100000,-0.200000,0.100000,9.970000,2.400000
1773986625.930128,0.100000,-0.200000,0.100000,9.970000,2.410000
1773986625.930128,0.100000,-0.200000,0.100000,9.970000,2.410000
1773986625.930128,0.100000,-0.210000,0.100000,9.970000,2.420000
1773986625.930128,0.100000,-0.210000,0.100000,9.970000,2.420000
1773986625.930128,0.100000,-0.210000,0.100000,9.970000,2.430000
1773986625.930128,0.100000,-0.210000,0.100000,9.970000,2.440000
1773986625.930128,0.100000,-0.210000,0.100000,9.970000,2.440000
1773986625.930128,0.100000,-0.210000,0.100000,9.970000,2.450000
1773986625.930128,0.100000,-0.210000,0.100000,9.980000,2.460000
1773986625.930128,0.100000,-0.200000,0.100000,9.970000,2.460000
1773986625.930128,0.100000,-0.210000,0.100000,9.970000,2.470000
1773986625.930128,0.100000,-0.200000,0.100000,9.970000,2.480000
1773986625.930128,0.100000,-0.210000,0.100000,9.980000,2.480000
1773986625.930128,0.100000,-0.210000,0.100000,9.970000,2.490000
1773986625.930128,0.100000,-0.210000,0.100000,9.970000,2.490000
1773986625.930128,0.100000,-0.210000,0.100000,9.970000,2.500000
1773986625.930128,0.100000,-0.200000,0.100000,9.970000,2.510000
1773986625.930128,0.100000,-0.210000,0.100000,9.980000,2.510000
1773986625.930128,0.100000,-0.200000,0.100000,9.970000,2.520000
1773986625.930128,0.100000,-0.210000,0.100000,9.970000,2.530000
1773986625.930128,0.100000,-0.200000,0.100000,9.970000,2.530000
1773986625.930128,0.100000,-0.200000,0.100000,9.970000,2.540000
1773986625.930128,0.100000,-0.210000,0.100000,9.970000,2.540000
1773986625.944883,0.100000,-0.210000,0.100000,9.970000,2.550000
1773986625.944883,0.100000,-0.210000,0.100000,9.980000,2.560000
1773986625.944883,0.100000,-0.210000,0.100000,9.970000,2.560000
1773986625.946144,0.100000,-0.210000,0.100000,9.970000,2.570000
1773986625.946144,0.100000,-0.200000,0.100000,9.970000,2.580000
1773986625.946144,0.100000,-0.210000,0.100000,9.970000,2.580000
1773986625.946144,0.100000,-0.200000,0.100000,9.970000,2.590000
1773986625.946144,0.100000,-0.210000,0.100000,9.980000,2.590000
1773986625.946144,0.100000,-0.210000,0.100000,9.970000,2.600000
1773986625.946144,0.100000,-0.200000,0.100000,9.970000,2.610000
1773986625.946144,0.100000,-0.200000,0.100000,9.970000,2.610000
1773986625.946144,0.100000,-0.210000,0.100000,9.970000,2.620000
1773986625.946144,0.100000,-0.200000,0.100000,9.970000,2.630000
1773986625.946144,0.100000,-0.200000,0.100000,9.970000,2.630000
1773986625.946144,0.100000,-0.200000,0.100000,9.970000,2.640000
1773986625.946144,0.100000,-0.210000,0.100000,9.970000,2.640000
1773986625.963123,0.100000,-0.200000,0.100000,9.970000,2.650000
1773986625.963123,0.100000,-0.210000,0.100000,9.970000,2.660000
1773986625.963123,0.100000,-0.200000,0.100000,9.970000,2.660000
1773986625.963123,0.100000,-0.200000,0.100000,9.970000,2.670000
1773986625.963123,0.100000,-0.210000,0.100000,9.970000,2.680000
1773986625.963123,0.100000,-0.200000,0.100000,9.970000,2.680000
1773986625.963123,0.100000,-0.210000,0.100000,9.970000,2.690000
1773986625.963123,0.100000,-0.200000,0.100000,9.970000,2.700000
1773986625.963123,0.100000,-0.210000,0.100000,9.980000,2.700000
1773986625.963123,0.100000,-0.200000,0.100000,9.970000,2.710000
1773986625.963123,0.100000,-0.210000,0.100000,9.980000,2.710000
1773986625.963123,0.100000,-0.200000,0.100000,9.970000,2.720000
1773986625.963123,0.100000,-0.200000,0.100000,9.970000,2.730000
1773986625.963123,0.100000,-0.210000,0.100000,9.970000,2.730000
1773986625.963123,0.100000,-0.210000,0.100000,9.970000,2.740000
1773986625.963123,0.100000,-0.210000,0.100000,9.970000,2.750000
1773986625.978178,0.100000,-0.200000,0.100000,9.970000,2.750000
1773986625.978178,0.100000,-0.200000,0.100000,9.970000,2.760000
1773986625.978178,0.100000,-0.200000,0.100000,9.970000,2.760000
1773986625.978178,0.100000,-0.210000,0.100000,10.000000,2.770000
1773986625.978178,0.100000,-0.210000,0.100000,9.970000,2.780000
1773986625.978178,0.100000,-0.200000,0.100000,9.980000,2.780000
1773986625.978178,0.100000,-0.210000,0.100000,9.970000,2.790000
1773986625.978178,0.100000,-0.210000,0.100000,9.970000,2.800000
1773986625.978178,0.100000,-0.210000,0.100000,9.980000,2.800000
1773986625.978178,0.100000,-0.210000,0.100000,9.970000,2.810000
1773986625.978178,0.100000,-0.210000,0.100000,9.980000,2.810000
1773986625.978178,0.100000,-0.210000,0.100000,9.970000,2.820000
1773986625.978178,0.100000,-0.210000,0.100000,9.970000,2.830000
1773986625.978178,0.100000,-0.200000,0.100000,9.970000,2.830000
1773986625.978178,0.100000,-0.210000,0.100000,9.970000,2.840000
1773986625.978178,0.100000,-0.200000,0.100000,9.970000,2.850000
1773986625.994097,0.100000,-0.200000,0.100000,9.970000,2.850000
1773986625.994097,0.100000,-0.210000,0.100000,9.970000,2.860000
1773986625.994097,0.100000,-0.210000,0.100000,9.970000,2.860000
1773986625.994097,0.100000,-0.210000,0.100000,9.980000,2.870000
1773986625.994097,0.100000,-0.210000,0.100000,9.970000,2.880000
1773986625.994097,0.100000,-0.210000,0.100000,9.980000,2.880000
1773986625.994097,0.100000,-0.200000,0.100000,9.970000,2.890000
1773986625.994097,0.100000,-0.210000,0.100000,9.980000,2.900000
1773986625.994097,0.100000,-0.210000,0.100000,9.970000,2.900000
1773986625.994097,0.100000,-0.200000,0.100000,9.980000,2.910000
1773986625.994097,0.100000,-0.210000,0.100000,9.970000,2.920000
1773986625.994097,0.100000,-0.200000,0.100000,9.970000,2.920000
1773986625.994097,0.100000,-0.200000,0.100000,9.970000,2.930000
1773986625.994097,0.100000,-0.200000,0.100000,9.980000,2.930000
1773986625.994097,0.100000,-0.210000,0.100000,9.980000,2.940000
1773986625.994097,0.100000,-0.200000,0.100000,9.970000,2.950000
1773986626.009556,0.100000,-0.210000,0.100000,9.980000,2.950000
1773986626.009556,0.100000,-0.200000,0.100000,9.970000,2.960000
1773986626.009556,0.100000,-0.210000,0.100000,9.970000,2.970000
1773986626.009556,0.100000,-0.200000,0.100000,9.970000,2.970000
1773986626.009556,0.100000,-0.210000,0.100000,9.970000,2.980000
1773986626.009556,0.100000,-0.210000,0.100000,9.970000,2.980000
1773986626.009556,0.100000,-0.210000,0.100000,9.980000,2.990000
1773986626.009556,0.100000,-0.210000,0.100000,9.970000,3.000000
1773986626.009556,0.100000,-0.210000,0.100000,9.970000,3.000000
1773986626.009556,0.100000,-0.210000,0.100000,9.970000,3.010000
1773986626.009556,0.100000,-0.210000,0.100000,9.970000,3.020000
1773986626.009556,0.100000,-0.210000,0.100000,9.970000,3.020000
1773986626.009556,0.100000,-0.210000,0.100000,9.970000,3.030000
1773986626.009556,0.100000,-0.210000,0.100000,9.970000,3.030000
1773986626.009556,0.100000,-0.200000,0.100000,9.950000,3.040000
1773986626.009556,0.100000,-0.200000,0.100000,9.970000,3.050000
1773986626.025544,0.100000,-0.210000,0.100000,9.970000,3.050000
1773986626.025544,0.100000,-0.210000,0.100000,9.970000,3.060000
1773986626.025544,0.100000,-0.210000,0.100000,9.980000,3.070000
1773986626.025544,0.100000,-0.210000,0.100000,9.970000,3.070000
1773986626.025544,0.100000,-0.210000,0.100000,9.970000,3.080000
1773986626.025544,0.100000,-0.210000,0.100000,9.970000,3.080000
1773986626.025544,0.100000,-0.200000,0.100000,9.980000,3.090000
1773986626.025544,0.100000,-0.200000,0.100000,9.970000,3.100000
1773986626.025544,0.100000,-0.200000,0.100000,9.970000,3.100000
1773986626.025544,0.100000,-0.210000,0.100000,9.980000,3.110000
1773986626.025544,0.100000,-0.200000,0.100000,9.970000,3.120000
1773986626.025544,0.100000,-0.200000,0.100000,9.970000,3.120000
1773986626.025544,0.100000,-0.200000,0.100000,9.970000,3.130000
1773986626.025544,0.100000,-0.200000,0.100000,9.970000,3.140000
1773986626.025544,0.100000,-0.210000,0.100000,9.970000,3.140000
1773986626.025544,0.100000,-0.200000,0.100000,9.980000,3.150000
1773986626.041559,0.100000,-0.210000,0.100000,9.980000,3.150000
1773986626.041559,0.100000,-0.210000,0.100000,9.970000,3.160000
1773986626.041559,0.100000,-0.210000,0.100000,9.970000,3.170000
1773986626.041559,0.100000,-0.200000,0.100000,9.970000,3.170000
1773986626.041559,0.100000,-0.210000,0.100000,9.970000,3.180000
1773986626.041559,0.100000,-0.210000,0.100000,9.980000,3.190000
1773986626.041559,0.100000,-0.210000,0.100000,9.980000,3.190000
1773986626.041559,0.100000,-0.210000,0.100000,9.970000,3.200000
1773986626.041559,0.100000,-0.200000,0.100000,9.970000,3.200000
1773986626.041559,0.100000,-0.210000,0.100000,9.970000,3.210000
1773986626.041559,0.100000,-0.210000,0.100000,9.970000,3.220000
1773986626.041559,0.100000,-0.210000,0.100000,9.970000,3.220000
1773986626.041559,0.100000,-0.200000,0.100000,9.970000,3.230000
1773986626.041559,0.100000,-0.210000,0.100000,9.970000,3.240000
1773986626.041559,0.100000,-0.200000,0.100000,9.970000,3.240000
1773986626.041559,0.100000,-0.200000,0.100000,9.970000,3.250000
1773986626.057353,0.100000,-0.200000,0.100000,9.970000,3.250000
1773986626.057353,0.100000,-0.210000,0.100000,9.970000,3.260000
1773986626.057353,0.100000,-0.210000,0.100000,9.950000,3.270000
1773986626.057353,0.100000,-0.200000,0.100000,9.970000,3.270000
1773986626.057353,0.100000,-0.210000,0.100000,9.970000,3.280000
1773986626.057353,0.100000,-0.210000,0.100000,9.970000,3.290000
1773986626.057353,0.100000,-0.200000,0.100000,9.970000,3.290000
1773986626.057353,0.100000,-0.210000,0.100000,9.970000,3.300000
1773986626.057353,0.100000,-0.210000,0.100000,9.970000,3.300000
1773986626.057353,0.100000,-0.210000,0.100000,9.980000,3.310000
1773986626.057353,0.100000,-0.200000,0.100000,9.970000,3.320000
1773986626.057353,0.100000,-0.200000,0.100000,9.970000,3.320000
1773986626.057353,0.100000,-0.210000,0.100000,9.970000,3.330000
1773986626.057353,0.100000,-0.200000,0.100000,9.980000,3.340000
1773986626.057353,0.100000,-0.200000,0.100000,9.970000,3.340000
1773986626.057353,0.100000,-0.210000,0.100000,9.970000,3.350000
1773986626.073924,0.100000,-0.210000,0.100000,9.980000,3.360000
1773986626.073924,0.100000,-0.200000,0.100000,9.970000,3.360000
1773986626.073924,0.100000,-0.210000,0.100000,9.970000,3.370000
1773986626.073924,0.100000,-0.210000,0.100000,9.970000,3.370000
1773986626.073924,0.100000,-0.210000,0.100000,9.980000,3.380000
1773986626.073924,0.100000,-0.210000,0.100000,9.970000,3.390000
1773986626.073924,0.100000,-0.210000,0.100000,9.970000,3.390000
1773986626.073924,0.100000,-0.210000,0.100000,9.970000,3.400000
1773986626.073924,0.100000,-0.210000,0.100000,9.970000,3.410000
1773986626.073924,0.100000,-0.200000,0.100000,9.980000,3.410000
1773986626.073924,0.100000,-0.210000,0.100000,9.970000,3.420000
1773986626.073924,0.100000,-0.200000,0.100000,9.970000,3.420000
1773986626.073924,0.100000,-0.210000,0.100000,9.980000,3.430000
1773986626.073924,0.100000,-0.210000,0.100000,9.970000,3.440000
1773986626.073924,0.100000,-0.210000,0.100000,9.970000,3.440000
1773986626.073924,0.100000,-0.210000,0.100000,9.950000,3.450000
1773986626.088875,0.100000,-0.210000,0.100000,9.970000,3.460000
1773986626.088875,0.100000,-0.210000,0.100000,9.970000,3.460000
1773986626.088875,0.100000,-0.200000,0.100000,9.980000,3.470000
1773986626.088875,0.100000,-0.210000,0.100000,9.970000,3.470000
1773986626.088875,0.100000,-0.210000,0.100000,9.970000,3.480000
1773986626.088875,0.100000,-0.200000,0.100000,9.970000,3.490000
1773986626.088875,0.100000,-0.210000,0.100000,9.970000,3.490000
1773986626.088875,0.100000,-0.210000,0.100000,9.970000,3.500000
1773986626.088875,0.100000,-0.210000,0.100000,9.970000,3.510000
1773986626.088875,0.100000,-0.200000,0.100000,9.950000,3.510000
1773986626.088875,0.100000,-0.210000,0.100000,9.970000,3.520000
1773986626.088875,0.100000,-0.210000,0.100000,9.950000,3.520000
1773986626.088875,0.100000,-0.210000,0.100000,9.970000,3.530000
1773986626.088875,0.100000,-0.210000,0.100000,9.970000,3.540000
1773986626.088875,0.100000,-0.200000,0.100000,9.970000,3.540000
1773986626.088875,0.100000,-0.210000,0.100000,9.980000,3.550000
1773986626.104728,0.100000,-0.200000,0.100000,9.970000,3.560000
1773986626.104728,0.100000,-0.210000,0.100000,9.980000,3.560000
1773986626.104728,0.100000,-0.210000,0.100000,9.970000,3.570000
1773986626.104728,0.100000,-0.210000,0.100000,9.970000,3.580000
1773986626.104728,0.100000,-0.200000,0.100000,9.970000,3.580000
1773986626.104728,0.100000,-0.210000,0.100000,9.980000,3.590000
1773986626.104728,0.100000,-0.200000,0.100000,9.950000,3.590000
1773986626.104728,0.100000,-0.200000,0.100000,9.970000,3.600000
1773986626.104728,0.100000,-0.200000,0.100000,9.970000,3.610000
1773986626.104728,0.100000,-0.210000,0.100000,9.970000,3.610000
1773986626.104728,0.100000,-0.210000,0.100000,9.970000,3.620000
1773986626.104728,0.100000,-0.210000,0.100000,9.970000,3.630000
1773986626.104728,0.100000,-0.200000,0.100000,9.950000,3.630000
1773986626.104728,0.100000,-0.210000,0.100000,9.980000,3.640000
1773986626.104728,0.100000,-0.210000,0.100000,9.970000,3.640000
1773986626.104728,0.100000,-0.200000,0.100000,9.970000,3.650000
1773986626.121113,0.100000,-0.210000,0.100000,9.980000,3.660000
1773986626.121113,0.100000,-0.200000,0.100000,9.970000,3.660000
1773986626.121113,0.100000,-0.210000,0.100000,9.970000,3.670000
1773986626.121113,0.100000,-0.200000,0.100000,9.970000,3.680000
1773986626.121113,0.100000,-0.210000,0.100000,9.970000,3.680000
1773986626.121113,0.100000,-0.200000,0.100000,9.970000,3.690000
1773986626.121113,0.100000,-0.210000,0.100000,9.980000,3.690000
1773986626.121113,0.100000,-0.200000,0.100000,9.970000,3.700000
1773986626.121113,0.100000,-0.200000,0.100000,9.970000,3.710000
1773986626.121113,0.100000,-0.200000,0.100000,9.970000,3.710000
1773986626.121113,0.100000,-0.210000,0.100000,9.970000,3.720000
1773986626.121113,0.100000,-0.210000,0.100000,9.970000,3.730000
1773986626.121113,0.100000,-0.200000,0.100000,9.980000,3.730000
1773986626.121113,0.100000,-0.200000,0.100000,9.970000,3.740000
1773986626.121113,0.100000,-0.200000,0.100000,9.970000,3.740000
1773986626.121113,0.100000,-0.210000,0.100000,9.950000,3.750000
1773986626.137387,0.100000,-0.200000,0.100000,9.970000,3.760000
1773986626.137387,0.100000,-0.200000,0.100000,9.970000,3.760000
1773986626.137387,0.100000,-0.210000,0.100000,9.970000,3.770000
1773986626.137387,0.100000,-0.210000,0.100000,9.970000,3.780000
1773986626.137387,0.100000,-0.210000,0.100000,9.970000,3.780000
1773986626.137387,0.100000,-0.210000,0.100000,9.970000,3.790000
1773986626.137387,0.100000,-0.210000,0.100000,9.970000,3.800000
1773986626.137387,0.100000,-0.200000,0.100000,9.980000,3.800000
1773986626.137387,0.100000,-0.200000,0.100000,9.970000,3.810000
1773986626.137387,0.100000,-0.210000,0.100000,9.980000,3.810000
1773986626.137387,0.100000,-0.200000,0.100000,9.970000,3.820000
1773986626.137387,0.100000,-0.210000,0.100000,9.970000,3.830000
1773986626.137387,0.100000,-0.200000,0.100000,9.970000,3.830000
1773986626.137387,0.100000,-0.210000,0.100000,9.970000,3.840000
1773986626.137387,0.100000,-0.200000,0.100000,9.970000,3.850000
1773986626.137387,0.100000,-0.210000,0.100000,9.970000,3.850000
1773986626.153587,0.100000,-0.200000,0.100000,9.950000,3.860000
1773986626.153587,0.100000,-0.210000,0.100000,9.970000,3.860000
1773986626.153587,0.100000,-0.210000,0.100000,9.970000,3.870000
1773986626.153587,0.100000,-0.200000,0.100000,9.980000,3.880000
1773986626.153587,0.100000,-0.200000,0.100000,9.970000,3.880000
1773986626.153587,0.100000,-0.210000,0.100000,9.980000,3.890000
1773986626.153587,0.100000,-0.200000,0.100000,9.970000,3.900000
1773986626.153587,0.100000,-0.210000,0.100000,9.970000,3.900000
1773986626.153587,0.100000,-0.200000,0.100000,9.970000,3.910000
1773986626.153587,0.100000,-0.200000,0.100000,9.970000,3.910000
1773986626.153587,0.100000,-0.200000,0.100000,9.970000,3.920000
1773986626.153587,0.100000,-0.200000,0.100000,9.970000,3.930000
1773986626.153587,0.100000,-0.200000,0.100000,9.970000,3.930000
1773986626.153587,0.100000,-0.200000,0.100000,9.970000,3.940000
1773986626.153587,0.100000,-0.200000,0.100000,9.970000,3.950000
1773986626.153587,0.100000,-0.200000,0.100000,9.970000,3.950000
1773986626.173334,0.100000,-0.210000,0.100000,9.970000,3.960000
1773986626.173334,0.100000,-0.210000,0.100000,9.970000,3.960000
1773986626.173334,0.100000,-0.200000,0.100000,9.970000,3.970000
1773986626.173334,0.100000,-0.210000,0.100000,9.970000,3.980000
1773986626.173334,0.100000,-0.210000,0.100000,9.970000,3.980000
1773986626.173334,0.100000,-0.210000,0.100000,9.970000,3.990000
1773986626.173334,0.100000,-0.210000,0.100000,9.970000,4.000000
1773986626.173334,0.100000,-0.210000,0.100000,9.970000,4.000000
1773986626.173334,0.100000,-0.210000,0.100000,9.980000,4.010000
1773986626.173334,0.100000,-0.210000,0.100000,9.970000,4.020000
1773986626.173334,0.100000,-0.200000,0.100000,9.970000,4.020000
1773986626.173334,0.100000,-0.210000,0.100000,9.970000,4.030000
1773986626.173334,0.100000,-0.200000,0.100000,9.970000,4.030000
1773986626.173334,0.100000,-0.210000,0.100000,9.970000,4.040000
1773986626.173334,0.100000,-0.210000,0.100000,9.970000,4.050000
1773986626.173334,0.100000,-0.200000,0.100000,9.970000,4.050000
1773986626.185885,0.100000,-0.200000,0.100000,9.970000,4.060000
1773986626.185885,0.100000,-0.210000,0.100000,9.970000,4.070000
1773986626.185885,0.100000,-0.200000,0.100000,9.970000,4.070000
1773986626.185885,0.100000,-0.210000,0.100000,9.970000,4.080000
1773986626.185885,0.100000,-0.200000,0.100000,9.950000,4.080000
1773986626.185885,0.100000,-0.210000,0.100000,9.980000,4.090000
1773986626.185885,0.100000,-0.200000,0.100000,9.970000,4.100000
1773986626.185885,0.100000,-0.210000,0.100000,9.970000,4.100000
1773986626.185885,0.100000,-0.200000,0.100000,9.970000,4.110000
1773986626.185885,0.100000,-0.200000,0.100000,9.980000,4.120000
1773986626.185885,0.100000,-0.210000,0.100000,9.980000,4.120000
1773986626.185885,0.100000,-0.200000,0.100000,9.980000,4.130000
1773986626.185885,0.100000,-0.200000,0.100000,9.970000,4.130000
1773986626.185885,0.100000,-0.200000,0.100000,9.980000,4.140000
1773986626.185885,0.100000,-0.200000,0.100000,9.980000,4.150000
1773986626.185885,0.100000,-0.210000,0.100000,9.970000,4.150000
1773986626.199806,0.100000,-0.210000,0.100000,9.950000,4.160000
1773986626.199806,0.100000,-0.200000,0.100000,9.970000,4.170000
1773986626.199806,0.100000,-0.210000,0.100000,9.970000,4.170000
1773986626.199806,0.100000,-0.210000,0.100000,9.980000,4.180000
1773986626.199806,0.100000,-0.210000,0.100000,9.970000,4.180000
1773986626.199806,0.100000,-0.200000,0.100000,9.970000,4.190000
1773986626.199806,0.100000,-0.200000,0.100000,9.970000,4.200000
1773986626.199806,0.100000,-0.200000,0.100000,9.980000,4.200000
1773986626.199806,0.100000,-0.210000,0.100000,9.970000,4.210000
1773986626.199806,0.100000,-0.210000,0.100000,9.980000,4.220000
1773986626.199806,0.100000,-0.210000,0.100000,9.970000,4.220000
1773986626.199806,0.100000,-0.210000,0.100000,9.970000,4.230000
1773986626.199806,0.100000,-0.200000,0.100000,9.970000,4.230000
1773986626.199806,0.100000,-0.200000,0.100000,9.970000,4.240000
1773986626.199806,0.100000,-0.210000,0.100000,9.970000,4.250000
1773986626.199806,0.100000,-0.200000,0.100000,9.980000,4.250000
1773986626.223696,0.100000,-0.200000,0.100000,9.970000,4.260000
1773986626.223696,0.100000,-0.210000,0.100000,9.970000,4.270000
1773986626.223696,0.100000,-0.200000,0.100000,9.970000,4.270000
1773986626.223696,0.100000,-0.210000,0.100000,9.970000,4.280000
1773986626.223696,0.100000,-0.210000,0.100000,9.970000,4.290000
1773986626.223696,0.100000,-0.200000,0.100000,9.970000,4.290000
1773986626.223696,0.100000,-0.200000,0.100000,9.970000,4.300000
1773986626.223696,0.100000,-0.200000,0.100000,9.970000,4.300000
1773986626.223696,0.100000,-0.210000,0.100000,9.970000,4.310000
1773986626.223696,0.100000,-0.200000,0.100000,9.970000,4.320000
1773986626.223696,0.100000,-0.210000,0.100000,9.970000,4.320000
1773986626.223696,0.100000,-0.200000,0.100000,9.970000,4.330000
1773986626.223696,0.100000,-0.200000,0.100000,9.970000,4.340000
1773986626.223696,0.100000,-0.200000,0.100000,9.970000,4.340000
1773986626.223696,0.100000,-0.210000,0.100000,9.970000,4.350000
1773986626.223696,0.100000,-0.210000,0.100000,9.970000,4.350000
1773986626.230421,0.100000,-0.200000,0.100000,9.970000,4.360000
1773986626.230421,0.100000,-0.210000,0.100000,9.970000,4.370000
1773986626.230421,0.100000,-0.200000,0.100000,9.970000,4.370000
1773986626.230421,0.100000,-0.210000,0.100000,9.970000,4.380000
1773986626.230421,0.100000,-0.200000,0.100000,9.970000,4.390000
1773986626.230421,0.100000,-0.210000,0.100000,9.980000,4.390000
1773986626.230421,0.100000,-0.210000,0.100000,9.970000,4.400000
1773986626.230421,0.100000,-0.210000,0.100000,9.980000,4.400000
1773986626.230421,0.100000,-0.200000,0.100000,9.970000,4.410000
1773986626.230421,0.100000,-0.210000,0.100000,9.970000,4.420000
1773986626.230421,0.100000,-0.200000,0.100000,9.970000,4.420000
1773986626.230421,0.100000,-0.200000,0.100000,9.970000,4.430000
1773986626.230421,0.100000,-0.210000,0.100000,9.970000,4.440000
1773986626.230421,0.100000,-0.210000,0.100000,9.970000,4.440000
1773986626.230421,0.100000,-0.200000,0.100000,9.970000,4.450000
1773986626.230421,0.100000,-0.210000,0.100000,9.970000,4.450000
1773986626.249633,0.100000,-0.210000,0.100000,9.970000,4.460000
1773986626.249633,0.100000,-0.200000,0.100000,9.970000,4.470000
1773986626.249633,0.100000,-0.200000,0.100000,9.970000,4.470000
1773986626.249633,0.100000,-0.210000,0.100000,9.950000,4.480000
1773986626.249633,0.100000,-0.200000,0.100000,9.970000,4.490000
1773986626.249633,0.100000,-0.210000,0.100000,9.970000,4.490000
1773986626.249633,0.100000,-0.200000,0.100000,9.970000,4.500000
1773986626.249633,0.100000,-0.200000,0.100000,9.970000,4.510000
1773986626.249633,0.100000,-0.210000,0.100000,9.980000,4.510000
1773986626.249633,0.100000,-0.210000,0.100000,9.970000,4.520000
1773986626.249633,0.100000,-0.210000,0.100000,9.970000,4.520000
1773986626.249633,0.100000,-0.200000,0.100000,9.970000,4.530000
1773986626.249633,0.100000,-0.210000,0.100000,9.970000,4.540000
1773986626.249633,0.100000,-0.210000,0.100000,9.970000,4.540000
1773986626.249633,0.100000,-0.210000,0.100000,9.970000,4.550000
1773986626.249633,0.100000,-0.200000,0.100000,9.980000,4.560000
1773986626.265840,0.100000,-0.210000,0.100000,9.970000,4.560000
1773986626.265840,0.100000,-0.200000,0.100000,9.970000,4.570000
1773986626.265840,0.100000,-0.210000,0.100000,9.970000,4.570000
1773986626.265840,0.100000,-0.200000,0.100000,9.970000,4.580000
1773986626.265840,0.100000,-0.200000,0.100000,9.970000,4.590000
1773986626.265840,0.100000,-0.200000,0.100000,9.970000,4.590000
1773986626.265840,0.100000,-0.200000,0.100000,9.970000,4.600000
1773986626.265840,0.100000,-0.200000,0.100000,9.970000,4.610000
1773986626.265840,0.100000,-0.200000,0.100000,9.980000,4.610000
1773986626.265840,0.100000,-0.210000,0.100000,9.970000,4.620000
1773986626.265840,0.100000,-0.210000,0.100000,9.980000,4.620000
1773986626.265840,0.100000,-0.210000,0.100000,9.980000,4.630000
1773986626.265840,0.100000,-0.210000,0.100000,9.970000,4.640000
1773986626.265840,0.100000,-0.200000,0.100000,9.970000,4.640000
1773986626.265840,0.100000,-0.200000,0.100000,9.970000,4.650000
1773986626.265840,0.100000,-0.200000,0.100000,9.970000,4.660000
1773986626.286471,0.100000,-0.210000,0.100000,9.970000,4.660000
1773986626.286471,0.100000,-0.210000,0.100000,9.970000,4.670000
1773986626.286471,0.100000,-0.200000,0.100000,9.970000,4.670000
1773986626.286471,0.100000,-0.200000,0.100000,9.970000,4.680000
1773986626.286471,0.100000,-0.210000,0.100000,9.970000,4.690000
1773986626.286471,0.100000,-0.210000,0.100000,9.970000,4.690000
1773986626.286471,0.100000,-0.210000,0.100000,9.970000,4.700000
1773986626.286471,0.100000,-0.210000,0.100000,9.980000,4.710000
1773986626.286471,0.100000,-0.200000,0.100000,9.970000,4.710000
1773986626.286471,0.100000,-0.200000,0.100000,9.980000,4.720000
1773986626.286471,0.100000,-0.210000,0.100000,9.970000,4.730000
1773986626.286471,0.100000,-0.210000,0.100000,9.970000,4.730000
1773986626.286471,0.100000,-0.210000,0.100000,9.970000,4.740000
1773986626.286471,0.100000,-0.210000,0.100000,9.970000,4.740000
1773986626.286471,0.100000,-0.210000,0.100000,9.970000,4.750000
1773986626.286471,0.100000,-0.200000,0.100000,9.980000,4.760000
1773986626.298207,0.100000,-0.210000,0.100000,9.980000,4.760000
1773986626.298207,0.100000,-0.210000,0.100000,9.970000,4.770000
1773986626.298207,0.100000,-0.200000,0.100000,9.970000,4.780000
1773986626.298207,0.100000,-0.210000,0.100000,9.970000,4.780000
1773986626.298207,0.100000,-0.200000,0.100000,9.970000,4.790000
1773986626.298207,0.100000,-0.210000,0.100000,9.970000,4.790000
1773986626.298207,0.100000,-0.200000,0.100000,9.980000,4.800000
1773986626.298207,0.100000,-0.200000,0.100000,9.970000,4.810000
1773986626.298207,0.100000,-0.200000,0.100000,9.980000,4.810000
1773986626.298207,0.100000,-0.210000,0.100000,9.970000,4.820000
1773986626.298207,0.100000,-0.200000,0.100000,9.970000,4.830000
1773986626.298207,0.100000,-0.210000,0.100000,9.980000,4.830000
1773986626.298207,0.100000,-0.200000,0.100000,9.980000,4.840000
1773986626.298207,0.100000,-0.210000,0.100000,9.980000,4.840000
1773986626.298207,0.100000,-0.200000,0.100000,9.970000,4.850000
1773986626.298207,0.100000,-0.210000,0.100000,9.950000,4.860000
1773986626.313754,0.100000,-0.200000,0.100000,9.970000,4.860000
1773986626.313754,0.100000,-0.200000,0.100000,9.970000,4.870000
1773986626.313754,0.100000,-0.200000,0.100000,9.970000,4.880000
1773986626.313754,0.100000,-0.210000,0.100000,9.970000,4.880000
1773986626.313754,0.100000,-0.210000,0.100000,9.970000,4.890000
1773986626.313754,0.100000,-0.210000,0.100000,9.970000,4.890000
1773986626.313754,0.100000,-0.200000,0.100000,9.980000,4.900000
1773986626.313754,0.100000,-0.210000,0.100000,9.970000,4.910000
1773986626.313754,0.100000,-0.200000,0.100000,9.970000,4.910000
1773986626.313754,0.100000,-0.210000,0.100000,9.970000,4.920000
1773986626.313754,0.100000,-0.210000,0.100000,9.970000,4.930000
1773986626.313754,0.100000,-0.210000,0.100000,9.970000,4.930000
1773986626.313754,0.100000,-0.210000,0.100000,9.970000,4.940000
1773986626.313754,0.100000,-0.200000,0.100000,9.980000,4.950000
1773986626.313754,0.100000,-0.210000,0.100000,9.970000,4.950000
1773986626.313754,0.100000,-0.200000,0.100000,9.970000,4.960000
1773986626.329246,0.100000,-0.210000,0.100000,9.970000,4.960000
1773986626.329246,0.100000,-0.210000,0.100000,9.970000,4.970000
1773986626.329246,0.100000,-0.200000,0.100000,9.970000,4.980000
1773986626.329246,0.100000,-0.210000,0.100000,9.970000,4.980000
1773986626.329246,0.100000,-0.210000,0.100000,9.970000,4.990000
1773986626.329246,0.100000,-0.210000,0.100000,9.980000,5.000000
1773986626.329246,0.100000,-0.200000,0.100000,9.970000,5.000000
1773986626.329246,0.100000,-0.210000,0.100000,9.980000,5.010000
1773986626.329246,0.100000,-0.200000,0.100000,9.970000,5.010000
1773986626.329246,0.100000,-0.200000,0.100000,9.970000,5.020000
1773986626.329246,0.100000,-0.200000,0.100000,9.970000,5.030000
1773986626.329246,0.100000,-0.210000,0.100000,9.970000,5.030000
1773986626.329246,0.100000,-0.210000,0.100000,9.970000,5.040000
1773986626.329246,0.100000,-0.210000,0.100000,9.980000,5.050000
1773986626.329246,0.100000,-0.210000,0.100000,9.970000,5.050000
1773986626.329246,0.100000,-0.210000,0.100000,9.970000,5.060000
1773986626.349828,0.100000,-0.210000,0.100000,9.950000,5.060000
1773986626.349828,0.100000,-0.200000,0.100000,9.970000,5.070000
1773986626.349828,0.100000,-0.200000,0.100000,9.970000,5.080000
1773986626.349828,0.100000,-0.200000,0.100000,9.980000,5.080000
1773986626.349828,0.100000,-0.200000,0.100000,9.970000,5.090000
1773986626.349828,0.100000,-0.210000,0.100000,9.980000,5.100000
1773986626.349828,0.100000,-0.200000,0.100000,9.970000,5.100000
1773986626.349828,0.100000,-0.210000,0.100000,9.980000,5.110000
1773986626.349828,0.100000,-0.200000,0.100000,9.970000,5.110000
1773986626.349828,0.100000,-0.210000,0.100000,9.970000,5.120000
1773986626.349828,0.100000,-0.200000,0.100000,9.970000,5.130000
1773986626.349828,0.100000,-0.200000,0.100000,9.970000,5.130000
1773986626.349828,0.100000,-0.200000,0.100000,9.970000,5.140000
1773986626.349828,0.100000,-0.200000,0.100000,9.970000,5.150000
1773986626.349828,0.100000,-0.200000,0.100000,9.970000,5.150000
1773986626.349828,0.100000,-0.210000,0.100000,9.970000,5.160000
1773986626.361310,0.100000,-0.200000,0.100000,9.970000,5.170000
1773986626.361310,0.110000,-0.210000,0.100000,9.970000,5.170000
1773986626.361310,0.100000,-0.200000,0.100000,9.970000,5.180000
1773986626.361310,0.100000,-0.210000,0.100000,9.970000,5.180000
1773986626.361310,0.100000,-0.200000,0.100000,9.980000,5.190000
1773986626.361310,0.100000,-0.210000,0.100000,9.970000,5.200000
1773986626.361310,0.100000,-0.210000,0.100000,9.980000,5.200000
1773986626.361310,0.100000,-0.200000,0.100000,9.970000,5.210000
1773986626.361310,0.100000,-0.200000,0.100000,9.970000,5.220000
1773986626.361310,0.100000,-0.210000,0.100000,9.970000,5.220000
1773986626.361310,0.100000,-0.210000,0.100000,9.980000,5.230000
1773986626.361310,0.100000,-0.210000,0.100000,9.970000,5.230000
1773986626.361310,0.100000,-0.210000,0.100000,9.970000,5.240000
1773986626.361310,0.100000,-0.210000,0.100000,9.970000,5.250000
1773986626.361310,0.100000,-0.200000,0.100000,9.970000,5.250000
1773986626.361310,0.100000,-0.200000,0.100000,9.970000,5.260000
1773986626.377690,0.100000,-0.200000,0.100000,9.970000,5.270000
1773986626.377690,0.100000,-0.200000,0.100000,9.980000,5.270000
1773986626.377690,0.100000,-0.200000,0.100000,9.970000,5.280000
1773986626.377690,0.100000,-0.200000,0.100000,9.970000,5.280000
1773986626.377690,0.100000,-0.210000,0.100000,9.970000,5.290000
1773986626.377690,0.100000,-0.210000,0.100000,9.970000,5.300000
1773986626.377690,0.100000,-0.210000,0.100000,9.970000,5.300000
1773986626.377690,0.100000,-0.210000,0.100000,9.970000,5.310000
1773986626.377690,0.100000,-0.200000,0.100000,9.970000,5.320000
1773986626.377690,0.100000,-0.200000,0.100000,9.980000,5.320000
1773986626.377690,0.100000,-0.210000,0.100000,9.970000,5.330000
1773986626.377690,0.100000,-0.210000,0.100000,9.970000,5.330000
1773986626.377690,0.100000,-0.210000,0.100000,9.970000,5.340000
1773986626.377690,0.100000,-0.210000,0.100000,9.980000,5.350000
1773986626.377690,0.100000,-0.210000,0.100000,9.970000,5.350000
1773986626.377690,0.100000,-0.210000,0.100000,9.970000,5.360000
1773986626.389497,0.100000,-0.200000,0.100000,9.970000,5.370000
1773986626.389497,0.100000,-0.210000,0.100000,9.970000,5.370000
1773986626.389497,0.100000,-0.210000,0.100000,9.970000,5.380000
1773986626.389497,0.100000,-0.210000,0.100000,9.980000,5.390000
1773986626.389497,0.100000,-0.200000,0.100000,9.980000,5.390000
1773986626.389497,0.100000,-0.200000,0.100000,9.980000,5.400000
1773986626.389497,0.100000,-0.200000,0.100000,9.970000,5.400000
1773986626.389497,0.100000,-0.210000,0.100000,9.980000,5.410000
1773986626.389497,0.100000,-0.200000,0.100000,9.970000,5.420000
1773986626.389497,0.100000,-0.210000,0.100000,9.980000,5.420000
1773986626.389497,0.100000,-0.210000,0.100000,9.950000,5.430000
1773986626.389497,0.100000,-0.200000,0.100000,9.970000,5.440000
1773986626.389497,0.100000,-0.200000,0.100000,9.970000,5.440000
1773986626.389497,0.100000,-0.210000,0.100000,9.980000,5.450000
1773986626.389497,0.100000,-0.200000,0.100000,9.970000,5.450000
1773986626.389497,0.100000,-0.210000,0.100000,9.980000,5.460000
1773986626.407131,0.100000,-0.210000,0.100000,9.950000,5.470000
1773986626.407131,0.100000,-0.210000,0.100000,9.970000,5.470000
1773986626.407131,0.100000,-0.210000,0.100000,9.970000,5.480000
1773986626.407131,0.100000,-0.200000,0.100000,9.980000,5.490000
1773986626.407131,0.100000,-0.200000,0.100000,9.950000,5.490000
1773986626.407131,0.100000,-0.210000,0.100000,9.980000,5.500000
1773986626.407131,0.100000,-0.210000,0.100000,9.970000,5.500000
1773986626.407131,0.100000,-0.210000,0.100000,9.970000,5.510000
1773986626.407131,0.100000,-0.210000,0.100000,9.980000,5.520000
1773986626.407131,0.100000,-0.200000,0.100000,9.980000,5.520000
1773986626.407131,0.100000,-0.200000,0.100000,9.970000,5.530000
1773986626.407131,0.100000,-0.210000,0.100000,9.970000,5.540000
1773986626.407131,0.100000,-0.200000,0.100000,9.970000,5.540000
1773986626.407131,0.100000,-0.210000,0.100000,9.970000,5.550000
1773986626.407131,0.100000,-0.200000,0.100000,9.970000,5.550000
1773986626.407131,0.100000,-0.210000,0.100000,9.970000,5.560000
1773986626.419969,0.100000,-0.210000,0.100000,9.980000,5.570000
1773986626.419969,0.100000,-0.210000,0.100000,9.970000,5.570000
1773986626.419969,0.100000,-0.210000,0.100000,9.970000,5.580000
1773986626.419969,0.100000,-0.200000,0.100000,9.970000,5.590000
1773986626.419969,0.100000,-0.200000,0.100000,9.980000,5.590000
1773986626.419969,0.110000,-0.210000,0.100000,9.970000,5.600000
1773986626.419969,0.100000,-0.210000,0.100000,9.970000,5.610000
1773986626.419969,0.100000,-0.210000,0.100000,9.970000,5.610000
1773986626.419969,0.100000,-0.210000,0.100000,9.970000,5.620000
1773986626.419969,0.100000,-0.200000,0.100000,9.970000,5.620000
1773986626.419969,0.100000,-0.210000,0.100000,9.970000,5.630000
1773986626.419969,0.100000,-0.200000,0.100000,9.970000,5.640000
1773986626.419969,0.100000,-0.210000,0.100000,9.970000,5.640000
1773986626.419969,0.100000,-0.210000,0.100000,9.980000,5.650000
1773986626.419969,0.100000,-0.200000,0.100000,9.970000,5.660000
1773986626.419969,0.100000,-0.200000,0.100000,9.970000,5.660000
1773986626.441789,0.100000,-0.200000,0.100000,9.980000,5.670000
1773986626.441789,0.100000,-0.210000,0.100000,9.970000,5.670000
1773986626.441789,0.100000,-0.210000,0.100000,9.970000,5.680000
1773986626.441789,0.100000,-0.210000,0.100000,9.980000,5.690000
1773986626.441789,0.100000,-0.210000,0.100000,9.980000,5.690000
1773986626.441789,0.100000,-0.210000,0.100000,9.980000,5.700000
1773986626.441789,0.100000,-0.210000,0.100000,9.970000,5.710000
1773986626.441789,0.100000,-0.210000,0.100000,9.970000,5.710000
1773986626.441789,0.100000,-0.210000,0.100000,9.980000,5.720000
1773986626.441789,0.100000,-0.200000,0.100000,9.970000,5.720000
1773986626.441789,0.100000,-0.210000,0.100000,9.970000,5.730000
1773986626.441789,0.100000,-0.200000,0.100000,9.970000,5.740000
1773986626.441789,0.100000,-0.200000,0.100000,9.950000,5.740000
1773986626.441789,0.100000,-0.200000,0.100000,9.970000,5.750000
1773986626.441789,0.100000,-0.210000,0.100000,9.970000,5.760000
1773986626.441789,0.100000,-0.210000,0.100000,9.970000,5.760000
1773986626.456986,0.100000,-0.210000,0.100000,9.980000,5.770000
1773986626.456986,0.100000,-0.210000,0.100000,9.970000,5.770000
1773986626.456986,0.100000,-0.210000,0.100000,9.970000,5.780000
1773986626.456986,0.100000,-0.200000,0.100000,9.970000,5.790000
1773986626.456986,0.100000,-0.210000,0.100000,9.980000,5.790000
1773986626.456986,0.100000,-0.210000,0.100000,9.970000,5.800000
1773986626.456986,0.100000,-0.210000,0.100000,9.970000,5.810000
1773986626.456986,0.100000,-0.210000,0.100000,9.970000,5.810000
1773986626.456986,0.100000,-0.210000,0.100000,9.970000,5.820000
1773986626.456986,0.100000,-0.210000,0.100000,9.970000,5.820000
1773986626.456986,0.100000,-0.210000,0.100000,9.970000,5.830000
1773986626.456986,0.100000,-0.210000,0.100000,9.970000,5.840000
1773986626.456986,0.100000,-0.200000,0.100000,9.980000,5.840000
1773986626.456986,0.100000,-0.210000,0.100000,9.980000,5.850000
1773986626.456986,0.100000,-0.200000,0.100000,9.980000,5.860000
1773986626.456986,0.100000,-0.210000,0.100000,9.970000,5.860000
1773986626.483128,0.100000,-0.210000,0.100000,9.970000,5.870000
1773986626.483128,0.100000,-0.200000,0.100000,9.970000,5.880000
1773986626.483128,0.100000,-0.200000,0.100000,9.970000,5.880000
1773986626.483128,0.100000,-0.210000,0.100000,9.970000,5.890000
1773986626.483128,0.100000,-0.200000,0.100000,9.980000,5.890000
1773986626.483128,0.100000,-0.210000,0.100000,9.970000,5.900000
1773986626.483128,0.100000,-0.200000,0.100000,9.970000,5.910000
1773986626.483128,0.100000,-0.200000,0.100000,9.980000,5.910000
1773986626.483128,0.100000,-0.210000,0.100000,9.970000,5.920000
1773986626.483128,0.100000,-0.210000,0.100000,9.980000,5.930000
1773986626.483128,0.100000,-0.210000,0.100000,9.970000,5.930000
1773986626.483128,0.100000,-0.210000,0.100000,9.980000,5.940000
1773986626.483128,0.100000,-0.200000,0.100000,9.970000,5.940000
1773986626.483128,0.100000,-0.210000,0.100000,9.970000,5.950000
1773986626.483128,0.100000,-0.200000,0.100000,9.970000,5.960000
1773986626.483128,0.100000,-0.210000,0.100000,9.970000,5.960000
1773986626.487824,0.100000,-0.200000,0.100000,9.980000,5.970000
1773986626.487824,0.100000,-0.200000,0.100000,9.970000,5.980000
1773986626.487824,0.100000,-0.200000,0.100000,9.970000,5.980000
1773986626.487824,0.100000,-0.210000,0.100000,9.980000,5.990000
1773986626.487824,0.100000,-0.200000,0.100000,9.970000,5.990000
1773986626.487824,0.100000,-0.210000,0.100000,9.980000,6.000000
1773986626.487824,0.100000,-0.200000,0.100000,9.970000,6.010000
1773986626.487824,0.100000,-0.200000,0.100000,9.980000,6.010000
1773986626.487824,0.100000,-0.210000,0.100000,9.970000,6.020000
1773986626.487824,0.100000,-0.200000,0.100000,9.970000,6.030000
1773986626.487824,0.100000,-0.200000,0.100000,9.950000,6.030000
1773986626.487824,0.100000,-0.210000,0.100000,9.970000,6.040000
1773986626.487824,0.100000,-0.210000,0.100000,9.980000,6.040000
1773986626.487824,0.100000,-0.210000,0.100000,9.970000,6.050000
1773986626.487824,0.100000,-0.200000,0.100000,9.970000,6.060000
1773986626.487824,0.100000,-0.210000,0.100000,9.970000,6.060000
1773986626.505312,0.100000,-0.200000,0.100000,9.970000,6.070000
1773986626.505312,0.100000,-0.210000,0.100000,9.970000,6.080000
1773986626.505312,0.100000,-0.200000,0.100000,9.980000,6.080000
1773986626.505312,0.100000,-0.210000,0.100000,9.970000,6.090000
1773986626.505312,0.100000,-0.210000,0.100000,9.980000,6.100000
1773986626.505312,0.100000,-0.210000,0.100000,9.950000,6.100000
1773986626.505312,0.100000,-0.200000,0.100000,9.970000,6.110000
1773986626.505312,0.100000,-0.200000,0.100000,9.970000,6.110000
1773986626.505312,0.100000,-0.200000,0.100000,9.950000,6.120000
1773986626.505312,0.100000,-0.210000,0.100000,9.970000,6.130000
1773986626.505312,0.100000,-0.210000,0.100000,9.970000,6.130000
1773986626.505312,0.100000,-0.210000,0.100000,9.970000,6.140000
1773986626.505312,0.100000,-0.200000,0.100000,9.980000,6.150000
1773986626.505312,0.100000,-0.200000,0.100000,9.980000,6.150000
1773986626.505312,0.100000,-0.210000,0.100000,9.980000,6.160000
1773986626.505312,0.100000,-0.200000,0.100000,9.970000,6.160000
1773986626.520978,0.100000,-0.210000,0.100000,9.970000,6.170000
1773986626.520978,0.100000,-0.210000,0.100000,9.970000,6.180000
1773986626.520978,0.100000,-0.200000,0.100000,9.970000,6.180000
1773986626.520978,0.100000,-0.200000,0.100000,9.970000,6.190000
1773986626.520978,0.100000,-0.210000,0.100000,9.970000,6.200000
1773986626.520978,0.100000,-0.200000,0.100000,9.970000,6.200000
1773986626.520978,0.100000,-0.210000,0.100000,9.970000,6.210000
1773986626.520978,0.100000,-0.200000,0.100000,9.970000,6.210000
1773986626.520978,0.100000,-0.200000,0.100000,9.970000,6.220000
1773986626.520978,0.100000,-0.200000,0.100000,9.970000,6.230000
1773986626.520978,0.100000,-0.210000,0.100000,9.970000,6.230000
1773986626.520978,0.100000,-0.200000,0.100000,9.970000,6.240000
1773986626.520978,0.100000,-0.210000,0.100000,9.980000,6.250000
1773986626.520978,0.100000,-0.210000,0.100000,9.970000,6.250000
1773986626.520978,0.100000,-0.200000,0.100000,9.970000,6.260000
1773986626.520978,0.100000,-0.200000,0.100000,9.980000,6.260000
1773986626.532002,0.100000,-0.210000,0.100000,9.970000,6.270000
1773986626.532002,0.100000,-0.200000,0.100000,9.970000,6.280000
1773986626.532002,0.100000,-0.200000,0.100000,9.970000,0.000000
1773986626.532002,0.100000,-0.210000,0.100000,9.970000,0.010000
1773986626.532002,0.100000,-0.200000,0.100000,9.970000,0.010000
1773986626.532002,0.100000,-0.210000,0.100000,9.970000,0.020000
1773986626.532002,0.100000,-0.200000,0.100000,9.970000,0.030000
1773986626.532002,0.100000,-0.210000,0.100000,9.980000,0.030000
1773986626.532002,0.100000,-0.200000,0.100000,9.950000,0.040000
1773986626.532002,0.100000,-0.210000,0.100000,9.980000,0.040000
1773986626.532002,0.100000,-0.200000,0.100000,9.970000,0.050000
1773986626.532002,0.100000,-0.200000,0.100000,9.970000,0.060000
1773986626.532002,0.100000,-0.200000,0.100000,9.970000,0.060000
1773986626.532002,0.100000,-0.210000,0.100000,9.970000,0.070000
1773986626.532002,0.100000,-0.200000,0.100000,9.970000,0.080000
1773986626.532002,0.100000,-0.210000,0.100000,9.970000,0.080000
1773986626.562042,0.100000,-0.210000,0.100000,9.980000,0.090000
1773986626.562042,0.100000,-0.200000,0.100000,9.970000,0.090000
1773986626.562042,0.100000,-0.210000,0.100000,9.970000,0.100000
1773986626.562042,0.100000,-0.210000,0.100000,9.970000,0.110000
1773986626.562042,0.100000,-0.200000,0.100000,9.970000,0.110000
1773986626.562042,0.100000,-0.200000,0.100000,9.970000,0.120000
1773986626.562042,0.100000,-0.200000,0.100000,9.970000,0.130000
1773986626.562042,0.100000,-0.200000,0.100000,9.970000,0.130000
1773986626.562042,0.100000,-0.200000,0.100000,9.970000,0.140000
1773986626.562042,0.100000,-0.200000,0.100000,9.970000,0.150000
1773986626.562042,0.100000,-0.210000,0.100000,9.970000,0.150000
1773986626.562042,0.100000,-0.210000,0.100000,9.970000,0.160000
1773986626.562042,0.100000,-0.200000,0.100000,9.970000,0.160000
1773986626.562042,0.100000,-0.210000,0.100000,9.970000,0.170000
1773986626.562042,0.100000,-0.210000,0.100000,9.980000,0.180000
1773986626.562042,0.100000,-0.210000,0.100000,9.970000,0.180000
1773986626.569434,0.100000,-0.200000,0.100000,9.970000,0.190000
1773986626.569434,0.100000,-0.200000,0.100000,9.980000,0.200000
1773986626.569434,0.100000,-0.210000,0.100000,9.950000,0.200000
1773986626.569434,0.100000,-0.210000,0.100000,9.970000,0.210000
1773986626.569434,0.100000,-0.200000,0.100000,9.970000,0.210000
1773986626.569434,0.100000,-0.210000,0.100000,9.970000,0.220000
1773986626.569434,0.100000,-0.210000,0.100000,9.980000,0.230000
1773986626.569434,0.100000,-0.200000,0.100000,9.980000,0.230000
1773986626.569434,0.100000,-0.200000,0.100000,9.970000,0.240000
1773986626.569434,0.100000,-0.210000,0.100000,9.970000,0.250000
1773986626.569434,0.100000,-0.200000,0.100000,9.970000,0.250000
1773986626.569434,0.100000,-0.210000,0.100000,9.970000,0.260000
1773986626.569434,0.100000,-0.200000,0.100000,9.970000,0.260000
1773986626.569434,0.100000,-0.210000,0.100000,9.970000,0.270000
1773986626.569434,0.100000,-0.210000,0.100000,9.970000,0.280000
1773986626.569434,0.100000,-0.210000,0.100000,9.970000,0.280000
1773986626.585621,0.100000,-0.210000,0.100000,9.970000,0.290000
1773986626.585621,0.100000,-0.210000,0.100000,9.970000,0.300000
1773986626.585621,0.100000,-0.210000,0.100000,9.970000,0.300000
1773986626.585621,0.100000,-0.210000,0.100000,9.970000,0.310000
1773986626.585621,0.100000,-0.210000,0.100000,9.970000,0.310000
1773986626.585621,0.100000,-0.210000,0.100000,9.970000,0.320000
1773986626.585621,0.100000,-0.210000,0.100000,9.970000,0.330000
1773986626.585621,0.100000,-0.210000,0.100000,9.970000,0.330000
1773986626.585621,0.100000,-0.200000,0.100000,9.970000,0.340000
1773986626.585621,0.100000,-0.210000,0.100000,9.970000,0.350000
1773986626.585621,0.100000,-0.200000,0.100000,9.970000,0.350000
1773986626.585621,0.100000,-0.200000,0.100000,9.970000,0.360000
1773986626.585621,0.100000,-0.210000,0.100000,9.970000,0.370000
1773986626.585621,0.100000,-0.200000,0.100000,9.970000,0.370000
1773986626.585621,0.100000,-0.210000,0.100000,9.970000,0.380000
1773986626.585621,0.100000,-0.200000,0.100000,9.970000,0.380000
1773986626.597918,0.100000,-0.210000,0.100000,9.970000,0.390000
1773986626.597918,0.100000,-0.210000,0.100000,9.970000,0.400000
1773986626.597918,0.100000,-0.210000,0.100000,9.970000,0.400000
1773986626.597918,0.100000,-0.200000,0.100000,9.970000,0.410000
1773986626.597918,0.100000,-0.200000,0.100000,9.970000,0.420000
1773986626.597918,0.100000,-0.210000,0.100000,9.980000,0.420000
1773986626.597918,0.100000,-0.200000,0.100000,9.970000,0.430000
1773986626.597918,0.100000,-0.210000,0.100000,9.970000,0.430000
1773986626.597918,0.100000,-0.200000,0.100000,9.970000,0.440000
1773986626.597918,0.100000,-0.210000,0.100000,9.980000,0.450000
1773986626.597918,0.100000,-0.210000,0.100000,9.970000,0.450000
1773986626.597918,0.100000,-0.210000,0.100000,9.980000,0.460000
1773986626.597918,0.100000,-0.200000,0.100000,9.970000,0.470000
1773986626.597918,0.100000,-0.210000,0.100000,9.980000,0.470000
1773986626.597918,0.100000,-0.200000,0.100000,9.950000,0.480000
1773986626.597918,0.100000,-0.210000,0.100000,9.970000,0.480000
1773986626.617555,0.100000,-0.210000,0.100000,9.970000,0.490000
1773986626.617555,0.100000,-0.210000,0.100000,9.970000,0.500000
1773986626.617555,0.100000,-0.200000,0.100000,9.970000,0.500000
1773986626.617555,0.100000,-0.200000,0.100000,9.980000,0.510000
1773986626.617555,0.100000,-0.200000,0.100000,9.970000,0.520000
1773986626.617555,0.100000,-0.210000,0.100000,9.980000,0.520000
1773986626.617555,0.100000,-0.210000,0.100000,9.970000,0.530000
1773986626.617555,0.100000,-0.200000,0.100000,9.970000,0.530000
1773986626.617555,0.100000,-0.210000,0.100000,9.970000,0.540000
1773986626.617555,0.100000,-0.200000,0.100000,9.970000,0.550000
1773986626.617555,0.100000,-0.200000,0.100000,9.970000,0.550000
1773986626.617555,0.100000,-0.200000,0.100000,9.970000,0.560000
1773986626.617555,0.100000,-0.210000,0.100000,9.970000,0.570000
1773986626.617555,0.100000,-0.200000,0.100000,9.970000,0.570000
1773986626.617555,0.100000,-0.210000,0.100000,9.970000,0.580000
1773986626.617555,0.100000,-0.210000,0.100000,9.970000,0.580000
1773986626.633433,0.100000,-0.200000,0.100000,9.970000,0.590000
1773986626.633433,0.100000,-0.210000,0.100000,9.970000,0.600000
1773986626.633433,0.100000,-0.210000,0.100000,9.970000,0.600000
1773986626.633433,0.100000,-0.200000,0.100000,9.970000,0.610000
1773986626.633433,0.100000,-0.210000,0.100000,9.970000,0.620000
1773986626.633433,0.100000,-0.210000,0.100000,9.970000,0.620000
1773986626.633433,0.100000,-0.200000,0.100000,9.970000,0.630000
1773986626.633433,0.100000,-0.200000,0.100000,9.980000,0.640000
1773986626.633433,0.100000,-0.210000,0.100000,9.970000,0.640000
1773986626.633433,0.100000,-0.210000,0.100000,9.970000,0.650000
1773986626.633433,0.100000,-0.210000,0.100000,9.970000,0.650000
1773986626.633433,0.100000,-0.200000,0.100000,9.980000,0.660000
1773986626.633433,0.100000,-0.210000,0.100000,9.970000,0.670000
1773986626.633433,0.100000,-0.210000,0.100000,9.970000,0.670000
1773986626.633433,0.100000,-0.200000,0.100000,9.970000,0.680000
1773986626.633433,0.100000,-0.200000,0.100000,9.970000,0.690000
1773986626.663950,0.100000,-0.200000,0.100000,9.970000,0.690000
1773986626.663950,0.100000,-0.210000,0.100000,9.980000,0.700000
1773986626.663950,0.100000,-0.200000,0.100000,9.970000,0.700000
1773986626.663950,0.100000,-0.210000,0.100000,9.970000,0.710000
1773986626.663950,0.100000,-0.200000,0.100000,9.970000,0.720000
1773986626.663950,0.100000,-0.210000,0.100000,9.980000,0.720000
1773986626.663950,0.100000,-0.210000,0.100000,9.970000,0.730000
1773986626.663950,0.100000,-0.210000,0.100000,9.970000,0.740000
1773986626.663950,0.100000,-0.210000,0.100000,9.980000,0.740000
1773986626.663950,0.100000,-0.200000,0.100000,9.970000,0.750000
1773986626.663950,0.100000,-0.210000,0.100000,9.970000,0.750000
1773986626.663950,0.100000,-0.200000,0.100000,9.970000,0.760000
1773986626.663950,0.100000,-0.210000,0.100000,9.970000,0.770000
1773986626.663950,0.100000,-0.210000,0.100000,9.980000,0.770000
1773986626.663950,0.100000,-0.210000,0.100000,9.970000,0.780000
1773986626.663950,0.100000,-0.200000,0.100000,9.970000,0.790000
1773986626.665664,0.100000,-0.210000,0.100000,9.980000,0.790000
1773986626.665664,0.100000,-0.210000,0.100000,9.970000,0.800000
1773986626.665664,0.100000,-0.200000,0.100000,9.970000,0.800000
1773986626.665664,0.100000,-0.200000,0.100000,9.950000,0.810000
1773986626.665664,0.100000,-0.210000,0.100000,9.970000,0.820000
1773986626.665664,0.100000,-0.200000,0.100000,9.970000,0.820000
1773986626.665664,0.100000,-0.210000,0.100000,9.970000,0.830000
1773986626.665664,0.100000,-0.200000,0.100000,9.970000,0.840000
1773986626.665664,0.100000,-0.200000,0.100000,9.950000,0.840000
1773986626.665664,0.100000,-0.210000,0.100000,9.970000,0.850000
1773986626.665664,0.100000,-0.210000,0.100000,9.970000,0.860000
1773986626.665664,0.100000,-0.200000,0.100000,9.970000,0.860000
1773986626.665664,0.100000,-0.210000,0.100000,9.970000,0.870000
1773986626.665664,0.100000,-0.210000,0.100000,9.970000,0.870000
1773986626.665664,0.100000,-0.200000,0.100000,9.950000,0.880000
1773986626.665664,0.100000,-0.200000,0.100000,9.970000,0.890000
1773986626.686933,0.100000,-0.200000,0.100000,9.970000,0.890000
1773986626.686933,0.100000,-0.200000,0.100000,9.970000,0.900000
1773986626.686933,0.100000,-0.200000,0.100000,9.970000,0.910000
1773986626.686933,0.100000,-0.200000,0.100000,9.980000,0.910000
1773986626.686933,0.100000,-0.210000,0.100000,9.970000,0.920000
1773986626.686933,0.100000,-0.210000,0.100000,9.980000,0.920000
1773986626.686933,0.100000,-0.210000,0.100000,9.980000,0.930000
1773986626.686933,0.100000,-0.200000,0.100000,9.970000,0.940000
1773986626.686933,0.100000,-0.200000,0.100000,9.950000,0.940000
1773986626.686933,0.100000,-0.210000,0.100000,9.980000,0.950000
1773986626.686933,0.100000,-0.200000,0.100000,9.970000,0.960000
1773986626.686933,0.100000,-0.200000,0.100000,9.970000,0.960000
1773986626.686933,0.100000,-0.210000,0.100000,9.970000,0.970000
1773986626.686933,0.100000,-0.210000,0.100000,9.980000,0.970000
1773986626.686933,0.100000,-0.210000,0.100000,9.970000,0.980000
1773986626.686933,0.100000,-0.200000,0.100000,9.970000,0.990000
1773986626.697958,0.100000,-0.210000,0.100000,9.970000,0.990000
1773986626.697958,0.100000,-0.200000,0.100000,9.970000,1.000000
1773986626.697958,0.100000,-0.210000,0.100000,9.970000,1.010000
1773986626.697958,0.100000,-0.210000,0.100000,9.980000,1.010000
1773986626.697958,0.100000,-0.210000,0.100000,9.970000,1.020000
1773986626.697958,0.100000,-0.210000,0.100000,9.970000,1.020000
1773986626.697958,0.100000,-0.210000,0.100000,9.970000,1.030000
1773986626.697958,0.100000,-0.200000,0.100000,9.970000,1.040000
1773986626.697958,0.100000,-0.210000,0.100000,9.970000,1.040000
1773986626.697958,0.100000,-0.210000,0.100000,9.980000,1.050000
1773986626.697958,0.100000,-0.200000,0.100000,9.970000,1.060000
1773986626.697958,0.100000,-0.210000,0.100000,9.970000,1.060000
1773986626.697958,0.100000,-0.200000,0.100000,9.970000,1.070000
1773986626.697958,0.100000,-0.210000,0.100000,9.980000,1.080000
1773986626.697958,0.100000,-0.200000,0.100000,9.970000,1.080000
1773986626.697958,0.100000,-0.200000,0.100000,9.970000,1.090000
1773986626.727218,0.100000,-0.210000,0.100000,9.970000,1.090000
1773986626.727218,0.100000,-0.210000,0.100000,9.970000,1.100000
1773986626.727218,0.100000,-0.200000,0.100000,9.970000,1.110000
1773986626.727218,0.100000,-0.210000,0.100000,9.970000,1.110000
1773986626.727218,0.100000,-0.210000,0.100000,9.980000,1.120000
1773986626.727218,0.100000,-0.210000,0.100000,9.980000,1.130000
1773986626.727218,0.100000,-0.210000,0.100000,9.970000,1.130000
1773986626.727218,0.100000,-0.210000,0.100000,9.970000,1.140000
1773986626.727218,0.100000,-0.200000,0.100000,9.970000,1.140000
1773986626.727218,0.100000,-0.210000,0.100000,9.980000,1.150000
1773986626.727218,0.100000,-0.210000,0.100000,9.950000,1.160000
1773986626.727218,0.100000,-0.210000,0.100000,9.970000,1.160000
1773986626.727218,0.100000,-0.210000,0.100000,9.980000,1.170000
1773986626.727218,0.100000,-0.200000,0.100000,9.970000,1.180000
1773986626.727218,0.100000,-0.210000,0.100000,9.980000,1.180000
1773986626.727218,0.100000,-0.200000,0.100000,9.970000,1.190000
1773986626.735378,0.100000,-0.200000,0.100000,9.970000,1.190000
1773986626.735378,0.100000,-0.200000,0.100000,9.980000,1.200000
1773986626.735378,0.100000,-0.200000,0.100000,9.970000,1.210000
1773986626.735378,0.100000,-0.210000,0.100000,9.970000,1.210000
1773986626.735378,0.100000,-0.210000,0.100000,9.980000,1.220000
1773986626.735378,0.100000,-0.200000,0.100000,9.970000,1.230000
1773986626.735378,0.100000,-0.210000,0.100000,9.970000,1.230000
1773986626.735378,0.100000,-0.210000,0.100000,9.970000,1.240000
1773986626.735378,0.100000,-0.200000,0.100000,9.970000,1.240000
1773986626.735378,0.100000,-0.210000,0.100000,9.970000,1.250000
1773986626.735378,0.100000,-0.210000,0.100000,9.970000,1.260000
1773986626.735378,0.100000,-0.200000,0.100000,9.980000,1.260000
1773986626.735378,0.100000,-0.210000,0.100000,9.970000,1.270000
1773986626.735378,0.100000,-0.200000,0.100000,9.970000,1.280000
1773986626.735378,0.100000,-0.200000,0.100000,9.950000,1.280000
1773986626.735378,0.100000,-0.200000,0.100000,9.970000,1.290000
1773986626.739990,0.100000,-0.200000,0.100000,9.970000,1.290000
1773986626.739990,0.100000,-0.200000,0.100000,9.970000,1.300000
1773986626.739990,0.100000,-0.200000,0.100000,9.970000,1.310000
1773986626.739990,0.100000,-0.200000,0.100000,9.980000,1.310000
1773986626.739990,0.100000,-0.210000,0.100000,9.970000,1.320000
1773986626.739990,0.100000,-0.210000,0.100000,9.970000,1.330000
1773986626.739990,0.100000,-0.200000,0.100000,9.980000,1.330000
1773986626.739990,0.100000,-0.200000,0.100000,9.970000,1.340000
1773986626.739990,0.100000,-0.210000,0.100000,9.970000,1.350000
1773986626.739990,0.100000,-0.200000,0.100000,9.970000,1.350000
1773986626.739990,0.100000,-0.210000,0.100000,9.970000,1.360000
1773986626.739990,0.100000,-0.200000,0.100000,9.970000,1.360000
1773986626.739990,0.100000,-0.210000,0.100000,9.970000,1.370000
1773986626.739990,0.100000,-0.200000,0.100000,9.970000,1.380000
1773986626.739990,0.100000,-0.200000,0.100000,9.950000,1.380000
1773986626.739990,0.100000,-0.200000,0.100000,9.970000,1.390000
1773986626.761032,0.100000,-0.210000,0.100000,9.980000,1.400000
1773986626.761032,0.100000,-0.210000,0.100000,9.970000,1.400000
1773986626.761032,0.100000,-0.210000,0.100000,9.970000,1.410000
1773986626.761032,0.100000,-0.210000,0.100000,9.970000,1.410000
1773986626.761032,0.100000,-0.210000,0.100000,9.970000,1.420000
1773986626.761032,0.100000,-0.210000,0.100000,9.970000,1.430000
1773986626.761032,0.100000,-0.210000,0.100000,9.970000,1.430000
1773986626.761032,0.100000,-0.210000,0.100000,9.970000,1.440000
1773986626.761032,0.100000,-0.200000,0.100000,9.950000,1.450000
1773986626.761032,0.100000,-0.200000,0.100000,9.970000,1.450000
1773986626.761032,0.100000,-0.210000,0.100000,9.970000,1.460000
1773986626.761032,0.100000,-0.210000,0.100000,9.970000,1.460000
1773986626.761032,0.100000,-0.210000,0.100000,9.970000,1.470000
1773986626.761032,0.100000,-0.200000,0.100000,9.980000,1.480000
1773986626.761032,0.100000,-0.200000,0.100000,9.970000,1.480000
1773986626.761032,0.100000,-0.210000,0.100000,9.970000,1.490000
1773986626.783227,0.100000,-0.210000,0.100000,9.970000,1.500000
1773986626.783227,0.100000,-0.210000,0.100000,9.970000,1.500000
1773986626.783227,0.100000,-0.200000,0.100000,9.970000,1.510000
1773986626.783227,0.100000,-0.210000,0.100000,9.970000,1.510000
1773986626.783227,0.100000,-0.210000,0.100000,9.970000,1.520000
1773986626.783227,0.100000,-0.210000,0.100000,9.970000,1.530000
1773986626.783227,0.100000,-0.200000,0.100000,9.970000,1.530000
1773986626.783227,0.100000,-0.200000,0.100000,9.970000,1.540000
1773986626.783227,0.100000,-0.210000,0.100000,9.970000,1.550000
1773986626.783227,0.100000,-0.200000,0.100000,9.970000,1.550000
1773986626.783227,0.100000,-0.200000,0.100000,9.980000,1.560000
1773986626.783227,0.100000,-0.200000,0.100000,9.970000,1.570000
1773986626.783227,0.100000,-0.210000,0.100000,9.970000,1.570000
1773986626.783227,0.100000,-0.210000,0.100000,9.970000,1.580000
1773986626.783227,0.100000,-0.200000,0.100000,9.970000,1.580000
1773986626.783227,0.100000,-0.210000,0.100000,9.970000,1.590000
1773986626.801413,0.100000,-0.200000,0.100000,9.970000,1.600000
1773986626.801413,0.100000,-0.210000,0.100000,9.980000,1.600000
1773986626.801413,0.100000,-0.200000,0.100000,9.970000,1.610000
1773986626.801413,0.100000,-0.210000,0.100000,9.970000,1.620000
1773986626.801413,0.100000,-0.210000,0.100000,9.970000,1.620000
1773986626.801413,0.100000,-0.210000,0.100000,9.970000,1.630000
1773986626.801413,0.100000,-0.200000,0.100000,9.980000,1.630000
1773986626.801413,0.100000,-0.200000,0.100000,9.970000,1.640000
1773986626.801413,0.100000,-0.210000,0.100000,9.970000,1.650000
1773986626.801413,0.100000,-0.200000,0.100000,9.970000,1.650000
1773986626.801413,0.100000,-0.210000,0.100000,9.970000,1.660000
1773986626.801413,0.100000,-0.200000,0.100000,9.950000,1.670000
1773986626.801413,0.100000,-0.210000,0.100000,9.970000,1.670000
1773986626.801413,0.100000,-0.200000,0.100000,9.970000,1.680000
1773986626.801413,0.100000,-0.210000,0.100000,9.980000,1.680000
1773986626.801413,0.100000,-0.200000,0.100000,9.970000,1.690000
1773986626.802614,0.100000,-0.200000,0.100000,9.970000,1.700000
1773986626.802614,0.100000,-0.210000,0.100000,9.970000,1.700000
1773986626.802614,0.100000,-0.210000,0.100000,9.980000,1.710000
1773986626.802614,0.100000,-0.210000,0.100000,9.950000,1.720000
1773986626.802614,0.100000,-0.200000,0.100000,9.970000,1.720000
1773986626.802614,0.100000,-0.210000,0.100000,9.980000,1.730000
1773986626.802614,0.100000,-0.210000,0.100000,9.970000,1.730000
1773986626.802614,0.100000,-0.200000,0.100000,9.970000,1.740000
1773986626.802614,0.100000,-0.200000,0.100000,9.970000,1.750000
1773986626.802614,0.100000,-0.210000,0.100000,9.970000,1.750000
1773986626.802614,0.100000,-0.200000,0.100000,9.980000,1.760000
1773986626.802614,0.100000,-0.210000,0.100000,9.970000,1.770000
1773986626.802614,0.100000,-0.200000,0.100000,9.970000,1.770000
1773986626.802614,0.100000,-0.200000,0.100000,9.970000,1.780000
1773986626.802614,0.100000,-0.210000,0.100000,9.970000,1.780000
1773986626.802614,0.100000,-0.210000,0.100000,9.970000,1.790000
1773986626.825858,0.100000,-0.200000,0.100000,9.970000,1.800000
1773986626.825858,0.100000,-0.200000,0.100000,9.970000,1.800000
1773986626.825858,0.100000,-0.200000,0.100000,9.980000,1.810000
1773986626.825858,0.100000,-0.210000,0.100000,9.970000,1.820000
1773986626.825858,0.100000,-0.200000,0.100000,9.970000,1.820000
1773986626.825858,0.100000,-0.200000,0.100000,9.970000,1.830000
1773986626.825858,0.100000,-0.210000,0.100000,9.970000,1.840000
1773986626.825858,0.100000,-0.200000,0.100000,9.970000,1.840000
1773986626.825858,0.100000,-0.210000,0.100000,9.970000,1.850000
1773986626.825858,0.100000,-0.200000,0.100000,9.970000,1.850000
1773986626.825858,0.100000,-0.200000,0.100000,9.970000,1.860000
1773986626.825858,0.100000,-0.200000,0.100000,9.970000,1.870000
1773986626.825858,0.100000,-0.210000,0.100000,9.970000,1.870000
1773986626.825858,0.100000,-0.200000,0.100000,9.970000,1.880000
1773986626.825858,0.100000,-0.210000,0.100000,9.970000,1.890000
1773986626.825858,0.100000,-0.210000,0.100000,9.970000,1.890000
1773986626.846965,0.100000,-0.200000,0.100000,9.970000,1.900000
1773986626.846965,0.100000,-0.210000,0.100000,9.980000,1.900000
1773986626.846965,0.100000,-0.200000,0.100000,9.970000,1.910000
1773986626.846965,0.100000,-0.210000,0.100000,9.980000,1.920000
1773986626.846965,0.100000,-0.200000,0.100000,9.970000,1.920000
1773986626.846965,0.100000,-0.210000,0.100000,9.980000,1.930000
1773986626.846965,0.100000,-0.200000,0.100000,9.970000,1.940000
1773986626.846965,0.100000,-0.200000,0.100000,9.970000,1.940000
1773986626.846965,0.100000,-0.210000,0.100000,9.970000,1.950000
1773986626.846965,0.100000,-0.200000,0.100000,9.970000,1.950000
1773986626.846965,0.100000,-0.200000,0.100000,9.980000,1.960000
1773986626.846965,0.100000,-0.200000,0.100000,9.950000,1.970000
1773986626.846965,0.100000,-0.210000,0.100000,9.980000,1.970000
1773986626.846965,0.100000,-0.200000,0.100000,9.970000,1.980000
1773986626.846965,0.100000,-0.210000,0.100000,9.970000,1.990000
1773986626.846965,0.100000,-0.200000,0.100000,9.970000,1.990000
1773986626.864048,0.100000,-0.210000,0.100000,9.970000,2.000000
1773986626.864048,0.100000,-0.210000,0.100000,9.970000,2.000000
1773986626.864048,0.100000,-0.210000,0.100000,9.950000,2.010000
1773986626.864048,0.100000,-0.210000,0.100000,9.970000,2.020000
1773986626.864048,0.100000,-0.200000,0.100000,9.970000,2.020000
1773986626.864048,0.100000,-0.210000,0.100000,9.980000,2.030000
1773986626.864048,0.100000,-0.200000,0.100000,9.970000,2.040000
1773986626.864048,0.100000,-0.200000,0.100000,9.980000,2.040000
1773986626.864048,0.100000,-0.210000,0.100000,9.970000,2.050000
1773986626.864048,0.100000,-0.200000,0.100000,9.970000,2.060000
1773986626.864048,0.100000,-0.210000,0.100000,9.970000,2.060000
1773986626.864048,0.100000,-0.210000,0.100000,9.970000,2.070000
1773986626.864048,0.100000,-0.200000,0.100000,9.980000,2.070000
1773986626.864048,0.100000,-0.210000,0.100000,9.970000,2.080000
1773986626.864048,0.100000,-0.210000,0.100000,9.980000,2.090000
1773986626.864048,0.100000,-0.210000,0.100000,9.970000,2.090000
1773986626.868447,0.100000,-0.210000,0.100000,9.980000,2.100000
1773986626.868447,0.100000,-0.200000,0.100000,9.970000,2.110000
1773986626.868447,0.100000,-0.200000,0.100000,9.970000,2.110000
1773986626.868447,0.100000,-0.210000,0.100000,9.970000,2.120000
1773986626.868447,0.100000,-0.210000,0.100000,9.970000,2.120000
1773986626.868447,0.100000,-0.200000,0.100000,9.970000,2.130000
1773986626.868447,0.100000,-0.210000,0.100000,9.970000,2.140000
1773986626.868447,0.100000,-0.200000,0.100000,9.950000,2.140000
1773986626.868447,0.100000,-0.210000,0.100000,9.970000,2.150000
1773986626.868447,0.100000,-0.210000,0.100000,9.970000,2.160000
1773986626.868447,0.100000,-0.200000,0.100000,9.970000,2.160000
1773986626.868447,0.100000,-0.210000,0.100000,9.980000,2.170000
1773986626.868447,0.100000,-0.210000,0.100000,9.970000,2.170000
1773986626.868447,0.100000,-0.200000,0.100000,9.970000,2.180000
1773986626.868447,0.100000,-0.210000,0.100000,9.970000,2.190000
1773986626.868447,0.100000,-0.210000,0.100000,9.970000,2.190000
1773986626.890177,0.100000,-0.200000,0.100000,9.970000,2.200000
1773986626.890177,0.100000,-0.210000,0.100000,9.970000,2.210000
1773986626.890177,0.100000,-0.210000,0.100000,9.970000,2.210000
1773986626.890177,0.100000,-0.200000,0.100000,9.950000,2.220000
1773986626.890177,0.100000,-0.210000,0.100000,9.980000,2.220000
1773986626.890177,0.100000,-0.200000,0.100000,9.970000,2.230000
1773986626.890177,0.100000,-0.210000,0.100000,9.970000,2.240000
1773986626.890177,0.100000,-0.200000,0.100000,9.970000,2.240000
1773986626.890177,0.100000,-0.200000,0.100000,9.970000,2.250000
1773986626.890177,0.100000,-0.200000,0.100000,9.980000,2.260000
1773986626.890177,0.100000,-0.210000,0.100000,9.980000,2.260000
1773986626.890177,0.100000,-0.210000,0.100000,9.970000,2.270000
1773986626.890177,0.100000,-0.200000,0.100000,9.970000,2.280000
1773986626.890177,0.100000,-0.200000,0.100000,9.970000,2.280000
1773986626.890177,0.100000,-0.200000,0.100000,9.970000,2.290000
1773986626.890177,0.100000,-0.200000,0.100000,9.970000,2.290000
1773986626.911497,0.100000,-0.210000,0.100000,9.970000,2.300000
1773986626.911497,0.100000,-0.210000,0.100000,9.970000,2.310000
1773986626.911497,0.100000,-0.210000,0.100000,9.980000,2.310000
1773986626.911497,0.100000,-0.200000,0.100000,9.950000,2.320000
1773986626.911497,0.100000,-0.200000,0.100000,9.970000,2.330000
1773986626.911497,0.100000,-0.200000,0.100000,9.970000,2.330000
1773986626.911497,0.100000,-0.210000,0.100000,9.980000,2.340000
1773986626.911497,0.100000,-0.210000,0.100000,9.970000,2.340000
1773986626.911497,0.100000,-0.210000,0.100000,9.970000,2.350000
1773986626.911497,0.100000,-0.200000,0.100000,9.970000,2.360000
1773986626.911497,0.100000,-0.200000,0.100000,9.970000,2.360000
1773986626.911497,0.100000,-0.200000,0.100000,9.970000,2.370000
1773986626.911497,0.100000,-0.210000,0.100000,9.970000,2.380000
1773986626.911497,0.100000,-0.210000,0.100000,9.980000,2.380000
1773986626.911497,0.100000,-0.200000,0.100000,9.970000,2.390000
1773986626.911497,0.100000,-0.210000,0.100000,9.970000,2.390000
1773986626.925522,0.100000,-0.210000,0.100000,9.970000,2.400000
1773986626.925522,0.100000,-0.210000,0.100000,9.980000,2.410000
1773986626.925522,0.100000,-0.200000,0.100000,9.970000,2.410000
1773986626.925522,0.100000,-0.210000,0.100000,9.970000,2.420000
1773986626.925522,0.100000,-0.200000,0.100000,9.980000,2.430000
1773986626.925522,0.100000,-0.200000,0.100000,9.970000,2.430000
1773986626.925522,0.100000,-0.210000,0.100000,9.980000,2.440000
1773986626.925522,0.100000,-0.210000,0.100000,9.970000,2.440000
1773986626.925522,0.100000,-0.210000,0.100000,9.970000,2.450000
1773986626.925522,0.100000,-0.200000,0.100000,9.970000,2.460000
1773986626.925522,0.100000,-0.200000,0.100000,9.970000,2.460000
1773986626.925522,0.100000,-0.200000,0.100000,9.970000,2.470000
1773986626.925522,0.100000,-0.210000,0.100000,9.970000,2.480000
1773986626.925522,0.100000,-0.200000,0.100000,9.970000,2.480000
1773986626.925522,0.100000,-0.210000,0.100000,9.970000,2.490000
1773986626.925522,0.100000,-0.210000,0.100000,9.970000,2.500000
1773986626.939098,0.100000,-0.210000,0.100000,9.980000,2.500000
1773986626.939098,0.100000,-0.210000,0.100000,9.970000,2.510000
1773986626.939098,0.100000,-0.210000,0.100000,9.970000,2.510000
1773986626.939098,0.100000,-0.210000,0.100000,9.970000,2.520000
1773986626.939098,0.100000,-0.200000,0.100000,9.970000,2.530000
1773986626.939098,0.100000,-0.210000,0.100000,9.970000,2.530000
1773986626.939098,0.100000,-0.200000,0.100000,9.970000,2.540000
1773986626.939098,0.100000,-0.200000,0.100000,9.970000,2.550000
1773986626.939098,0.100000,-0.200000,0.100000,9.970000,2.550000
1773986626.939098,0.100000,-0.210000,0.100000,9.970000,2.560000
1773986626.939098,0.100000,-0.200000,0.100000,9.970000,2.560000
1773986626.939098,0.100000,-0.200000,0.100000,9.970000,2.570000
1773986626.939098,0.100000,-0.210000,0.100000,9.970000,2.580000
1773986626.939098,0.100000,-0.200000,0.100000,9.950000,2.580000
1773986626.939098,0.100000,-0.200000,0.100000,9.980000,2.590000
1773986626.939098,0.100000,-0.200000,0.100000,9.970000,2.600000
1773986626.953125,0.100000,-0.200000,0.100000,9.980000,2.600000
1773986626.953125,0.100000,-0.200000,0.100000,9.970000,2.610000
1773986626.953125,0.100000,-0.210000,0.100000,9.980000,2.610000
1773986626.953125,0.100000,-0.210000,0.100000,9.970000,2.620000
1773986626.953125,0.100000,-0.210000,0.100000,9.970000,2.630000
1773986626.953125,0.100000,-0.200000,0.100000,9.970000,2.630000
1773986626.953125,0.100000,-0.210000,0.100000,9.980000,2.640000
1773986626.953125,0.100000,-0.200000,0.100000,9.970000,2.650000
1773986626.953125,0.100000,-0.210000,0.100000,9.970000,2.650000
1773986626.953125,0.100000,-0.210000,0.100000,9.970000,2.660000
1773986626.953125,0.100000,-0.200000,0.100000,9.970000,2.660000
1773986626.953125,0.100000,-0.210000,0.100000,9.980000,2.670000
1773986626.953125,0.100000,-0.200000,0.100000,9.970000,2.680000
1773986626.953125,0.100000,-0.210000,0.100000,9.970000,2.680000
1773986626.953125,0.100000,-0.210000,0.100000,9.970000,2.690000
1773986626.953125,0.100000,-0.210000,0.100000,9.980000,2.700000
1773986626.973500,0.100000,-0.210000,0.100000,9.970000,2.700000
1773986626.973500,0.100000,-0.200000,0.100000,9.970000,2.710000
1773986626.973500,0.100000,-0.210000,0.100000,9.980000,2.710000
1773986626.973500,0.100000,-0.200000,0.100000,9.970000,2.720000
1773986626.973500,0.100000,-0.210000,0.100000,9.970000,2.730000
1773986626.973500,0.100000,-0.210000,0.100000,9.970000,2.730000
1773986626.973500,0.100000,-0.210000,0.100000,9.970000,2.740000
1773986626.973500,0.100000,-0.210000,0.100000,9.970000,2.750000
1773986626.973500,0.100000,-0.210000,0.100000,9.970000,2.750000
1773986626.973500,0.100000,-0.200000,0.100000,9.970000,2.760000
1773986626.973500,0.100000,-0.210000,0.100000,9.970000,2.770000
1773986626.973500,0.100000,-0.200000,0.100000,9.970000,2.770000
1773986626.973500,0.100000,-0.200000,0.100000,9.970000,2.780000
1773986626.973500,0.100000,-0.210000,0.100000,9.970000,2.780000
1773986626.973500,0.100000,-0.210000,0.100000,9.970000,2.790000
1773986626.973500,0.100000,-0.200000,0.100000,9.980000,2.800000
1773986626.988082,0.100000,-0.200000,0.100000,9.970000,2.800000
1773986626.988082,0.100000,-0.200000,0.100000,9.970000,2.810000
1773986626.988082,0.100000,-0.200000,0.100000,9.970000,2.820000
1773986626.988082,0.100000,-0.210000,0.100000,9.970000,2.820000
1773986626.988082,0.100000,-0.200000,0.100000,9.980000,2.830000
1773986626.988082,0.100000,-0.200000,0.100000,9.950000,2.830000
1773986626.988082,0.100000,-0.210000,0.100000,9.970000,2.840000
1773986626.988082,0.100000,-0.210000,0.100000,9.970000,2.850000
1773986626.988082,0.100000,-0.210000,0.100000,9.980000,2.850000
1773986626.988082,0.100000,-0.200000,0.100000,9.970000,2.860000
1773986626.988082,0.100000,-0.210000,0.100000,9.970000,2.870000
1773986626.988082,0.100000,-0.210000,0.100000,9.980000,2.870000
1773986626.988082,0.100000,-0.200000,0.100000,9.970000,2.880000
1773986626.988082,0.100000,-0.210000,0.100000,9.970000,2.880000
1773986626.988082,0.100000,-0.200000,0.100000,9.970000,2.890000
1773986626.988082,0.100000,-0.210000,0.100000,9.970000,2.900000
1773986627.003803,0.100000,-0.210000,0.100000,9.970000,2.900000
1773986627.003803,0.100000,-0.210000,0.100000,9.970000,2.910000
1773986627.003803,0.100000,-0.200000,0.100000,9.980000,2.920000
1773986627.003803,0.100000,-0.200000,0.100000,9.970000,2.920000
1773986627.003803,0.100000,-0.210000,0.100000,9.980000,2.930000
1773986627.003803,0.100000,-0.200000,0.100000,9.970000,2.930000
1773986627.003803,0.100000,-0.210000,0.100000,9.970000,2.940000
1773986627.003803,0.100000,-0.200000,0.100000,9.970000,2.950000
1773986627.003803,0.100000,-0.200000,0.100000,9.970000,2.950000
1773986627.003803,0.100000,-0.210000,0.100000,9.980000,2.960000
1773986627.003803,0.100000,-0.200000,0.100000,9.950000,2.970000
1773986627.003803,0.100000,-0.200000,0.100000,9.980000,2.970000
1773986627.003803,0.100000,-0.200000,0.100000,9.970000,2.980000
1773986627.003803,0.100000,-0.200000,0.100000,9.980000,2.990000
1773986627.003803,0.100000,-0.200000,0.100000,9.970000,2.990000
1773986627.003803,0.100000,-0.210000,0.100000,9.980000,3.000000
1773986627.017163,0.100000,-0.200000,0.100000,9.970000,3.000000
1773986627.017163,0.100000,-0.210000,0.100000,9.980000,3.010000
1773986627.017163,0.100000,-0.210000,0.100000,9.970000,3.020000
1773986627.017163,0.100000,-0.200000,0.100000,9.970000,3.020000
1773986627.017163,0.100000,-0.210000,0.100000,9.970000,3.030000
1773986627.017163,0.100000,-0.210000,0.100000,9.970000,3.040000
1773986627.017163,0.100000,-0.210000,0.100000,9.980000,3.040000
1773986627.017163,0.100000,-0.200000,0.100000,9.970000,3.050000
1773986627.017163,0.100000,-0.200000,0.100000,9.970000,3.050000
1773986627.017163,0.100000,-0.210000,0.100000,9.980000,3.060000
1773986627.017163,0.100000,-0.200000,0.100000,9.970000,3.070000
1773986627.017163,0.100000,-0.200000,0.100000,9.970000,3.070000
1773986627.017163,0.100000,-0.210000,0.100000,9.970000,3.080000
1773986627.017163,0.100000,-0.200000,0.100000,9.980000,3.090000
1773986627.017163,0.100000,-0.210000,0.100000,9.970000,3.090000
1773986627.017163,0.100000,-0.210000,0.100000,9.980000,3.100000
1773986627.037709,0.100000,-0.200000,0.100000,9.970000,3.100000
1773986627.037709,0.100000,-0.210000,0.100000,9.970000,3.110000
1773986627.037709,0.100000,-0.210000,0.100000,9.970000,3.120000
1773986627.037709,0.100000,-0.210000,0.100000,9.970000,3.120000
1773986627.037709,0.100000,-0.210000,0.100000,9.980000,3.130000
1773986627.037709,0.100000,-0.210000,0.100000,9.970000,3.140000
1773986627.037709,0.100000,-0.210000,0.100000,9.980000,3.140000
1773986627.037709,0.100000,-0.200000,0.100000,9.970000,3.150000
1773986627.037709,0.100000,-0.210000,0.100000,9.970000,3.150000
1773986627.037709,0.100000,-0.210000,0.100000,9.970000,3.160000
1773986627.037709,0.100000,-0.210000,0.100000,9.970000,3.170000
1773986627.037709,0.100000,-0.200000,0.100000,9.970000,3.170000
1773986627.037709,0.100000,-0.200000,0.100000,9.970000,3.180000
1773986627.037709,0.100000,-0.210000,0.100000,9.970000,3.190000
1773986627.037709,0.100000,-0.200000,0.100000,9.970000,3.190000
1773986627.037709,0.100000,-0.210000,0.100000,9.980000,3.200000
1773986627.051430,0.100000,-0.210000,0.100000,9.970000,3.210000
1773986627.051430,0.100000,-0.200000,0.100000,9.980000,3.210000
1773986627.051430,0.100000,-0.210000,0.100000,9.980000,3.220000
1773986627.051430,0.100000,-0.200000,0.100000,9.970000,3.220000
1773986627.051430,0.100000,-0.200000,0.100000,9.980000,3.230000
1773986627.051430,0.100000,-0.210000,0.100000,9.970000,3.240000
1773986627.051430,0.100000,-0.210000,0.100000,9.980000,3.240000
1773986627.051430,0.100000,-0.200000,0.100000,9.970000,3.250000
1773986627.051430,0.100000,-0.210000,0.100000,9.970000,3.260000
1773986627.051430,0.100000,-0.200000,0.100000,9.950000,3.260000
1773986627.051430,0.100000,-0.210000,0.100000,9.970000,3.270000
1773986627.051430,0.100000,-0.200000,0.100000,9.980000,3.270000
1773986627.051430,0.100000,-0.210000,0.100000,9.970000,3.280000
1773986627.051430,0.100000,-0.210000,0.100000,9.970000,3.290000
1773986627.051430,0.100000,-0.200000,0.100000,9.970000,3.290000
1773986627.051430,0.100000,-0.210000,0.100000,9.980000,3.300000
1773986627.067478,0.100000,-0.200000,0.100000,9.970000,3.310000
1773986627.067478,0.100000,-0.200000,0.100000,9.970000,3.310000
1773986627.067478,0.100000,-0.210000,0.100000,9.970000,3.320000
1773986627.067478,0.100000,-0.200000,0.100000,9.970000,3.320000
1773986627.067478,0.100000,-0.210000,0.100000,10.000000,3.330000
1773986627.067478,0.100000,-0.210000,0.100000,9.970000,3.340000
1773986627.067478,0.100000,-0.210000,0.100000,9.980000,3.340000
1773986627.067478,0.100000,-0.200000,0.100000,9.970000,3.350000
1773986627.067478,0.100000,-0.210000,0.100000,9.970000,3.360000
1773986627.067478,0.100000,-0.200000,0.100000,9.980000,3.360000
1773986627.067478,0.100000,-0.210000,0.100000,9.970000,3.370000
1773986627.067478,0.100000,-0.210000,0.100000,9.970000,3.370000
1773986627.067478,0.100000,-0.200000,0.100000,9.970000,3.380000
1773986627.067478,0.100000,-0.210000,0.100000,9.970000,3.390000
1773986627.067478,0.100000,-0.210000,0.100000,9.970000,3.390000
1773986627.067478,0.100000,-0.210000,0.100000,9.980000,3.400000
1773986627.082355,0.100000,-0.200000,0.100000,9.970000,3.410000
1773986627.082355,0.100000,-0.200000,0.100000,9.970000,3.410000
1773986627.082355,0.100000,-0.210000,0.100000,9.980000,3.420000
1773986627.082355,0.100000,-0.210000,0.100000,9.970000,3.430000
1773986627.082355,0.100000,-0.210000,0.100000,9.970000,3.430000
1773986627.082355,0.100000,-0.200000,0.100000,9.970000,3.440000
1773986627.082355,0.100000,-0.200000,0.100000,9.970000,3.440000
1773986627.082355,0.100000,-0.210000,0.100000,9.970000,3.450000
1773986627.082355,0.100000,-0.200000,0.100000,9.970000,3.460000
1773986627.082355,0.100000,-0.210000,0.100000,9.980000,3.460000
1773986627.082355,0.100000,-0.200000,0.100000,9.970000,3.470000
1773986627.082355,0.100000,-0.210000,0.100000,9.970000,3.480000
1773986627.082355,0.100000,-0.210000,0.100000,9.970000,3.480000
1773986627.082355,0.100000,-0.210000,0.100000,9.980000,3.490000
1773986627.082355,0.100000,-0.210000,0.100000,9.970000,3.490000
1773986627.082355,0.100000,-0.200000,0.100000,9.970000,3.500000
1773986627.101900,0.100000,-0.210000,0.100000,9.980000,3.510000
1773986627.101900,0.100000,-0.200000,0.100000,9.970000,3.510000
1773986627.101900,0.100000,-0.210000,0.100000,9.980000,3.520000
1773986627.101900,0.100000,-0.200000,0.100000,9.980000,3.530000
1773986627.101900,0.100000,-0.200000,0.100000,9.950000,3.530000
1773986627.101900,0.100000,-0.200000,0.100000,9.970000,3.540000
1773986627.101900,0.100000,-0.200000,0.100000,9.970000,3.540000
1773986627.101900,0.100000,-0.210000,0.100000,9.970000,3.550000
1773986627.101900,0.100000,-0.200000,0.100000,9.970000,3.560000
1773986627.101900,0.100000,-0.210000,0.100000,9.970000,3.560000
1773986627.101900,0.100000,-0.210000,0.100000,9.970000,3.570000
1773986627.101900,0.100000,-0.210000,0.100000,9.970000,3.580000
1773986627.101900,0.100000,-0.210000,0.100000,9.970000,3.580000
1773986627.101900,0.100000,-0.200000,0.100000,9.970000,3.590000
1773986627.101900,0.100000,-0.200000,0.100000,9.970000,3.590000
1773986627.101900,0.100000,-0.210000,0.100000,9.970000,3.600000
1773986627.115587,0.100000,-0.210000,0.100000,9.970000,3.610000
1773986627.115587,0.100000,-0.200000,0.100000,9.970000,3.610000
1773986627.115587,0.100000,-0.210000,0.100000,9.970000,3.620000
1773986627.115587,0.100000,-0.210000,0.100000,9.980000,3.630000
1773986627.115587,0.100000,-0.200000,0.100000,9.970000,3.630000
1773986627.115587,0.100000,-0.210000,0.100000,9.980000,3.640000
1773986627.115587,0.100000,-0.200000,0.100000,9.970000,3.650000
1773986627.115587,0.100000,-0.200000,0.100000,9.970000,3.650000
1773986627.115587,0.100000,-0.200000,0.100000,9.970000,3.660000
1773986627.115587,0.100000,-0.200000,0.100000,9.970000,3.660000
1773986627.115587,0.100000,-0.210000,0.100000,9.970000,3.670000
1773986627.115587,0.100000,-0.200000,0.100000,9.980000,3.680000
1773986627.115587,0.100000,-0.200000,0.100000,9.970000,3.680000
1773986627.115587,0.100000,-0.200000,0.100000,9.970000,3.690000
1773986627.115587,0.100000,-0.210000,0.100000,9.970000,3.700000
1773986627.115587,0.100000,-0.210000,0.100000,9.970000,3.700000
1773986627.129439,0.100000,-0.210000,0.100000,9.970000,3.710000
1773986627.129439,0.100000,-0.210000,0.100000,9.970000,3.710000
1773986627.129439,0.100000,-0.200000,0.100000,9.970000,3.720000
1773986627.129439,0.100000,-0.200000,0.100000,9.970000,3.730000
1773986627.129439,0.100000,-0.200000,0.100000,9.970000,3.730000
1773986627.129439,0.100000,-0.210000,0.100000,9.970000,3.740000
1773986627.129439,0.100000,-0.210000,0.100000,9.980000,3.750000
1773986627.129439,0.100000,-0.200000,0.100000,9.970000,3.750000
1773986627.129439,0.100000,-0.200000,0.100000,9.970000,3.760000
1773986627.129439,0.100000,-0.200000,0.100000,9.970000,3.760000
1773986627.129439,0.100000,-0.200000,0.100000,9.970000,3.770000
1773986627.129439,0.100000,-0.210000,0.100000,9.980000,3.780000
1773986627.129439,0.100000,-0.210000,0.100000,9.970000,3.780000
1773986627.129439,0.100000,-0.210000,0.100000,9.970000,3.790000
1773986627.129439,0.100000,-0.210000,0.100000,9.970000,3.800000
1773986627.129439,0.100000,-0.200000,0.100000,9.950000,3.800000
1773986627.145564,0.100000,-0.210000,0.100000,9.970000,3.810000
1773986627.145564,0.100000,-0.200000,0.100000,9.970000,3.810000
1773986627.145564,0.100000,-0.200000,0.100000,9.970000,3.820000
1773986627.145564,0.100000,-0.210000,0.100000,9.980000,3.830000
1773986627.145564,0.100000,-0.200000,0.100000,9.970000,3.830000
1773986627.145564,0.100000,-0.210000,0.100000,9.980000,3.840000
1773986627.145564,0.100000,-0.210000,0.100000,9.970000,3.850000
1773986627.145564,0.100000,-0.210000,0.100000,9.970000,3.850000
1773986627.145564,0.100000,-0.200000,0.100000,9.970000,3.860000
1773986627.145564,0.100000,-0.210000,0.100000,9.980000,3.870000
1773986627.145564,0.100000,-0.210000,0.100000,9.980000,3.870000
1773986627.145564,0.100000,-0.200000,0.100000,9.970000,3.880000
1773986627.145564,0.100000,-0.210000,0.100000,9.970000,3.880000
1773986627.145564,0.100000,-0.200000,0.100000,9.970000,3.890000
1773986627.145564,0.100000,-0.200000,0.100000,9.970000,3.900000
1773986627.145564,0.100000,-0.210000,0.100000,9.970000,3.900000
1773986627.164684,0.100000,-0.200000,0.100000,9.970000,3.910000
1773986627.164684,0.100000,-0.210000,0.100000,9.980000,3.920000
1773986627.164684,0.100000,-0.200000,0.100000,9.970000,3.920000
1773986627.164684,0.100000,-0.210000,0.100000,9.970000,3.930000
1773986627.164684,0.100000,-0.210000,0.100000,9.970000,3.930000
1773986627.164684,0.100000,-0.210000,0.100000,9.970000,3.940000
1773986627.164684,0.100000,-0.210000,0.100000,9.970000,3.950000
1773986627.164684,0.100000,-0.210000,0.100000,9.970000,3.950000
1773986627.164684,0.100000,-0.210000,0.100000,9.970000,3.960000
1773986627.164684,0.100000,-0.200000,0.100000,9.970000,3.970000
1773986627.164684,0.100000,-0.210000,0.100000,9.970000,3.970000
1773986627.164684,0.100000,-0.200000,0.100000,9.970000,3.980000
1773986627.164684,0.100000,-0.200000,0.100000,9.970000,3.980000
1773986627.164684,0.100000,-0.200000,0.100000,9.980000,3.990000
1773986627.164684,0.100000,-0.200000,0.100000,9.950000,4.000000
1773986627.164684,0.100000,-0.200000,0.100000,9.970000,4.000000
1773986627.181283,0.100000,-0.200000,0.100000,9.970000,4.010000
1773986627.181283,0.100000,-0.210000,0.100000,9.970000,4.020000
1773986627.181283,0.100000,-0.210000,0.100000,9.980000,4.020000
1773986627.181283,0.100000,-0.200000,0.100000,9.970000,4.030000
1773986627.181283,0.100000,-0.210000,0.100000,9.970000,4.030000
1773986627.181283,0.100000,-0.200000,0.100000,9.970000,4.040000
1773986627.181283,0.100000,-0.210000,0.100000,9.980000,4.050000
1773986627.181283,0.100000,-0.210000,0.100000,9.970000,4.050000
1773986627.181283,0.100000,-0.210000,0.100000,9.970000,4.060000
1773986627.181283,0.100000,-0.200000,0.100000,9.970000,4.070000
1773986627.181283,0.100000,-0.210000,0.100000,9.970000,4.070000
1773986627.181283,0.100000,-0.200000,0.100000,9.970000,4.080000
1773986627.181283,0.100000,-0.210000,0.100000,9.970000,4.090000
1773986627.181283,0.100000,-0.210000,0.100000,9.970000,4.090000
1773986627.181283,0.100000,-0.210000,0.100000,9.970000,4.100000
1773986627.181283,0.100000,-0.200000,0.100000,9.980000,4.100000
1773986627.182590,0.100000,-0.210000,0.100000,9.970000,4.110000
1773986627.182590,0.100000,-0.200000,0.100000,9.970000,4.120000
1773986627.182590,0.100000,-0.210000,0.100000,9.980000,4.120000
1773986627.182590,0.100000,-0.200000,0.100000,9.970000,4.130000
1773986627.182590,0.100000,-0.210000,0.100000,9.970000,4.140000
1773986627.182590,0.100000,-0.200000,0.100000,9.980000,4.140000
1773986627.182590,0.100000,-0.210000,0.100000,9.970000,4.150000
1773986627.182590,0.100000,-0.210000,0.100000,9.970000,4.150000
1773986627.182590,0.100000,-0.200000,0.100000,9.970000,4.160000
1773986627.182590,0.100000,-0.210000,0.100000,9.970000,4.170000
1773986627.182590,0.100000,-0.210000,0.100000,9.950000,4.170000
1773986627.182590,0.100000,-0.200000,0.100000,9.980000,4.180000
1773986627.182590,0.100000,-0.200000,0.100000,9.970000,4.190000
1773986627.182590,0.100000,-0.210000,0.100000,9.970000,4.190000
1773986627.182590,0.100000,-0.210000,0.100000,9.970000,4.200000
1773986627.182590,0.100000,-0.200000,0.100000,9.970000,4.200000
1773986627.209435,0.100000,-0.210000,0.100000,9.970000,4.210000
1773986627.209435,0.100000,-0.200000,0.100000,9.970000,4.220000
1773986627.209435,0.100000,-0.210000,0.100000,9.970000,4.220000
1773986627.209435,0.100000,-0.200000,0.100000,9.970000,4.230000
1773986627.209435,0.100000,-0.210000,0.100000,9.970000,4.240000
1773986627.209435,0.100000,-0.200000,0.100000,9.970000,4.240000
1773986627.209435,0.100000,-0.210000,0.100000,9.970000,4.250000
1773986627.209435,0.100000,-0.200000,0.100000,9.980000,4.250000
1773986627.209435,0.100000,-0.200000,0.100000,9.980000,4.260000
1773986627.209435,0.100000,-0.210000,0.100000,9.970000,4.270000
1773986627.209435,0.100000,-0.200000,0.100000,9.980000,4.270000
1773986627.209435,0.100000,-0.200000,0.100000,9.970000,4.280000
1773986627.209435,0.100000,-0.210000,0.100000,9.970000,4.290000
1773986627.209435,0.100000,-0.200000,0.100000,9.970000,4.290000
1773986627.209435,0.100000,-0.210000,0.100000,9.970000,4.300000
1773986627.209435,0.100000,-0.200000,0.100000,9.980000,4.310000
1773986627.242553,0.100000,-0.210000,0.100000,9.970000,4.310000
1773986627.242553,0.100000,-0.210000,0.100000,9.980000,4.320000
1773986627.242553,0.100000,-0.200000,0.100000,9.950000,4.320000
1773986627.242553,0.100000,-0.210000,0.100000,9.980000,4.330000
1773986627.242553,0.100000,-0.210000,0.100000,9.980000,4.340000
1773986627.242553,0.100000,-0.200000,0.100000,9.970000,4.340000
1773986627.242553,0.100000,-0.200000,0.100000,9.970000,4.350000
1773986627.242553,0.100000,-0.200000,0.100000,9.970000,4.360000
1773986627.242553,0.100000,-0.210000,0.100000,9.970000,4.360000
1773986627.242553,0.100000,-0.200000,0.100000,9.950000,4.370000
1773986627.242553,0.100000,-0.200000,0.100000,9.970000,4.370000
1773986627.242553,0.100000,-0.200000,0.100000,9.970000,4.380000
1773986627.242553,0.100000,-0.200000,0.100000,9.970000,4.390000
1773986627.242553,0.100000,-0.210000,0.100000,9.970000,4.390000
1773986627.242553,0.100000,-0.210000,0.100000,9.970000,4.400000
1773986627.242553,0.100000,-0.210000,0.100000,9.980000,4.410000
1773986627.247415,0.100000,-0.210000,0.100000,9.980000,4.410000
1773986627.247415,0.100000,-0.210000,0.100000,9.970000,4.420000
1773986627.247415,0.100000,-0.210000,0.100000,9.970000,4.420000
1773986627.247415,0.100000,-0.210000,0.100000,9.970000,4.430000
1773986627.247415,0.100000,-0.210000,0.100000,9.970000,4.440000
1773986627.247415,0.100000,-0.200000,0.100000,9.970000,4.440000
1773986627.247415,0.100000,-0.200000,0.100000,9.970000,4.450000
1773986627.247415,0.100000,-0.210000,0.100000,9.970000,4.460000
1773986627.247415,0.100000,-0.200000,0.100000,9.970000,4.460000
1773986627.247415,0.100000,-0.210000,0.100000,9.970000,4.470000
1773986627.247415,0.100000,-0.210000,0.100000,9.970000,4.470000
1773986627.247415,0.100000,-0.210000,0.100000,9.950000,4.480000
1773986627.247415,0.100000,-0.200000,0.100000,9.950000,4.490000
1773986627.247415,0.100000,-0.200000,0.100000,9.970000,4.490000
1773986627.247415,0.100000,-0.210000,0.100000,9.980000,4.500000
1773986627.247415,0.100000,-0.200000,0.100000,9.970000,4.510000
1773986627.257820,0.100000,-0.200000,0.100000,9.970000,4.510000
1773986627.257820,0.100000,-0.200000,0.100000,9.980000,4.520000
1773986627.257820,0.100000,-0.200000,0.100000,9.970000,4.520000
1773986627.257820,0.100000,-0.210000,0.100000,9.980000,4.530000
1773986627.257820,0.100000,-0.200000,0.100000,9.970000,4.540000
1773986627.257820,0.100000,-0.200000,0.100000,9.970000,4.540000
1773986627.257820,0.100000,-0.210000,0.100000,9.980000,4.550000
1773986627.257820,0.100000,-0.200000,0.100000,9.950000,4.560000
1773986627.257820,0.100000,-0.200000,0.100000,9.970000,4.560000
1773986627.257820,0.100000,-0.210000,0.100000,9.970000,4.570000
1773986627.257820,0.100000,-0.210000,0.100000,9.970000,4.580000
1773986627.257820,0.100000,-0.200000,0.100000,9.970000,4.580000
1773986627.257820,0.100000,-0.200000,0.100000,9.970000,4.590000
1773986627.257820,0.100000,-0.210000,0.100000,9.980000,4.590000
1773986627.257820,0.100000,-0.200000,0.100000,9.970000,4.600000
1773986627.257820,0.100000,-0.200000,0.100000,9.970000,4.610000
1773986627.273546,0.100000,-0.210000,0.100000,9.970000,4.610000
1773986627.273546,0.100000,-0.200000,0.100000,9.970000,4.620000
1773986627.273546,0.100000,-0.200000,0.100000,9.980000,4.630000
1773986627.273546,0.100000,-0.200000,0.100000,9.970000,4.630000
1773986627.273546,0.100000,-0.210000,0.100000,9.980000,4.640000
1773986627.273546,0.100000,-0.200000,0.100000,9.980000,4.640000
1773986627.273546,0.100000,-0.200000,0.100000,9.970000,4.650000
1773986627.273546,0.100000,-0.210000,0.100000,9.970000,4.660000
1773986627.273546,0.100000,-0.200000,0.100000,9.950000,4.660000
1773986627.273546,0.100000,-0.200000,0.100000,9.970000,4.670000
1773986627.273546,0.100000,-0.210000,0.100000,9.970000,4.680000
1773986627.273546,0.100000,-0.210000,0.100000,9.970000,4.680000
1773986627.273546,0.100000,-0.200000,0.100000,9.970000,4.690000
1773986627.273546,0.100000,-0.200000,0.100000,9.970000,4.690000
1773986627.273546,0.100000,-0.200000,0.100000,9.980000,4.700000
1773986627.273546,0.100000,-0.200000,0.100000,9.970000,4.710000
1773986627.289449,0.100000,-0.210000,0.100000,9.970000,4.710000
1773986627.289449,0.100000,-0.210000,0.100000,9.970000,4.720000
1773986627.289449,0.100000,-0.210000,0.100000,9.970000,4.730000
1773986627.289449,0.100000,-0.210000,0.100000,9.970000,4.730000
1773986627.289449,0.100000,-0.200000,0.100000,9.970000,4.740000
1773986627.289449,0.100000,-0.210000,0.100000,9.980000,4.740000
1773986627.289449,0.100000,-0.200000,0.100000,9.970000,4.750000
1773986627.289449,0.100000,-0.200000,0.100000,9.950000,4.760000
1773986627.289449,0.100000,-0.210000,0.100000,9.980000,4.760000
1773986627.289449,0.100000,-0.210000,0.100000,9.970000,4.770000
1773986627.289449,0.100000,-0.200000,0.100000,9.980000,4.780000
1773986627.289449,0.100000,-0.210000,0.100000,9.980000,4.780000
1773986627.289449,0.100000,-0.210000,0.100000,9.970000,4.790000
1773986627.289449,0.100000,-0.210000,0.100000,9.970000,4.800000
1773986627.289449,0.100000,-0.200000,0.100000,9.970000,4.800000
1773986627.289449,0.100000,-0.210000,0.100000,9.970000,4.810000
1773986627.305335,0.100000,-0.210000,0.100000,9.970000,4.810000
1773986627.305335,0.100000,-0.210000,0.100000,9.970000,4.820000
1773986627.305335,0.100000,-0.210000,0.100000,9.980000,4.830000
1773986627.305335,0.100000,-0.200000,0.100000,9.970000,4.830000
1773986627.305335,0.100000,-0.200000,0.100000,9.970000,4.840000
1773986627.305335,0.100000,-0.200000,0.100000,9.980000,4.850000
1773986627.305335,0.100000,-0.210000,0.100000,9.970000,4.850000
1773986627.305335,0.100000,-0.200000,0.100000,9.970000,4.860000
1773986627.305335,0.100000,-0.200000,0.100000,9.970000,4.860000
1773986627.305335,0.100000,-0.210000,0.100000,9.980000,4.870000
1773986627.305335,0.100000,-0.210000,0.100000,9.980000,4.880000
1773986627.305335,0.100000,-0.210000,0.100000,9.970000,4.880000
1773986627.305335,0.100000,-0.200000,0.100000,9.980000,4.890000
1773986627.305335,0.100000,-0.200000,0.100000,9.970000,4.900000
1773986627.305335,0.100000,-0.210000,0.100000,9.980000,4.900000
1773986627.305335,0.100000,-0.210000,0.100000,9.970000,4.910000
1773986627.321891,0.100000,-0.200000,0.100000,9.970000,4.910000
1773986627.321891,0.100000,-0.210000,0.100000,9.980000,4.920000
1773986627.321891,0.100000,-0.200000,0.100000,9.970000,4.930000
1773986627.321891,0.100000,-0.200000,0.100000,9.970000,4.930000
1773986627.321891,0.100000,-0.200000,0.100000,9.980000,4.940000
1773986627.321891,0.100000,-0.200000,0.100000,9.970000,4.950000
1773986627.321891,0.100000,-0.210000,0.100000,9.970000,4.950000
1773986627.321891,0.100000,-0.210000,0.100000,9.970000,4.960000
1773986627.321891,0.100000,-0.210000,0.100000,9.970000,4.960000
1773986627.321891,0.100000,-0.200000,0.100000,9.970000,4.970000
1773986627.321891,0.100000,-0.200000,0.100000,9.970000,4.980000
1773986627.321891,0.100000,-0.210000,0.100000,9.970000,4.980000
1773986627.321891,0.100000,-0.200000,0.100000,9.970000,4.990000
1773986627.321891,0.100000,-0.210000,0.100000,9.970000,5.000000
1773986627.321891,0.100000,-0.200000,0.100000,9.980000,5.000000
1773986627.321891,0.100000,-0.200000,0.100000,9.980000,5.010000
1773986627.336679,0.100000,-0.210000,0.100000,9.980000,5.020000
1773986627.336679,0.100000,-0.200000,0.100000,9.970000,5.020000
1773986627.336679,0.100000,-0.210000,0.100000,9.970000,5.030000
1773986627.336679,0.100000,-0.210000,0.100000,9.970000,5.030000
1773986627.336679,0.100000,-0.210000,0.100000,9.970000,5.040000
1773986627.336679,0.100000,-0.210000,0.100000,9.970000,5.050000
1773986627.336679,0.100000,-0.200000,0.100000,9.970000,5.050000
1773986627.336679,0.100000,-0.210000,0.100000,9.970000,5.060000
1773986627.336679,0.100000,-0.200000,0.100000,9.980000,5.070000
1773986627.336679,0.100000,-0.210000,0.100000,9.970000,5.070000
1773986627.336679,0.100000,-0.210000,0.100000,9.980000,5.080000
1773986627.336679,0.100000,-0.200000,0.100000,9.970000,5.080000
1773986627.336679,0.100000,-0.210000,0.100000,9.970000,5.090000
1773986627.336679,0.100000,-0.210000,0.100000,9.970000,5.100000
1773986627.336679,0.100000,-0.200000,0.100000,9.970000,5.100000
1773986627.336679,0.100000,-0.200000,0.100000,9.970000,5.110000
1773986627.352387,0.100000,-0.210000,0.100000,9.970000,5.120000
1773986627.352387,0.100000,-0.210000,0.100000,9.970000,5.120000
1773986627.352387,0.100000,-0.210000,0.100000,9.970000,5.130000
1773986627.352387,0.100000,-0.210000,0.100000,9.980000,5.130000
1773986627.352387,0.100000,-0.210000,0.100000,9.970000,5.140000
1773986627.352387,0.100000,-0.210000,0.100000,9.980000,5.150000
1773986627.352387,0.100000,-0.200000,0.100000,9.970000,5.150000
1773986627.352387,0.100000,-0.210000,0.100000,9.980000,5.160000
1773986627.352387,0.100000,-0.200000,0.100000,9.980000,5.170000
1773986627.352387,0.100000,-0.210000,0.100000,9.970000,5.170000
1773986627.352387,0.100000,-0.200000,0.100000,9.970000,5.180000
1773986627.352387,0.100000,-0.200000,0.100000,9.970000,5.180000
1773986627.352387,0.100000,-0.200000,0.100000,9.980000,5.190000
1773986627.352387,0.100000,-0.210000,0.100000,9.970000,5.200000
1773986627.352387,0.100000,-0.210000,0.100000,9.970000,5.200000
1773986627.352387,0.100000,-0.210000,0.100000,9.970000,5.210000
1773986627.368187,0.100000,-0.210000,0.100000,9.970000,5.220000
1773986627.368187,0.100000,-0.210000,0.100000,9.970000,5.220000
1773986627.368187,0.100000,-0.210000,0.100000,9.970000,5.230000
1773986627.368187,0.100000,-0.200000,0.100000,9.970000,5.240000
1773986627.368187,0.100000,-0.210000,0.100000,9.970000,5.240000
1773986627.368187,0.100000,-0.210000,0.100000,9.970000,5.250000
1773986627.368187,0.100000,-0.200000,0.100000,9.970000,5.250000
1773986627.368187,0.100000,-0.210000,0.100000,9.980000,5.260000
1773986627.368187,0.100000,-0.200000,0.100000,9.970000,5.270000
1773986627.368187,0.100000,-0.210000,0.100000,9.970000,5.270000
1773986627.368187,0.100000,-0.200000,0.100000,9.970000,5.280000
1773986627.368187,0.100000,-0.200000,0.100000,9.970000,5.290000
1773986627.368187,0.100000,-0.200000,0.100000,9.970000,5.290000
1773986627.368187,0.100000,-0.210000,0.100000,9.970000,5.300000
1773986627.368187,0.100000,-0.210000,0.100000,9.970000,5.300000
1773986627.368187,0.100000,-0.210000,0.100000,9.970000,5.310000
1773986627.384699,0.100000,-0.210000,0.100000,9.970000,5.320000
1773986627.384699,0.100000,-0.210000,0.100000,9.980000,5.320000
1773986627.384699,0.100000,-0.200000,0.100000,9.950000,5.330000
1773986627.384699,0.100000,-0.210000,0.100000,9.970000,5.340000
1773986627.384699,0.100000,-0.200000,0.100000,9.970000,5.340000
1773986627.384699,0.100000,-0.210000,0.100000,9.970000,5.350000
1773986627.384699,0.100000,-0.200000,0.100000,9.970000,5.350000
1773986627.384699,0.100000,-0.210000,0.100000,9.970000,5.360000
1773986627.384699,0.100000,-0.200000,0.100000,9.980000,5.370000
1773986627.384699,0.100000,-0.210000,0.100000,9.970000,5.370000
1773986627.384699,0.100000,-0.210000,0.100000,9.970000,5.380000
1773986627.384699,0.100000,-0.210000,0.100000,9.970000,5.390000
1773986627.384699,0.100000,-0.200000,0.100000,9.970000,5.390000
1773986627.384699,0.100000,-0.200000,0.100000,9.980000,5.400000
1773986627.384699,0.100000,-0.210000,0.100000,9.980000,5.400000
1773986627.384699,0.100000,-0.210000,0.100000,9.970000,5.410000
1773986627.409544,0.100000,-0.210000,0.100000,9.970000,5.420000
1773986627.409544,0.100000,-0.200000,0.100000,9.970000,5.420000
1773986627.409544,0.100000,-0.210000,0.100000,9.970000,5.430000
1773986627.409544,0.100000,-0.210000,0.100000,9.970000,5.440000
1773986627.409544,0.100000,-0.210000,0.100000,9.970000,5.440000
1773986627.409544,0.100000,-0.200000,0.100000,9.970000,5.450000
1773986627.409544,0.100000,-0.200000,0.100000,9.970000,5.460000
1773986627.409544,0.100000,-0.200000,0.100000,9.970000,5.460000
1773986627.409544,0.100000,-0.200000,0.100000,9.980000,5.470000
1773986627.409544,0.100000,-0.210000,0.100000,9.970000,5.470000
1773986627.409544,0.100000,-0.210000,0.100000,9.970000,5.480000
1773986627.409544,0.100000,-0.200000,0.100000,9.950000,5.490000
1773986627.409544,0.100000,-0.200000,0.100000,9.970000,5.490000
1773986627.409544,0.100000,-0.200000,0.100000,9.980000,5.500000
1773986627.409544,0.100000,-0.210000,0.100000,9.970000,5.510000
1773986627.409544,0.100000,-0.210000,0.100000,9.970000,5.510000
1773986627.423037,0.100000,-0.200000,0.100000,9.970000,5.520000
1773986627.423037,0.100000,-0.200000,0.100000,9.970000,5.520000
1773986627.423037,0.100000,-0.210000,0.100000,9.950000,5.530000
1773986627.423037,0.100000,-0.200000,0.100000,9.970000,5.540000
1773986627.423037,0.100000,-0.200000,0.100000,9.970000,5.540000
1773986627.423037,0.100000,-0.210000,0.100000,9.970000,5.550000
1773986627.423037,0.100000,-0.210000,0.100000,9.970000,5.560000
1773986627.423037,0.100000,-0.200000,0.100000,9.970000,5.560000
1773986627.423037,0.100000,-0.200000,0.100000,9.970000,5.570000
1773986627.423037,0.100000,-0.210000,0.100000,9.970000,5.570000
1773986627.423037,0.100000,-0.200000,0.100000,9.980000,5.580000
1773986627.423037,0.100000,-0.210000,0.100000,9.980000,5.590000
1773986627.423037,0.100000,-0.200000,0.100000,9.980000,5.590000
1773986627.423037,0.100000,-0.200000,0.100000,9.970000,5.600000
1773986627.423037,0.100000,-0.200000,0.100000,9.970000,5.610000
1773986627.423037,0.100000,-0.200000,0.100000,9.970000,5.610000
1773986627.431415,0.100000,-0.200000,0.100000,9.970000,5.620000
1773986627.431415,0.100000,-0.200000,0.100000,9.980000,5.620000
1773986627.431415,0.100000,-0.200000,0.100000,9.980000,5.630000
1773986627.431415,0.100000,-0.210000,0.100000,9.980000,5.640000
1773986627.431415,0.100000,-0.200000,0.100000,9.970000,5.640000
1773986627.431415,0.100000,-0.200000,0.100000,9.970000,5.650000
1773986627.431415,0.100000,-0.210000,0.100000,9.980000,5.660000
1773986627.431415,0.100000,-0.200000,0.100000,9.970000,5.660000
1773986627.431415,0.100000,-0.200000,0.100000,9.970000,5.670000
1773986627.431415,0.100000,-0.200000,0.100000,9.970000,5.680000
1773986627.431415,0.100000,-0.200000,0.100000,9.970000,5.680000
1773986627.431415,0.100000,-0.210000,0.100000,9.970000,5.690000
1773986627.431415,0.100000,-0.200000,0.100000,9.970000,5.690000
1773986627.431415,0.100000,-0.210000,0.100000,9.970000,5.700000
1773986627.431415,0.100000,-0.200000,0.100000,9.970000,5.710000
1773986627.431415,0.100000,-0.200000,0.100000,9.970000,5.710000
1773986627.448533,0.100000,-0.210000,0.100000,9.970000,5.720000
1773986627.448533,0.100000,-0.210000,0.100000,9.970000,5.730000
1773986627.448533,0.100000,-0.200000,0.100000,9.980000,5.730000
1773986627.448533,0.100000,-0.200000,0.100000,9.970000,5.740000
1773986627.448533,0.100000,-0.210000,0.100000,9.970000,5.740000
1773986627.448533,0.100000,-0.210000,0.100000,9.970000,5.750000
1773986627.448533,0.100000,-0.210000,0.100000,9.970000,5.760000
1773986627.448533,0.100000,-0.200000,0.100000,9.970000,5.760000
1773986627.448533,0.100000,-0.210000,0.100000,9.970000,5.770000
1773986627.448533,0.100000,-0.200000,0.100000,9.970000,5.780000
1773986627.448533,0.100000,-0.210000,0.100000,9.970000,5.780000
1773986627.448533,0.100000,-0.210000,0.100000,9.980000,5.790000
1773986627.448533,0.100000,-0.210000,0.100000,9.970000,5.790000
1773986627.448533,0.100000,-0.200000,0.100000,9.970000,5.800000
1773986627.448533,0.100000,-0.200000,0.100000,9.970000,5.810000
1773986627.448533,0.100000,-0.200000,0.100000,9.970000,5.810000
1773986627.464995,0.100000,-0.200000,0.100000,9.970000,5.820000
1773986627.464995,0.100000,-0.210000,0.100000,9.980000,5.830000
1773986627.464995,0.100000,-0.210000,0.100000,9.970000,5.830000
1773986627.464995,0.100000,-0.200000,0.100000,9.970000,5.840000
1773986627.464995,0.100000,-0.200000,0.100000,9.970000,5.840000
1773986627.464995,0.100000,-0.210000,0.100000,9.970000,5.850000
1773986627.464995,0.100000,-0.200000,0.100000,9.970000,5.860000
1773986627.464995,0.100000,-0.200000,0.100000,9.970000,5.860000
1773986627.464995,0.100000,-0.210000,0.100000,9.970000,5.870000
1773986627.464995,0.100000,-0.210000,0.100000,9.970000,5.880000
1773986627.464995,0.100000,-0.210000,0.100000,9.970000,5.880000
1773986627.464995,0.100000,-0.200000,0.100000,9.970000,5.890000
1773986627.464995,0.100000,-0.200000,0.100000,9.980000,5.900000
1773986627.464995,0.100000,-0.200000,0.100000,9.970000,5.900000
1773986627.464995,0.100000,-0.200000,0.100000,9.970000,5.910000
1773986627.464995,0.100000,-0.210000,0.100000,9.980000,5.910000
1773986627.478623,0.100000,-0.210000,0.100000,9.970000,5.920000
1773986627.478623,0.100000,-0.200000,0.100000,9.970000,5.930000
1773986627.478623,0.100000,-0.210000,0.100000,9.980000,5.930000
1773986627.478623,0.100000,-0.210000,0.100000,9.970000,5.940000
1773986627.478623,0.100000,-0.200000,0.100000,9.970000,5.950000
1773986627.478623,0.100000,-0.210000,0.100000,9.970000,5.950000
1773986627.478623,0.100000,-0.200000,0.100000,9.970000,5.960000
1773986627.478623,0.100000,-0.210000,0.100000,9.970000,5.960000
1773986627.478623,0.100000,-0.200000,0.100000,9.980000,5.970000
1773986627.478623,0.100000,-0.210000,0.100000,9.970000,5.980000
1773986627.478623,0.100000,-0.210000,0.100000,9.970000,5.980000
1773986627.478623,0.100000,-0.210000,0.100000,9.980000,5.990000
1773986627.478623,0.100000,-0.200000,0.100000,9.970000,6.000000
1773986627.478623,0.100000,-0.210000,0.100000,9.970000,6.000000
1773986627.478623,0.100000,-0.200000,0.100000,9.980000,6.010000
1773986627.478623,0.100000,-0.210000,0.100000,9.980000,6.010000
1773986627.494588,0.100000,-0.210000,0.100000,9.970000,6.020000
1773986627.494588,0.100000,-0.200000,0.100000,9.970000,6.030000
1773986627.494588,0.100000,-0.210000,0.100000,9.970000,6.030000
1773986627.494588,0.100000,-0.200000,0.100000,9.970000,6.040000
1773986627.494588,0.100000,-0.200000,0.100000,9.970000,6.050000
1773986627.494588,0.100000,-0.200000,0.100000,9.970000,6.050000
1773986627.494588,0.100000,-0.200000,0.100000,9.970000,6.060000
1773986627.494588,0.100000,-0.210000,0.100000,9.970000,6.060000
1773986627.494588,0.100000,-0.210000,0.100000,9.980000,6.070000
1773986627.494588,0.100000,-0.200000,0.100000,9.980000,6.080000
1773986627.494588,0.100000,-0.210000,0.100000,9.970000,6.080000
1773986627.494588,0.100000,-0.210000,0.100000,9.980000,6.090000
1773986627.494588,0.100000,-0.200000,0.100000,9.970000,6.100000
1773986627.494588,0.100000,-0.210000,0.100000,9.980000,6.100000
1773986627.494588,0.100000,-0.210000,0.100000,9.970000,6.110000
1773986627.494588,0.100000,-0.200000,0.100000,9.970000,6.120000
1773986627.511396,0.100000,-0.210000,0.100000,9.970000,6.120000
1773986627.511396,0.100000,-0.210000,0.100000,9.970000,6.130000
1773986627.511396,0.100000,-0.200000,0.100000,9.970000,6.130000
1773986627.511396,0.100000,-0.210000,0.100000,9.970000,6.140000
1773986627.511396,0.100000,-0.200000,0.100000,9.970000,6.150000
1773986627.511396,0.100000,-0.200000,0.100000,9.970000,6.150000
1773986627.511396,0.100000,-0.210000,0.100000,9.980000,6.160000
1773986627.511396,0.100000,-0.210000,0.100000,9.970000,6.170000
1773986627.511396,0.100000,-0.200000,0.100000,9.970000,6.170000
1773986627.511396,0.100000,-0.210000,0.100000,9.970000,6.180000
1773986627.511396,0.100000,-0.200000,0.100000,9.980000,6.180000
1773986627.511396,0.100000,-0.200000,0.100000,9.970000,6.190000
1773986627.511396,0.100000,-0.200000,0.100000,9.970000,6.200000
1773986627.511396,0.100000,-0.210000,0.100000,9.970000,6.200000
1773986627.511396,0.100000,-0.200000,0.100000,9.970000,6.210000
1773986627.511396,0.100000,-0.200000,0.100000,9.970000,6.220000
1773986627.528096,0.100000,-0.210000,0.100000,9.970000,6.220000
1773986627.528096,0.100000,-0.200000,0.100000,9.970000,6.230000
1773986627.528096,0.100000,-0.210000,0.100000,9.970000,6.230000
1773986627.528096,0.100000,-0.210000,0.100000,9.980000,6.240000
1773986627.528096,0.100000,-0.210000,0.100000,9.970000,6.250000
1773986627.528096,0.100000,-0.200000,0.100000,9.970000,6.250000
1773986627.528096,0.100000,-0.210000,0.100000,9.970000,6.260000
1773986627.528096,0.100000,-0.210000,0.100000,9.970000,6.270000
1773986627.528096,0.100000,-0.210000,0.100000,9.950000,6.270000
1773986627.528096,0.100000,-0.200000,0.100000,9.970000,6.280000
1773986627.528096,0.100000,-0.200000,0.100000,9.970000,0.000000
1773986627.528096,0.100000,-0.200000,0.100000,9.970000,0.010000
1773986627.528096,0.100000,-0.200000,0.100000,9.970000,0.010000
1773986627.528096,0.100000,-0.200000,0.100000,9.970000,0.020000
1773986627.528096,0.100000,-0.210000,0.100000,9.980000,0.030000
1773986627.528096,0.100000,-0.200000,0.100000,9.970000,0.030000
1773986627.542203,0.100000,-0.200000,0.100000,9.970000,0.040000
1773986627.542203,0.100000,-0.210000,0.100000,9.970000,0.050000
1773986627.542203,0.100000,-0.200000,0.100000,9.970000,0.050000
1773986627.542203,0.100000,-0.210000,0.100000,9.980000,0.060000
1773986627.542203,0.100000,-0.210000,0.100000,9.970000,0.060000
1773986627.542203,0.100000,-0.210000,0.100000,9.970000,0.070000
1773986627.542203,0.100000,-0.210000,0.100000,9.970000,0.080000
1773986627.542203,0.100000,-0.210000,0.100000,9.970000,0.080000
1773986627.542203,0.100000,-0.210000,0.100000,9.980000,0.090000
1773986627.542203,0.100000,-0.200000,0.100000,9.980000,0.100000
1773986627.542203,0.100000,-0.210000,0.100000,9.980000,0.100000
1773986627.542203,0.100000,-0.200000,0.100000,9.970000,0.110000
1773986627.542203,0.100000,-0.200000,0.100000,9.970000,0.110000
1773986627.542203,0.100000,-0.200000,0.100000,9.970000,0.120000
1773986627.542203,0.100000,-0.200000,0.100000,9.970000,0.130000
1773986627.542203,0.100000,-0.200000,0.100000,9.970000,0.130000
1773986627.563015,0.100000,-0.210000,0.100000,9.970000,0.140000
1773986627.563015,0.100000,-0.210000,0.100000,9.970000,0.150000
1773986627.563015,0.100000,-0.200000,0.100000,9.970000,0.150000
1773986627.563015,0.100000,-0.210000,0.100000,9.970000,0.160000
1773986627.563015,0.100000,-0.210000,0.100000,9.970000,0.160000
1773986627.563015,0.100000,-0.210000,0.100000,9.980000,0.170000
1773986627.563015,0.100000,-0.210000,0.100000,9.970000,0.180000
1773986627.563015,0.100000,-0.200000,0.100000,9.970000,0.180000
1773986627.563015,0.100000,-0.200000,0.100000,9.980000,0.190000
1773986627.563015,0.100000,-0.200000,0.100000,9.980000,0.200000
1773986627.563015,0.100000,-0.210000,0.100000,9.970000,0.200000
1773986627.563015,0.100000,-0.210000,0.100000,9.970000,0.210000
1773986627.563015,0.100000,-0.200000,0.100000,9.970000,0.220000
1773986627.563015,0.100000,-0.200000,0.100000,9.970000,0.220000
1773986627.563015,0.100000,-0.210000,0.100000,9.970000,0.230000
1773986627.563015,0.100000,-0.210000,0.100000,9.970000,0.230000
1773986627.573458,0.100000,-0.210000,0.100000,9.970000,0.240000
1773986627.573458,0.100000,-0.210000,0.100000,9.970000,0.250000
1773986627.573458,0.100000,-0.210000,0.100000,9.980000,0.250000
1773986627.573458,0.100000,-0.210000,0.100000,9.970000,0.260000
1773986627.573458,0.100000,-0.200000,0.100000,9.970000,0.270000
1773986627.573458,0.100000,-0.200000,0.100000,9.970000,0.270000
1773986627.573458,0.100000,-0.200000,0.100000,9.980000,0.280000
1773986627.573458,0.100000,-0.200000,0.100000,9.970000,0.280000
1773986627.573458,0.100000,-0.200000,0.100000,9.950000,0.290000
1773986627.573458,0.100000,-0.210000,0.100000,9.980000,0.300000
1773986627.573458,0.100000,-0.200000,0.100000,9.970000,0.300000
1773986627.573458,0.100000,-0.200000,0.100000,9.950000,0.310000
1773986627.573458,0.100000,-0.210000,0.100000,9.980000,0.320000
1773986627.573458,0.100000,-0.200000,0.100000,9.970000,0.320000
1773986627.573458,0.100000,-0.210000,0.100000,9.970000,0.330000
1773986627.573458,0.100000,-0.200000,0.100000,9.970000,0.330000
1773986627.589366,0.100000,-0.210000,0.100000,9.970000,0.340000
1773986627.589366,0.100000,-0.210000,0.100000,9.970000,0.350000
1773986627.589366,0.100000,-0.200000,0.100000,9.970000,0.350000
1773986627.589366,0.100000,-0.200000,0.100000,9.980000,0.360000
1773986627.589366,0.100000,-0.210000,0.100000,9.970000,0.370000
1773986627.589366,0.100000,-0.210000,0.100000,9.980000,0.370000
1773986627.589366,0.100000,-0.200000,0.100000,9.950000,0.380000
1773986627.589366,0.100000,-0.210000,0.100000,9.970000,0.380000
1773986627.589366,0.100000,-0.200000,0.100000,9.970000,0.390000
1773986627.589366,0.100000,-0.200000,0.100000,9.970000,0.400000
1773986627.589366,0.100000,-0.200000,0.100000,9.980000,0.400000
1773986627.589366,0.100000,-0.210000,0.100000,9.970000,0.410000
1773986627.589366,0.100000,-0.200000,0.100000,9.980000,0.420000
1773986627.589366,0.100000,-0.200000,0.100000,9.970000,0.420000
1773986627.589366,0.100000,-0.210000,0.100000,9.970000,0.430000
1773986627.589366,0.100000,-0.200000,0.100000,9.970000,0.440000
1773986627.610585,0.100000,-0.210000,0.100000,9.970000,0.440000
1773986627.610585,0.100000,-0.200000,0.100000,9.980000,0.450000
1773986627.610585,0.100000,-0.200000,0.100000,9.970000,0.450000
1773986627.610585,0.100000,-0.210000,0.100000,9.970000,0.460000
1773986627.610585,0.100000,-0.200000,0.100000,9.970000,0.470000
1773986627.610585,0.100000,-0.210000,0.100000,9.980000,0.470000
1773986627.610585,0.100000,-0.200000,0.100000,9.970000,0.480000
1773986627.610585,0.100000,-0.210000,0.100000,9.970000,0.490000
1773986627.610585,0.100000,-0.200000,0.100000,9.970000,0.490000
1773986627.610585,0.100000,-0.200000,0.100000,9.980000,0.500000
1773986627.610585,0.100000,-0.210000,0.100000,9.970000,0.500000
1773986627.610585,0.100000,-0.210000,0.100000,9.970000,0.510000
1773986627.610585,0.100000,-0.200000,0.100000,9.970000,0.520000
1773986627.610585,0.100000,-0.210000,0.100000,9.950000,0.520000
1773986627.610585,0.100000,-0.200000,0.100000,9.980000,0.530000
1773986627.610585,0.100000,-0.210000,0.100000,9.970000,0.540000
1773986627.625440,0.100000,-0.210000,0.100000,9.970000,0.540000
1773986627.625440,0.100000,-0.210000,0.100000,9.970000,0.550000
1773986627.625440,0.100000,-0.200000,0.100000,9.970000,0.550000
1773986627.625440,0.100000,-0.210000,0.100000,9.970000,0.560000
1773986627.625440,0.100000,-0.210000,0.100000,9.970000,0.570000
1773986627.625440,0.100000,-0.210000,0.100000,9.970000,0.570000
1773986627.625440,0.100000,-0.210000,0.100000,9.970000,0.580000
1773986627.625440,0.100000,-0.210000,0.100000,9.970000,0.590000
1773986627.625440,0.100000,-0.200000,0.100000,9.970000,0.590000
1773986627.625440,0.100000,-0.200000,0.100000,9.970000,0.600000
1773986627.625440,0.100000,-0.210000,0.100000,9.980000,0.600000
1773986627.625440,0.100000,-0.200000,0.100000,9.970000,0.610000
1773986627.625440,0.100000,-0.200000,0.100000,9.980000,0.620000
1773986627.625440,0.100000,-0.210000,0.100000,9.980000,0.620000
1773986627.625440,0.100000,-0.200000,0.100000,9.980000,0.630000
1773986627.625440,0.100000,-0.210000,0.100000,9.980000,0.640000
1773986627.642012,0.100000,-0.210000,0.100000,9.980000,0.640000
1773986627.642012,0.100000,-0.210000,0.100000,9.970000,0.650000
1773986627.642012,0.100000,-0.210000,0.100000,9.970000,0.650000
1773986627.642012,0.100000,-0.210000,0.100000,9.970000,0.660000
1773986627.642012,0.100000,-0.200000,0.100000,9.950000,0.670000
1773986627.642012,0.100000,-0.200000,0.100000,9.970000,0.670000
1773986627.642012,0.100000,-0.210000,0.100000,9.980000,0.680000
1773986627.642012,0.100000,-0.210000,0.100000,9.970000,0.690000
1773986627.642012,0.100000,-0.200000,0.100000,9.970000,0.690000
1773986627.642012,0.100000,-0.200000,0.100000,9.970000,0.700000
1773986627.642012,0.100000,-0.210000,0.100000,9.970000,0.710000
1773986627.642012,0.100000,-0.210000,0.100000,9.970000,0.710000
1773986627.642012,0.100000,-0.200000,0.100000,9.950000,0.720000
1773986627.642012,0.100000,-0.210000,0.100000,9.970000,0.720000
1773986627.642012,0.100000,-0.200000,0.100000,9.970000,0.730000
1773986627.642012,0.100000,-0.200000,0.100000,9.970000,0.740000
1773986627.656180,0.100000,-0.210000,0.100000,9.970000,0.740000
1773986627.656180,0.100000,-0.200000,0.100000,9.980000,0.750000
1773986627.656180,0.100000,-0.200000,0.100000,9.970000,0.760000
1773986627.656180,0.100000,-0.210000,0.100000,9.970000,0.760000
1773986627.656180,0.100000,-0.210000,0.100000,9.970000,0.770000
1773986627.656180,0.100000,-0.210000,0.100000,9.970000,0.770000
1773986627.656180,0.100000,-0.210000,0.100000,9.970000,0.780000
1773986627.656180,0.100000,-0.200000,0.100000,9.980000,0.790000
1773986627.656180,0.100000,-0.210000,0.100000,9.970000,0.790000
1773986627.656180,0.100000,-0.210000,0.100000,9.970000,0.800000
1773986627.656180,0.100000,-0.200000,0.100000,9.970000,0.810000
1773986627.656180,0.100000,-0.210000,0.100000,9.970000,0.810000
1773986627.656180,0.100000,-0.210000,0.100000,9.950000,0.820000
1773986627.656180,0.100000,-0.210000,0.100000,9.970000,0.820000
1773986627.656180,0.100000,-0.200000,0.100000,9.970000,0.830000
1773986627.656180,0.100000,-0.200000,0.100000,9.970000,0.840000
1773986627.668073,0.100000,-0.210000,0.100000,9.970000,0.840000
1773986627.668073,0.100000,-0.200000,0.100000,9.970000,0.850000
1773986627.668073,0.100000,-0.210000,0.100000,9.970000,0.860000
1773986627.668073,0.100000,-0.200000,0.100000,9.980000,0.860000
1773986627.668073,0.100000,-0.210000,0.100000,9.970000,0.870000
1773986627.668073,0.100000,-0.200000,0.100000,9.970000,0.870000
1773986627.668073,0.100000,-0.200000,0.100000,9.970000,0.880000
1773986627.668073,0.100000,-0.210000,0.100000,9.970000,0.890000
1773986627.668073,0.100000,-0.200000,0.100000,9.970000,0.890000
1773986627.668073,0.100000,-0.210000,0.100000,9.970000,0.900000
1773986627.668073,0.100000,-0.200000,0.100000,9.970000,0.910000
1773986627.668073,0.100000,-0.200000,0.100000,9.970000,0.910000
1773986627.668073,0.100000,-0.200000,0.100000,9.970000,0.920000
1773986627.668073,0.100000,-0.200000,0.100000,9.970000,0.930000
1773986627.668073,0.100000,-0.210000,0.100000,9.970000,0.930000
1773986627.668073,0.100000,-0.200000,0.100000,9.980000,0.940000
1773986627.689984,0.100000,-0.200000,0.100000,9.970000,0.940000
1773986627.689984,0.100000,-0.200000,0.100000,9.970000,0.950000
1773986627.689984,0.100000,-0.210000,0.100000,9.970000,0.960000
1773986627.689984,0.100000,-0.210000,0.100000,9.970000,0.960000
1773986627.689984,0.100000,-0.210000,0.100000,9.970000,0.970000
1773986627.689984,0.100000,-0.210000,0.100000,9.980000,0.980000
1773986627.689984,0.100000,-0.200000,0.100000,9.980000,0.980000
1773986627.689984,0.100000,-0.200000,0.100000,9.970000,0.990000
1773986627.689984,0.100000,-0.210000,0.100000,9.970000,0.990000
1773986627.689984,0.100000,-0.210000,0.100000,9.970000,1.000000
1773986627.689984,0.100000,-0.210000,0.100000,9.970000,1.010000
1773986627.689984,0.100000,-0.200000,0.100000,9.980000,1.010000
1773986627.689984,0.100000,-0.210000,0.100000,9.970000,1.020000
1773986627.689984,0.100000,-0.200000,0.100000,9.980000,1.030000
1773986627.689984,0.100000,-0.200000,0.100000,9.970000,1.030000
1773986627.689984,0.100000,-0.200000,0.100000,9.970000,1.040000
1773986627.706018,0.100000,-0.210000,0.100000,9.970000,1.040000
1773986627.706018,0.100000,-0.200000,0.100000,9.970000,1.050000
1773986627.706018,0.100000,-0.200000,0.100000,9.970000,1.060000
1773986627.706018,0.100000,-0.210000,0.100000,9.970000,1.060000
1773986627.706018,0.100000,-0.200000,0.100000,9.970000,1.070000
1773986627.706018,0.100000,-0.200000,0.100000,9.970000,1.080000
1773986627.706018,0.100000,-0.210000,0.100000,9.980000,1.080000
1773986627.706018,0.100000,-0.200000,0.100000,9.970000,1.090000
1773986627.706018,0.100000,-0.200000,0.100000,9.950000,1.090000
1773986627.706018,0.100000,-0.210000,0.100000,9.980000,1.100000
1773986627.706018,0.100000,-0.200000,0.100000,9.970000,1.110000
1773986627.706018,0.100000,-0.210000,0.100000,9.970000,1.110000
1773986627.706018,0.100000,-0.210000,0.100000,9.970000,1.120000
1773986627.706018,0.100000,-0.200000,0.100000,9.970000,1.130000
1773986627.706018,0.100000,-0.200000,0.100000,9.970000,1.130000
1773986627.706018,0.100000,-0.210000,0.100000,9.970000,1.140000
1773986627.727245,0.100000,-0.210000,0.100000,9.970000,1.150000
1773986627.727245,0.100000,-0.200000,0.100000,9.970000,1.150000
1773986627.727245,0.100000,-0.200000,0.100000,9.970000,1.160000
1773986627.727245,0.100000,-0.200000,0.100000,9.970000,1.160000
1773986627.727245,0.100000,-0.200000,0.100000,9.970000,1.170000
1773986627.727245,0.100000,-0.210000,0.100000,9.980000,1.180000
1773986627.727245,0.100000,-0.200000,0.100000,9.970000,1.180000
1773986627.727245,0.100000,-0.200000,0.100000,9.970000,1.190000
1773986627.727245,0.100000,-0.210000,0.100000,9.980000,1.200000
1773986627.727245,0.100000,-0.200000,0.100000,9.970000,1.200000
1773986627.727245,0.100000,-0.210000,0.100000,9.980000,1.210000
1773986627.727245,0.100000,-0.200000,0.100000,9.970000,1.210000
1773986627.727245,0.100000,-0.210000,0.100000,9.970000,1.220000
1773986627.727245,0.100000,-0.210000,0.100000,9.970000,1.230000
1773986627.727245,0.100000,-0.210000,0.100000,9.970000,1.230000
1773986627.727245,0.100000,-0.210000,0.100000,9.970000,1.240000
1773986627.731483,0.100000,-0.200000,0.100000,9.970000,1.250000
1773986627.731483,0.100000,-0.210000,0.100000,9.980000,1.250000
1773986627.731483,0.100000,-0.200000,0.100000,9.970000,1.260000
1773986627.731483,0.100000,-0.210000,0.100000,9.970000,1.260000
1773986627.731483,0.100000,-0.210000,0.100000,9.970000,1.270000
1773986627.731483,0.100000,-0.200000,0.100000,9.970000,1.280000
1773986627.731483,0.100000,-0.200000,0.100000,9.970000,1.280000
1773986627.731483,0.100000,-0.210000,0.100000,9.970000,1.290000
1773986627.731483,0.100000,-0.200000,0.100000,9.970000,1.300000
1773986627.731483,0.100000,-0.210000,0.100000,9.970000,1.300000
1773986627.731483,0.100000,-0.200000,0.100000,9.970000,1.310000
1773986627.731483,0.100000,-0.200000,0.100000,9.970000,1.310000
1773986627.731483,0.100000,-0.200000,0.100000,9.970000,1.320000
1773986627.731483,0.100000,-0.210000,0.100000,9.970000,1.330000
1773986627.731483,0.100000,-0.200000,0.100000,9.970000,1.330000
1773986627.731483,0.100000,-0.200000,0.100000,9.970000,1.340000
1773986627.753766,0.100000,-0.200000,0.100000,9.970000,1.350000
1773986627.753766,0.100000,-0.200000,0.100000,9.970000,1.350000
1773986627.753766,0.100000,-0.210000,0.100000,9.970000,1.360000
1773986627.753766,0.100000,-0.200000,0.100000,9.970000,1.360000
1773986627.753766,0.100000,-0.210000,0.100000,9.980000,1.370000
1773986627.753766,0.100000,-0.200000,0.100000,9.970000,1.380000
1773986627.753766,0.100000,-0.210000,0.100000,9.970000,1.380000
1773986627.753766,0.100000,-0.210000,0.100000,9.980000,1.390000
1773986627.753766,0.100000,-0.210000,0.100000,9.970000,1.400000
1773986627.753766,0.100000,-0.200000,0.100000,9.970000,1.400000
1773986627.753766,0.100000,-0.200000,0.100000,9.970000,1.410000
1773986627.753766,0.100000,-0.200000,0.100000,9.970000,1.420000
1773986627.753766,0.100000,-0.200000,0.100000,9.970000,1.420000
1773986627.753766,0.100000,-0.200000,0.100000,9.970000,1.430000
1773986627.753766,0.100000,-0.200000,0.100000,9.970000,1.430000
1773986627.753766,0.100000,-0.210000,0.100000,9.970000,1.440000
1773986627.778317,0.100000,-0.210000,0.100000,9.970000,1.450000
1773986627.778317,0.100000,-0.200000,0.100000,9.970000,1.450000
1773986627.778317,0.100000,-0.210000,0.100000,9.970000,1.460000
1773986627.778317,0.100000,-0.200000,0.100000,9.970000,1.470000
1773986627.778317,0.100000,-0.200000,0.100000,9.970000,1.470000
1773986627.778317,0.100000,-0.210000,0.100000,9.970000,1.480000
1773986627.778317,0.100000,-0.210000,0.100000,9.970000,1.480000
1773986627.778317,0.100000,-0.210000,0.100000,9.970000,1.490000
1773986627.778317,0.100000,-0.200000,0.100000,9.980000,1.500000
1773986627.778317,0.100000,-0.210000,0.100000,9.970000,1.500000
1773986627.778317,0.100000,-0.200000,0.100000,9.970000,1.510000
1773986627.778317,0.100000,-0.210000,0.100000,9.970000,1.520000
1773986627.778317,0.100000,-0.200000,0.100000,9.970000,1.520000
1773986627.778317,0.100000,-0.200000,0.100000,9.970000,1.530000
1773986627.778317,0.100000,-0.200000,0.100000,9.970000,1.530000
1773986627.778317,0.100000,-0.200000,0.100000,9.970000,1.540000
1773986627.781845,0.100000,-0.200000,0.100000,9.950000,1.550000
1773986627.781845,0.100000,-0.210000,0.100000,9.970000,1.550000
1773986627.781845,0.100000,-0.200000,0.100000,9.970000,1.560000
1773986627.781845,0.100000,-0.200000,0.100000,9.970000,1.570000
1773986627.781845,0.100000,-0.200000,0.100000,9.980000,1.570000
1773986627.781845,0.100000,-0.200000,0.100000,9.980000,1.580000
1773986627.781845,0.100000,-0.210000,0.100000,9.970000,1.580000
1773986627.781845,0.100000,-0.210000,0.100000,9.970000,1.590000
1773986627.781845,0.100000,-0.200000,0.100000,9.970000,1.600000
1773986627.781845,0.100000,-0.200000,0.100000,9.950000,1.600000
1773986627.781845,0.100000,-0.210000,0.100000,9.970000,1.610000
1773986627.781845,0.100000,-0.210000,0.100000,9.970000,1.620000
1773986627.781845,0.100000,-0.200000,0.100000,9.970000,1.620000
1773986627.781845,0.100000,-0.200000,0.100000,9.970000,1.630000
1773986627.781845,0.100000,-0.200000,0.100000,9.980000,1.640000
1773986627.781845,0.100000,-0.200000,0.100000,9.970000,1.640000
1773986627.801512,0.100000,-0.200000,0.100000,9.980000,1.650000
1773986627.801512,0.100000,-0.200000,0.100000,9.970000,1.650000
1773986627.801512,0.100000,-0.200000,0.100000,9.970000,1.660000
1773986627.801512,0.100000,-0.210000,0.100000,9.980000,1.670000
1773986627.801512,0.100000,-0.210000,0.100000,9.970000,1.670000
1773986627.801512,0.100000,-0.200000,0.100000,9.950000,1.680000
1773986627.801512,0.100000,-0.200000,0.100000,9.970000,1.690000
1773986627.801512,0.100000,-0.200000,0.100000,9.970000,1.690000
1773986627.801512,0.100000,-0.200000,0.100000,9.970000,1.700000
1773986627.801512,0.100000,-0.200000,0.100000,9.980000,1.700000
1773986627.801512,0.100000,-0.200000,0.100000,9.970000,1.710000
1773986627.801512,0.100000,-0.200000,0.100000,9.970000,1.720000
1773986627.801512,0.100000,-0.200000,0.100000,9.980000,1.720000
1773986627.801512,0.100000,-0.200000,0.100000,9.970000,1.730000
1773986627.801512,0.100000,-0.210000,0.100000,9.980000,1.740000
1773986627.801512,0.100000,-0.210000,0.100000,9.970000,1.740000
