t_s,Ia,Ib,Ic,Vdc,theta,enc_angle
1774332906.961266,-0.54000,0.49000,0.05000,23.94000,1.34950,0.00070
1774332906.961266,-0.60000,0.55000,0.04000,23.96000,1.41230,0.00070
1774332906.961266,-0.62000,0.58000,0.04000,23.94000,1.47520,0.00070
1774332906.961266,-0.66000,0.62000,0.03000,23.94000,1.53800,0.00070
1774332906.961266,-0.66000,0.63000,0.03000,23.94000,1.60080,0.00070
1774332906.961266,-0.66000,0.64000,0.02000,23.94000,1.66370,0.00070
1774332906.961266,-0.64000,0.63000,0.01000,23.94000,1.72650,0.00070
1774332906.961266,-0.62000,0.61000,0.00000,23.93000,1.78930,0.00070
1774332906.961266,-0.59000,0.60000,-0.01000,23.94000,1.85220,0.00070
1774332906.961266,-0.54000,0.57000,-0.02000,23.94000,1.91500,0.00070
1774332906.961266,-0.47000,0.52000,-0.04000,23.93000,1.97780,0.00070
1774332906.961266,-0.37000,0.51000,-0.14000,23.94000,2.04070,0.00070
1774332906.961266,-0.26000,0.52000,-0.25000,23.94000,2.10350,0.00070
1774332906.961266,-0.17000,0.52000,-0.35000,23.94000,2.16630,0.00070
1774332906.961266,-0.07000,0.50000,-0.43000,23.96000,2.22920,0.00070
1774332906.961266,-0.05000,0.52000,-0.47000,23.94000,2.29200,0.00070
1774332907.001379,-0.04000,0.54000,-0.49000,23.94000,2.35480,0.00070
1774332907.001379,-0.03000,0.56000,-0.52000,23.94000,2.41770,0.00070
1774332907.001379,-0.02000,0.57000,-0.55000,23.94000,2.48050,0.00070
1774332907.001379,-0.02000,0.59000,-0.57000,23.94000,2.54330,0.00070
1774332907.001379,-0.01000,0.61000,-0.59000,23.94000,2.60620,0.00070
1774332907.001379,-0.01000,0.61000,-0.60000,23.94000,2.66900,0.00070
1774332907.001379,0.00000,0.62000,-0.61000,23.94000,2.73180,0.00070
1774332907.001379,0.00000,0.61000,-0.61000,23.94000,2.79470,0.00070
1774332907.001379,0.00000,0.59000,-0.60000,23.94000,2.85750,0.00070
1774332907.001379,0.01000,0.56000,-0.57000,23.94000,2.92030,0.00070
1774332907.001379,0.00000,0.53000,-0.54000,23.93000,2.98320,0.00070
1774332907.001379,0.04000,0.47000,-0.51000,23.94000,3.04600,0.00070
1774332907.001379,0.14000,0.36000,-0.51000,23.94000,3.10880,0.00070
1774332907.001379,0.25000,0.25000,-0.51000,23.94000,3.17170,0.00070
1774332907.001379,0.33000,0.15000,-0.48000,23.94000,3.23450,0.00070
1774332907.001379,0.41000,0.05000,-0.47000,23.94000,3.29730,0.00070
1774332907.001379,0.43000,0.02000,-0.46000,23.96000,3.36020,0.00070
1774332907.001379,0.45000,0.02000,-0.47000,23.94000,3.42300,0.00070
1774332907.001379,0.43000,0.02000,-0.46000,23.94000,3.48580,0.00070
1774332907.001379,0.42000,0.03000,-0.45000,23.94000,3.54870,0.00070
1774332907.001379,0.41000,0.03000,-0.44000,23.94000,3.61150,0.00070
1774332907.001379,0.41000,0.04000,-0.45000,23.94000,3.67430,0.00070
1774332907.001379,0.42000,0.04000,-0.46000,23.94000,3.73720,0.00070
1774332907.001379,0.45000,0.03000,-0.48000,23.94000,3.80000,0.00070
1774332907.001379,0.47000,0.02000,-0.50000,23.94000,3.86280,0.00070
1774332907.001379,0.49000,0.01000,-0.51000,23.94000,3.92560,0.00070
1774332907.001379,0.49000,0.00000,-0.50000,23.94000,3.98850,0.00070
1774332907.001379,0.48000,0.00000,-0.47000,23.94000,4.05130,0.00070
1774332907.001379,0.45000,-0.01000,-0.44000,23.94000,4.11410,0.00070
1774332907.001379,0.42000,-0.02000,-0.39000,23.96000,4.17700,0.00070
1774332907.001379,0.41000,-0.08000,-0.32000,23.96000,4.23980,0.00070
1774332907.001379,0.40000,-0.16000,-0.24000,23.94000,4.30260,0.00070
1774332907.016997,0.41000,-0.24000,-0.16000,23.96000,4.36550,0.00070
1774332907.016997,0.42000,-0.34000,-0.08000,23.94000,4.42830,0.00070
1774332907.016997,0.47000,-0.40000,-0.06000,23.94000,4.49110,0.00070
1774332907.016997,0.53000,-0.47000,-0.05000,23.96000,4.55390,0.00070
1774332907.016997,0.57000,-0.52000,-0.04000,23.93000,4.61680,0.00070
1774332907.016997,0.62000,-0.58000,-0.03000,23.94000,4.67960,0.00070
1774332907.016997,0.65000,-0.62000,-0.02000,23.94000,4.74240,0.00070
1774332907.016997,0.69000,-0.66000,-0.02000,23.94000,4.80520,0.00070
1774332907.016997,0.68000,-0.66000,-0.02000,23.94000,4.86810,0.00070
1774332907.016997,0.68000,-0.67000,-0.01000,23.94000,4.93090,0.00070
1774332907.016997,0.63000,-0.63000,0.00000,23.94000,4.99370,0.00070
1774332907.016997,0.56000,-0.57000,0.01000,23.94000,5.05660,0.00070
1774332907.016997,0.45000,-0.52000,0.06000,23.94000,5.11940,0.00070
1774332907.016997,0.31000,-0.51000,0.20000,23.94000,5.18220,0.00070
1774332907.016997,0.19000,-0.53000,0.34000,23.93000,5.24500,0.00070
1774332907.016997,0.10000,-0.54000,0.43000,23.94000,5.30790,0.00070
1774332907.033996,0.04000,-0.54000,0.49000,23.94000,5.37070,0.00070
1774332907.033996,0.02000,-0.54000,0.52000,23.94000,5.43350,0.00070
1774332907.033996,0.02000,-0.55000,0.53000,23.94000,5.49640,0.00070
1774332907.033996,0.02000,-0.57000,0.55000,23.94000,5.55920,0.00070
1774332907.033996,0.02000,-0.59000,0.57000,23.96000,5.62200,0.00070
1774332907.033996,0.02000,-0.62000,0.59000,23.94000,5.68480,0.00070
1774332907.033996,0.02000,-0.62000,0.60000,23.94000,5.74770,0.00070
1774332907.033996,0.02000,-0.63000,0.60000,23.94000,5.81050,0.00070
1774332907.033996,0.01000,-0.62000,0.60000,23.96000,5.87330,0.00070
1774332907.033996,0.01000,-0.61000,0.60000,23.94000,5.93620,0.00070
1774332907.033996,0.00000,-0.59000,0.59000,23.94000,5.99900,0.00070
1774332907.033996,-0.01000,-0.55000,0.57000,23.94000,6.06180,0.00070
1774332907.033996,-0.02000,-0.51000,0.54000,23.94000,6.12460,0.00070
1774332907.033996,-0.03000,-0.47000,0.50000,23.94000,6.18750,0.00070
1774332907.033996,-0.12000,-0.37000,0.50000,23.96000,6.25030,0.00070
1774332907.033996,-0.23000,-0.26000,0.50000,23.94000,0.02990,0.00070
1774332907.042003,-0.32000,-0.15000,0.47000,23.94000,0.09280,0.00070
1774332907.042003,-0.40000,-0.05000,0.46000,23.96000,0.15560,0.00070
1774332907.042003,-0.42000,-0.04000,0.47000,23.94000,0.21840,0.00070
1774332907.042003,-0.44000,-0.03000,0.47000,23.94000,0.28130,0.00070
1774332907.042003,-0.43000,-0.02000,0.45000,23.93000,0.34410,0.00070
1774332907.042003,-0.42000,-0.01000,0.43000,23.93000,0.40690,0.00070
1774332907.042003,-0.40000,-0.01000,0.41000,23.94000,0.46980,0.00070
1774332907.042003,-0.38000,-0.01000,0.40000,23.94000,0.53260,0.00070
1774332907.042003,-0.39000,-0.02000,0.42000,23.93000,0.59540,0.00070
1774332907.042003,-0.42000,-0.02000,0.44000,23.96000,0.65830,0.00070
1774332907.042003,-0.45000,-0.02000,0.47000,23.94000,0.72110,0.00070
1774332907.042003,-0.47000,-0.02000,0.50000,23.94000,0.78390,0.00070
1774332907.042003,-0.47000,-0.02000,0.50000,23.94000,0.84670,0.00070
1774332907.042003,-0.47000,-0.01000,0.49000,23.94000,0.90960,0.00070
1774332907.042003,-0.44000,0.00000,0.45000,23.94000,0.97240,0.00070
1774332907.042003,-0.42000,0.02000,0.40000,23.94000,1.03520,0.00070
1774332907.079486,-0.40000,0.08000,0.32000,23.94000,1.09810,0.00070
1774332907.079486,-0.40000,0.17000,0.23000,23.94000,1.16090,0.00070
1774332907.079486,-0.41000,0.26000,0.15000,23.94000,1.22370,0.00070
1774332907.079486,-0.42000,0.35000,0.06000,23.96000,1.28660,0.00070
1774332907.079486,-0.46000,0.40000,0.05000,23.93000,1.34940,0.00070
1774332907.079486,-0.53000,0.47000,0.05000,23.93000,1.41220,0.00070
1774332907.079486,-0.57000,0.52000,0.05000,23.94000,1.47510,0.00070
1774332907.079486,-0.62000,0.57000,0.04000,23.93000,1.53790,0.00070
1774332907.079486,-0.66000,0.61000,0.04000,23.94000,1.60070,0.00070
1774332907.079486,-0.67000,0.64000,0.03000,23.93000,1.66360,0.00070
1774332907.079486,-0.67000,0.64000,0.02000,23.94000,1.72640,0.00070
1774332907.079486,-0.66000,0.64000,0.01000,23.94000,1.78920,0.00070
1774332907.079486,-0.64000,0.64000,0.00000,23.94000,1.85210,0.00070
1774332907.079486,-0.60000,0.61000,-0.01000,23.94000,1.91490,0.00070
1774332907.079486,-0.54000,0.57000,-0.03000,23.93000,1.97770,0.00070
1774332907.079486,-0.44000,0.53000,-0.08000,23.96000,2.04060,0.00070
1774332907.079486,-0.32000,0.53000,-0.20000,23.96000,2.10340,0.00070
1774332907.079486,-0.20000,0.53000,-0.32000,23.94000,2.16620,0.00070
1774332907.079486,-0.10000,0.53000,-0.42000,23.94000,2.22910,0.00070
1774332907.079486,-0.05000,0.54000,-0.48000,23.94000,2.29190,0.00070
1774332907.079486,-0.05000,0.57000,-0.52000,23.94000,2.35470,0.00070
1774332907.079486,-0.03000,0.59000,-0.56000,23.94000,2.41760,0.00070
1774332907.080487,-0.02000,0.62000,-0.60000,23.94000,2.48040,0.00070
1774332907.080487,-0.01000,0.64000,-0.63000,23.94000,2.54320,0.00070
1774332907.080487,0.00000,0.64000,-0.64000,23.96000,2.60610,0.00070
1774332907.080487,0.00000,0.65000,-0.65000,23.93000,2.66890,0.00070
1774332907.080487,0.00000,0.63000,-0.64000,23.94000,2.73170,0.00070
1774332907.080487,0.00000,0.63000,-0.64000,23.94000,2.79460,0.00070
1774332907.080487,0.01000,0.60000,-0.61000,23.94000,2.85740,0.00070
1774332907.080487,0.01000,0.56000,-0.58000,23.94000,2.92020,0.00070
1774332907.080487,0.03000,0.52000,-0.55000,23.94000,2.98310,0.00070
1774332907.080487,0.08000,0.45000,-0.54000,23.94000,3.04590,0.00070
1774332907.089523,0.19000,0.35000,-0.54000,23.94000,3.10870,0.00070
1774332907.089523,0.29000,0.24000,-0.54000,23.94000,3.17160,0.00070
1774332907.089523,0.37000,0.13000,-0.51000,23.94000,3.23440,0.00070
1774332907.089523,0.44000,0.05000,-0.50000,23.94000,3.29720,0.00070
1774332907.089523,0.46000,0.02000,-0.49000,23.96000,3.36010,0.00070
1774332907.089523,0.47000,0.02000,-0.50000,23.94000,3.42290,0.00070
1774332907.089523,0.47000,0.02000,-0.49000,23.94000,3.48570,0.00070
1774332907.089523,0.47000,0.02000,-0.49000,23.94000,3.54860,0.00070
1774332907.089523,0.46000,0.02000,-0.49000,23.94000,3.61140,0.00070
1774332907.089523,0.44000,0.03000,-0.47000,23.94000,3.67420,0.00070
1774332907.089523,0.43000,0.02000,-0.46000,23.94000,3.73710,0.00070
1774332907.089523,0.41000,0.02000,-0.43000,23.96000,3.79990,0.00070
1774332907.089523,0.42000,0.01000,-0.44000,23.94000,3.86270,0.00070
1774332907.089523,0.42000,0.01000,-0.44000,23.94000,3.92560,0.00070
1774332907.089523,0.42000,0.00000,-0.43000,23.96000,3.98840,0.00070
1774332907.089523,0.43000,0.00000,-0.43000,23.94000,4.05120,0.00070
1774332907.107027,0.41000,0.00000,-0.40000,23.94000,4.11400,0.00070
1774332907.107027,0.39000,-0.02000,-0.37000,23.94000,4.17690,0.00070
1774332907.107027,0.40000,-0.13000,-0.26000,23.93000,4.23970,0.00070
1774332907.107027,0.40000,-0.24000,-0.16000,23.94000,4.30250,0.00070
1774332907.107027,0.38000,-0.30000,-0.07000,23.94000,4.36540,0.00070
1774332907.107027,0.38000,-0.32000,-0.05000,23.94000,4.42820,0.00070
1774332907.107027,0.39000,-0.33000,-0.05000,23.96000,4.49100,0.00070
1774332907.107027,0.42000,-0.37000,-0.05000,23.94000,4.55380,0.00070
1774332907.107027,0.46000,-0.42000,-0.04000,23.94000,4.61670,0.00070
1774332907.107027,0.52000,-0.49000,-0.03000,23.94000,4.67950,0.00070
1774332907.107027,0.58000,-0.55000,-0.02000,23.93000,4.74230,0.00070
1774332907.107027,0.63000,-0.60000,-0.02000,23.94000,4.80520,0.00070
1774332907.107027,0.63000,-0.61000,-0.02000,23.94000,4.86800,0.00070
1774332907.107027,0.64000,-0.62000,-0.02000,23.94000,4.93080,0.00070
1774332907.107027,0.65000,-0.63000,-0.02000,23.94000,4.99360,0.00070
1774332907.107027,0.62000,-0.61000,-0.01000,23.94000,5.05650,0.00070
1774332907.125033,0.56000,-0.56000,0.00000,23.96000,5.11930,0.00070
1774332907.126036,0.47000,-0.53000,0.05000,23.94000,5.18210,0.00070
1774332907.126036,0.32000,-0.53000,0.20000,23.96000,5.24490,0.00070
1774332907.126036,0.20000,-0.53000,0.32000,23.94000,5.30780,0.00070
1774332907.126036,0.09000,-0.53000,0.43000,23.94000,5.37060,0.00070
1774332907.126036,0.05000,-0.54000,0.49000,23.94000,5.43340,0.00070
1774332907.126036,0.03000,-0.57000,0.53000,23.93000,5.49630,0.00070
1774332907.126036,0.03000,-0.59000,0.55000,23.94000,5.55910,0.00070
1774332907.126036,0.03000,-0.62000,0.59000,23.94000,5.62190,0.00070
1774332907.126036,0.03000,-0.64000,0.61000,23.94000,5.68470,0.00070
1774332907.126036,0.03000,-0.66000,0.62000,23.93000,5.74760,0.00070
1774332907.126036,0.02000,-0.66000,0.63000,23.94000,5.81040,0.00070
1774332907.126036,0.03000,-0.66000,0.63000,23.94000,5.87320,0.00070
1774332907.126036,0.01000,-0.65000,0.63000,23.93000,5.93610,0.00070
1774332907.126036,0.00000,-0.62000,0.62000,23.94000,5.99890,0.00070
1774332907.126036,0.00000,-0.60000,0.60000,23.94000,6.06170,0.00070
1774332907.163032,0.00000,-0.57000,0.57000,23.93000,6.12450,0.00070
1774332907.163032,-0.01000,-0.52000,0.53000,23.94000,6.18740,0.00070
1774332907.163032,-0.05000,-0.45000,0.50000,23.94000,6.25020,0.00070
1774332907.163032,-0.18000,-0.31000,0.50000,23.96000,0.02980,0.00070
1774332907.163032,-0.31000,-0.18000,0.49000,23.94000,0.09270,0.00070
1774332907.163032,-0.41000,-0.07000,0.49000,23.94000,0.15550,0.00070
1774332907.163032,-0.45000,-0.04000,0.50000,23.94000,0.21830,0.00070
1774332907.163032,-0.50000,-0.03000,0.53000,23.96000,0.28120,0.00070
1774332907.163032,-0.53000,-0.02000,0.55000,23.93000,0.34400,0.00070
1774332907.163032,-0.55000,-0.01000,0.56000,23.94000,0.40680,0.00070
1774332907.163032,-0.58000,0.00000,0.58000,23.94000,0.46970,0.00070
1774332907.163032,-0.57000,0.00000,0.58000,23.94000,0.53250,0.00070
1774332907.163032,-0.58000,0.00000,0.59000,23.94000,0.59530,0.00070
1774332907.163032,-0.57000,0.00000,0.57000,23.94000,0.65820,0.00070
1774332907.163032,-0.55000,0.00000,0.56000,23.94000,0.72100,0.00070
1774332907.163032,-0.54000,0.00000,0.54000,23.94000,0.78380,0.00070
1774332907.163032,-0.52000,0.00000,0.51000,23.94000,0.84670,0.00070
1774332907.163032,-0.49000,0.01000,0.47000,23.94000,0.90950,0.00070
1774332907.163032,-0.46000,0.04000,0.42000,23.94000,0.97230,0.00070
1774332907.163032,-0.46000,0.13000,0.33000,23.94000,1.03520,0.00070
1774332907.163032,-0.45000,0.23000,0.21000,23.94000,1.09800,0.00070
1774332907.163032,-0.44000,0.32000,0.11000,23.96000,1.16080,0.00070
1774332907.163032,-0.42000,0.37000,0.04000,23.94000,1.22360,0.00070
1774332907.163032,-0.41000,0.38000,0.03000,23.94000,1.28650,0.00070
1774332907.163032,-0.41000,0.37000,0.03000,23.94000,1.34930,0.00070
1774332907.163032,-0.41000,0.37000,0.04000,23.94000,1.41210,0.00070
1774332907.163032,-0.43000,0.38000,0.04000,23.96000,1.47500,0.00070
1774332907.163032,-0.49000,0.44000,0.04000,23.93000,1.53780,0.00070
1774332907.163032,-0.53000,0.49000,0.04000,23.94000,1.60060,0.00070
1774332907.163032,-0.58000,0.54000,0.03000,23.93000,1.66350,0.00070
1774332907.164040,-0.58000,0.56000,0.02000,23.94000,1.72630,0.00070
1774332907.164040,-0.60000,0.58000,0.01000,23.94000,1.78910,0.00070
1774332907.170044,-0.59000,0.58000,0.00000,23.94000,1.85200,0.00070
1774332907.170044,-0.56000,0.56000,0.00000,23.94000,1.91480,0.00070
1774332907.170044,-0.53000,0.54000,-0.01000,23.94000,1.97760,0.00070
1774332907.170044,-0.49000,0.51000,-0.01000,23.94000,2.04050,0.00070
1774332907.170044,-0.40000,0.49000,-0.09000,23.94000,2.10330,0.00070
1774332907.170044,-0.26000,0.50000,-0.23000,23.96000,2.16610,0.00070
1774332907.170044,-0.14000,0.51000,-0.36000,23.94000,2.22900,0.00070
1774332907.170044,-0.06000,0.51000,-0.45000,23.96000,2.29180,0.00070
1774332907.170044,-0.05000,0.55000,-0.49000,23.96000,2.35460,0.00070
1774332907.170044,-0.04000,0.57000,-0.53000,23.94000,2.41750,0.00070
1774332907.170044,-0.03000,0.60000,-0.57000,23.94000,2.48030,0.00070
1774332907.170044,-0.02000,0.63000,-0.61000,23.94000,2.54310,0.00070
1774332907.170044,-0.02000,0.64000,-0.62000,23.93000,2.60600,0.00070
1774332907.170044,-0.01000,0.65000,-0.64000,23.94000,2.66880,0.00070
1774332907.170044,0.00000,0.64000,-0.63000,23.94000,2.73160,0.00070
1774332907.170044,-0.01000,0.65000,-0.63000,23.94000,2.79450,0.00070
1774332907.210094,-0.01000,0.63000,-0.61000,23.94000,2.85730,0.00070
1774332907.210094,-0.01000,0.60000,-0.58000,23.94000,2.92010,0.00070
1774332907.210094,0.00000,0.56000,-0.56000,23.96000,2.98300,0.00070
1774332907.210094,0.00000,0.52000,-0.52000,23.94000,3.04580,0.00070
1774332907.210094,0.03000,0.46000,-0.50000,23.94000,3.10860,0.00070
1774332907.210094,0.14000,0.35000,-0.49000,23.94000,3.17150,0.00070
1774332907.210094,0.24000,0.24000,-0.48000,23.94000,3.23430,0.00070
1774332907.210094,0.34000,0.14000,-0.49000,23.94000,3.29710,0.00070
1774332907.210094,0.42000,0.05000,-0.48000,23.94000,3.36000,0.00070
1774332907.210094,0.45000,0.04000,-0.50000,23.94000,3.42280,0.00070
1774332907.210094,0.49000,0.04000,-0.54000,23.94000,3.48560,0.00070
1774332907.210094,0.53000,0.04000,-0.57000,23.94000,3.54850,0.00070
1774332907.210094,0.57000,0.03000,-0.61000,23.94000,3.61130,0.00070
1774332907.211097,0.59000,0.03000,-0.62000,23.94000,3.67410,0.00070
1774332907.211097,0.60000,0.02000,-0.62000,23.94000,3.73700,0.00070
1774332907.211097,0.60000,0.00000,-0.60000,23.94000,3.79980,0.00070
1774332907.211097,0.58000,0.00000,-0.58000,23.96000,3.86260,0.00070
1774332907.211097,0.57000,-0.01000,-0.55000,23.94000,3.92550,0.00070
1774332907.211097,0.54000,-0.02000,-0.52000,23.94000,3.98830,0.00070
1774332907.211097,0.51000,-0.04000,-0.47000,23.96000,4.05110,0.00070
1774332907.211097,0.48000,-0.07000,-0.41000,23.94000,4.11400,0.00070
1774332907.211097,0.48000,-0.17000,-0.31000,23.94000,4.17680,0.00070
1774332907.211097,0.47000,-0.26000,-0.20000,23.94000,4.23960,0.00070
1774332907.211097,0.45000,-0.34000,-0.11000,23.94000,4.30240,0.00070
1774332907.211097,0.44000,-0.38000,-0.05000,23.94000,4.36530,0.00070
1774332907.211097,0.45000,-0.40000,-0.05000,23.93000,4.42810,0.00070
1774332907.211097,0.45000,-0.40000,-0.04000,23.94000,4.49090,0.00070
1774332907.211097,0.46000,-0.42000,-0.03000,23.94000,4.55370,0.00070
1774332907.211097,0.47000,-0.43000,-0.03000,23.94000,4.61660,0.00070
1774332907.211097,0.51000,-0.48000,-0.02000,23.94000,4.67940,0.00070
1774332907.211097,0.56000,-0.53000,-0.02000,23.96000,4.74220,0.00070
1774332907.211097,0.59000,-0.57000,-0.01000,23.94000,4.80510,0.00070
1774332907.230094,0.60000,-0.58000,-0.01000,23.94000,4.86790,0.00070
1774332907.230094,0.59000,-0.58000,0.00000,23.94000,4.93070,0.00070
1774332907.230094,0.58000,-0.57000,0.00000,23.94000,4.99350,0.00070
1774332907.230094,0.56000,-0.55000,0.00000,23.93000,5.05640,0.00070
1774332907.230094,0.52000,-0.52000,0.00000,23.93000,5.11920,0.00070
1774332907.230094,0.46000,-0.49000,0.02000,23.96000,5.18200,0.00070
1774332907.230094,0.37000,-0.49000,0.12000,23.94000,5.24490,0.00070
1774332907.230094,0.25000,-0.49000,0.24000,23.94000,5.30770,0.00070
1774332907.230094,0.15000,-0.50000,0.35000,23.94000,5.37050,0.00070
1774332907.230094,0.06000,-0.50000,0.43000,23.94000,5.43330,0.00070
1774332907.230094,0.03000,-0.52000,0.48000,23.94000,5.49620,0.00070
1774332907.230094,0.04000,-0.56000,0.51000,23.94000,5.55900,0.00070
1774332907.230094,0.04000,-0.60000,0.55000,23.94000,5.62180,0.00070
1774332907.230094,0.03000,-0.62000,0.58000,23.93000,5.68470,0.00070
1774332907.230094,0.03000,-0.64000,0.61000,23.94000,5.74750,0.00070
1774332907.230094,0.02000,-0.65000,0.62000,23.94000,5.81030,0.00070
1774332907.241784,0.02000,-0.64000,0.62000,23.96000,5.87310,0.00070
1774332907.241784,0.01000,-0.64000,0.62000,23.94000,5.93600,0.00070
1774332907.241784,0.01000,-0.61000,0.60000,23.94000,5.99880,0.00070
1774332907.241784,0.00000,-0.57000,0.58000,23.94000,6.06160,0.00070
1774332907.241784,-0.01000,-0.54000,0.55000,23.94000,6.12440,0.00070
1774332907.241784,-0.02000,-0.49000,0.51000,23.94000,6.18730,0.00070
1774332907.241784,-0.03000,-0.44000,0.47000,23.94000,6.25010,0.00070
1774332907.241784,-0.11000,-0.35000,0.46000,23.94000,0.02970,0.00070
1774332907.241784,-0.20000,-0.24000,0.45000,23.94000,0.09260,0.00070
1774332907.241784,-0.29000,-0.14000,0.44000,23.94000,0.15540,0.00070
1774332907.241784,-0.37000,-0.06000,0.43000,23.94000,0.21820,0.00070
1774332907.241784,-0.42000,-0.05000,0.47000,23.94000,0.28110,0.00070
1774332907.241784,-0.45000,-0.04000,0.49000,23.94000,0.34390,0.00070
1774332907.241784,-0.49000,-0.03000,0.53000,23.93000,0.40670,0.00070
1774332907.241784,-0.54000,-0.02000,0.56000,23.94000,0.46960,0.00070
1774332907.241784,-0.56000,-0.02000,0.58000,23.94000,0.53240,0.00070
1774332907.249285,-0.59000,-0.01000,0.61000,23.94000,0.59520,0.00070
1774332907.249285,-0.58000,-0.02000,0.60000,23.94000,0.65810,0.00070
1774332907.249285,-0.58000,-0.02000,0.60000,23.94000,0.72090,0.00070
1774332907.249285,-0.57000,-0.02000,0.60000,23.96000,0.78370,0.00070
1774332907.249285,-0.56000,-0.01000,0.58000,23.94000,0.84660,0.00070
1774332907.249285,-0.54000,-0.01000,0.56000,23.94000,0.90940,0.00070
1774332907.249285,-0.50000,0.00000,0.50000,23.94000,0.97220,0.00070
1774332907.249285,-0.49000,0.05000,0.43000,23.94000,1.03510,0.00070
1774332907.249285,-0.50000,0.19000,0.30000,23.96000,1.09790,0.00070
1774332907.249285,-0.49000,0.31000,0.18000,23.94000,1.16070,0.00070
1774332907.249285,-0.49000,0.41000,0.07000,23.96000,1.22360,0.00070
1774332907.249285,-0.51000,0.47000,0.03000,23.96000,1.28640,0.00070
1774332907.249285,-0.55000,0.51000,0.03000,23.94000,1.34920,0.00070
1774332907.249285,-0.58000,0.55000,0.03000,23.93000,1.41210,0.00070
1774332907.249285,-0.60000,0.57000,0.02000,23.94000,1.47490,0.00070
1774332907.249285,-0.63000,0.60000,0.02000,23.94000,1.53770,0.00070
1774332907.283292,-0.63000,0.61000,0.02000,23.94000,1.60060,0.00070
1774332907.283292,-0.64000,0.62000,0.01000,23.94000,1.66340,0.00070
1774332907.283292,-0.62000,0.61000,0.00000,23.96000,1.72620,0.00070
1774332907.283292,-0.60000,0.60000,0.00000,23.93000,1.78910,0.00070
1774332907.283292,-0.57000,0.58000,0.00000,23.94000,1.85190,0.00070
1774332907.283292,-0.54000,0.56000,-0.01000,23.94000,1.91470,0.00070
1774332907.283292,-0.50000,0.53000,-0.02000,23.94000,1.97750,0.00070
1774332907.283292,-0.45000,0.49000,-0.04000,23.94000,2.04040,0.00070
1774332907.283292,-0.34000,0.49000,-0.15000,23.94000,2.10320,0.00070
1774332907.283292,-0.23000,0.50000,-0.27000,23.94000,2.16600,0.00070
1774332907.283292,-0.11000,0.49000,-0.38000,23.96000,2.22890,0.00070
1774332907.283292,-0.05000,0.51000,-0.46000,23.94000,2.29170,0.00070
1774332907.283292,-0.04000,0.54000,-0.50000,23.93000,2.35450,0.00070
1774332907.283292,-0.02000,0.57000,-0.54000,23.93000,2.41740,0.00070
1774332907.283292,-0.02000,0.59000,-0.57000,23.93000,2.48020,0.00070
1774332907.283292,0.00000,0.60000,-0.60000,23.93000,2.54300,0.00070
1774332907.292295,0.00000,0.61000,-0.61000,23.94000,2.60590,0.00070
1774332907.292295,-0.01000,0.62000,-0.61000,23.94000,2.66870,0.00070
1774332907.292295,0.00000,0.61000,-0.60000,23.94000,2.73150,0.00070
1774332907.292295,0.00000,0.60000,-0.60000,23.94000,2.79440,0.00070
1774332907.292295,0.00000,0.59000,-0.58000,23.94000,2.85720,0.00070
1774332907.292295,0.00000,0.56000,-0.55000,23.93000,2.92000,0.00070
1774332907.292295,0.00000,0.52000,-0.53000,23.94000,2.98290,0.00070
1774332907.292295,0.01000,0.47000,-0.49000,23.94000,3.04570,0.00070
1774332907.292295,0.06000,0.41000,-0.48000,23.94000,3.10850,0.00070
1774332907.292295,0.17000,0.30000,-0.47000,23.94000,3.17140,0.00070
1774332907.292295,0.25000,0.19000,-0.45000,23.94000,3.23420,0.00070
1774332907.292295,0.32000,0.10000,-0.42000,23.94000,3.29700,0.00070
1774332907.292295,0.34000,0.05000,-0.40000,23.94000,3.35990,0.00070
1774332907.292295,0.36000,0.04000,-0.40000,23.94000,3.42270,0.00070
1774332907.292295,0.38000,0.04000,-0.42000,23.96000,3.48550,0.00070
1774332907.292295,0.42000,0.04000,-0.46000,23.94000,3.54840,0.00070
1774332907.305294,0.46000,0.04000,-0.50000,23.94000,3.61120,0.00070
1774332907.305294,0.50000,0.04000,-0.54000,23.94000,3.67400,0.00070
1774332907.305294,0.53000,0.04000,-0.57000,23.96000,3.73690,0.00070
1774332907.305294,0.53000,0.03000,-0.57000,23.94000,3.79970,0.00070
1774332907.305294,0.55000,0.02000,-0.57000,23.94000,3.86250,0.00070
1774332907.305294,0.54000,0.01000,-0.56000,23.94000,3.92540,0.00070
1774332907.305294,0.54000,0.00000,-0.54000,23.94000,3.98820,0.00070
1774332907.305294,0.52000,0.00000,-0.52000,23.94000,4.05100,0.00070
1774332907.305294,0.49000,0.00000,-0.48000,23.96000,4.11390,0.00150
1774332907.305294,0.47000,-0.02000,-0.45000,23.94000,4.17670,0.00150
1774332907.305294,0.46000,-0.08000,-0.38000,23.96000,4.23950,0.00150
1774332907.305294,0.48000,-0.19000,-0.28000,23.96000,4.30230,0.00150
1774332907.305294,0.49000,-0.30000,-0.19000,23.94000,4.36520,0.00150
1774332907.305294,0.51000,-0.42000,-0.08000,23.94000,4.42800,0.00150
1774332907.305294,0.56000,-0.50000,-0.05000,23.94000,4.49080,0.00150
1774332907.305294,0.60000,-0.56000,-0.04000,23.94000,4.55370,0.00150
1774332907.322323,0.61000,-0.59000,-0.02000,23.94000,4.61650,0.00150
1774332907.322323,0.64000,-0.62000,-0.01000,23.94000,4.67930,0.00150
1774332907.322323,0.65000,-0.64000,0.00000,23.94000,4.74210,0.00150
1774332907.322323,0.65000,-0.65000,0.00000,23.94000,4.80500,0.00150
1774332907.322323,0.63000,-0.62000,0.00000,23.96000,4.86780,0.00150
1774332907.322323,0.61000,-0.61000,0.00000,23.94000,4.93060,0.00150
1774332907.322323,0.59000,-0.60000,0.00000,23.93000,4.99340,0.00150
1774332907.322323,0.54000,-0.55000,0.01000,23.94000,5.05630,0.00150
1774332907.322323,0.49000,-0.52000,0.03000,23.94000,5.11910,0.00150
1774332907.322323,0.38000,-0.51000,0.12000,23.94000,5.18190,0.00150
1774332907.322323,0.27000,-0.51000,0.24000,23.96000,5.24480,0.00150
1774332907.322323,0.18000,-0.51000,0.33000,23.96000,5.30760,0.00150
1774332907.322323,0.09000,-0.51000,0.42000,23.94000,5.37040,0.00150
1774332907.322323,0.04000,-0.51000,0.47000,23.94000,5.43320,0.00150
1774332907.322323,0.03000,-0.53000,0.50000,23.94000,5.49610,0.00150
1774332907.322323,0.03000,-0.56000,0.53000,23.94000,5.55890,0.00150
1774332907.329325,0.02000,-0.57000,0.55000,23.94000,5.62170,0.00150
1774332907.329325,0.03000,-0.60000,0.56000,23.94000,5.68460,0.00150
1774332907.329325,0.02000,-0.61000,0.59000,23.94000,5.74740,0.00150
1774332907.329325,0.03000,-0.63000,0.60000,23.94000,5.81020,0.00150
1774332907.329325,0.01000,-0.62000,0.60000,23.96000,5.87300,0.00150
1774332907.329325,0.00000,-0.62000,0.61000,23.94000,5.93590,0.00150
1774332907.329325,0.00000,-0.59000,0.59000,23.94000,5.99870,0.00150
1774332907.329325,-0.01000,-0.56000,0.58000,23.94000,6.06150,0.00150
1774332907.329325,-0.02000,-0.52000,0.54000,23.94000,6.12440,0.00150
1774332907.329325,-0.04000,-0.46000,0.51000,23.94000,6.18720,0.00150
1774332907.329325,-0.13000,-0.38000,0.51000,23.94000,6.25000,0.00150
1774332907.329325,-0.24000,-0.26000,0.50000,23.94000,0.02970,0.00150
1774332907.329325,-0.32000,-0.15000,0.48000,23.96000,0.09250,0.00150
1774332907.329325,-0.40000,-0.06000,0.46000,23.94000,0.15530,0.00150
1774332907.329325,-0.42000,-0.04000,0.47000,23.94000,0.21820,0.00150
1774332907.329325,-0.43000,-0.03000,0.46000,23.96000,0.28100,0.00150
1774332907.358331,-0.42000,-0.02000,0.44000,23.94000,0.34380,0.00150
1774332907.358331,-0.41000,-0.02000,0.43000,23.94000,0.40660,0.00150
1774332907.358331,-0.42000,-0.01000,0.44000,23.94000,0.46950,0.00150
1774332907.358331,-0.43000,-0.01000,0.45000,23.94000,0.53230,0.00150
1774332907.358331,-0.45000,-0.02000,0.48000,23.94000,0.59510,0.00150
1774332907.358331,-0.47000,-0.02000,0.50000,23.93000,0.65800,0.00150
1774332907.358331,-0.49000,-0.02000,0.52000,23.94000,0.72080,0.00150
1774332907.358331,-0.50000,-0.02000,0.53000,23.94000,0.78360,0.00150
1774332907.358331,-0.50000,-0.01000,0.51000,23.96000,0.84650,0.00150
1774332907.358331,-0.48000,-0.01000,0.49000,23.94000,0.90930,0.00150
1774332907.358331,-0.45000,0.00000,0.45000,23.94000,0.97210,0.00150
1774332907.358331,-0.43000,0.02000,0.41000,23.94000,1.03500,0.00150
1774332907.358331,-0.42000,0.07000,0.35000,23.96000,1.09780,0.00150
1774332907.358331,-0.42000,0.15000,0.26000,23.94000,1.16060,0.00150
1774332907.358331,-0.43000,0.25000,0.17000,23.96000,1.22350,0.00150
1774332907.358331,-0.45000,0.36000,0.08000,23.94000,1.28630,0.00150
1774332907.367321,-0.50000,0.44000,0.05000,23.94000,1.34910,0.00150
1774332907.367321,-0.55000,0.50000,0.05000,23.94000,1.41200,0.00150
1774332907.367321,-0.59000,0.54000,0.04000,23.94000,1.47480,0.00150
1774332907.367321,-0.64000,0.59000,0.04000,23.94000,1.53760,0.00150
1774332907.367321,-0.68000,0.63000,0.04000,23.94000,1.60050,0.00150
1774332907.367321,-0.69000,0.65000,0.03000,23.93000,1.66330,0.00150
1774332907.367321,-0.69000,0.66000,0.02000,23.94000,1.72610,0.00150
1774332907.367321,-0.67000,0.66000,0.00000,23.93000,1.78900,0.00150
1774332907.367321,-0.62000,0.63000,-0.01000,23.96000,1.85180,0.00150
1774332907.367321,-0.53000,0.57000,-0.03000,23.94000,1.91460,0.00150
1774332907.367321,-0.44000,0.51000,-0.07000,23.94000,1.97750,0.00150
1774332907.367321,-0.30000,0.52000,-0.21000,23.94000,2.04030,0.00150
1774332907.367321,-0.18000,0.53000,-0.35000,23.94000,2.10310,0.00150
1774332907.367321,-0.09000,0.53000,-0.43000,23.94000,2.16600,0.00150
1774332907.367321,-0.05000,0.53000,-0.48000,23.94000,2.22880,0.00150
1774332907.367321,-0.04000,0.55000,-0.50000,23.94000,2.29160,0.00150
1774332907.383389,-0.03000,0.55000,-0.52000,23.96000,2.35450,0.00150
1774332907.383389,-0.02000,0.57000,-0.54000,23.94000,2.41730,0.00150
1774332907.383389,-0.02000,0.59000,-0.56000,23.93000,2.48010,0.00150
1774332907.383540,0.00000,0.60000,-0.59000,23.96000,2.54300,0.00150
1774332907.383540,0.00000,0.61000,-0.60000,23.93000,2.60580,0.00150
1774332907.383540,0.00000,0.61000,-0.61000,23.94000,2.66860,0.00150
1774332907.383540,0.00000,0.60000,-0.60000,23.94000,2.73140,0.00150
1774332907.383540,0.00000,0.60000,-0.60000,23.94000,2.79430,0.00150
1774332907.383540,0.00000,0.59000,-0.58000,23.96000,2.85710,0.00150
1774332907.383540,0.00000,0.55000,-0.56000,23.94000,2.91990,0.00150
1774332907.383540,0.00000,0.51000,-0.52000,23.94000,2.98280,0.00150
1774332907.383540,0.03000,0.46000,-0.50000,23.94000,3.04560,0.00150
1774332907.383540,0.11000,0.38000,-0.49000,23.94000,3.10840,0.00150
1774332907.383540,0.22000,0.27000,-0.49000,23.94000,3.17130,0.00150
1774332907.383540,0.32000,0.15000,-0.47000,23.94000,3.23410,0.00150
1774332907.383540,0.40000,0.05000,-0.46000,23.94000,3.29690,0.00150
1774332907.405679,0.43000,0.02000,-0.45000,23.93000,3.35980,0.00150
1774332907.405679,0.43000,0.02000,-0.46000,23.94000,3.42260,0.00150
1774332907.405679,0.43000,0.02000,-0.46000,23.94000,3.48540,0.00150
1774332907.405679,0.41000,0.02000,-0.44000,23.96000,3.54830,0.00150
1774332907.405679,0.39000,0.03000,-0.42000,23.94000,3.61110,0.00150
1774332907.405679,0.37000,0.04000,-0.41000,23.93000,3.67390,0.00150
1774332907.405679,0.38000,0.04000,-0.42000,23.96000,3.73680,0.00150
1774332907.405679,0.41000,0.03000,-0.44000,23.94000,3.79960,0.00150
1774332907.405679,0.43000,0.03000,-0.47000,23.94000,3.86240,0.00150
1774332907.405679,0.46000,0.02000,-0.49000,23.94000,3.92530,0.00150
1774332907.405679,0.47000,0.01000,-0.48000,23.96000,3.98810,0.00150
1774332907.405679,0.47000,0.00000,-0.47000,23.94000,4.05090,0.00150
1774332907.405679,0.44000,0.00000,-0.44000,23.94000,4.11380,0.00150
1774332907.405679,0.42000,-0.02000,-0.40000,23.96000,4.17660,0.00150
1774332907.405679,0.40000,-0.06000,-0.33000,23.94000,4.23940,0.00150
1774332907.405679,0.41000,-0.16000,-0.25000,23.94000,4.30220,0.00150
1774332907.409195,0.41000,-0.25000,-0.15000,23.94000,4.36510,0.00150
1774332907.409195,0.42000,-0.34000,-0.07000,23.94000,4.42790,0.00150
1774332907.409195,0.48000,-0.41000,-0.06000,23.96000,4.49070,0.00150
1774332907.409195,0.53000,-0.48000,-0.05000,23.94000,4.55360,0.00150
1774332907.409195,0.56000,-0.52000,-0.04000,23.94000,4.61640,0.00150
1774332907.409195,0.62000,-0.59000,-0.02000,23.93000,4.67920,0.00150
1774332907.409195,0.65000,-0.62000,-0.02000,23.94000,4.74200,0.00150
1774332907.409195,0.67000,-0.65000,-0.02000,23.94000,4.80490,0.00150
1774332907.409195,0.67000,-0.65000,-0.02000,23.94000,4.86770,0.00150
1774332907.409195,0.67000,-0.65000,-0.01000,23.94000,4.93050,0.00150
1774332907.409195,0.65000,-0.63000,-0.01000,23.94000,4.99340,0.00150
1774332907.409195,0.60000,-0.60000,0.00000,23.94000,5.05620,0.00150
1774332907.409195,0.54000,-0.56000,0.02000,23.96000,5.11900,0.00150
1774332907.409195,0.43000,-0.52000,0.08000,23.94000,5.18180,0.00150
1774332907.409195,0.31000,-0.53000,0.22000,23.96000,5.24470,0.00150
1774332907.409195,0.20000,-0.53000,0.33000,23.94000,5.30750,0.00150
1774332907.436228,0.09000,-0.53000,0.43000,23.94000,5.37030,0.00150
1774332907.436228,0.05000,-0.54000,0.49000,23.94000,5.43320,0.00150
1774332907.436228,0.03000,-0.56000,0.53000,23.94000,5.49600,0.00150
1774332907.436228,0.03000,-0.60000,0.57000,23.94000,5.55880,0.00150
1774332907.436228,0.02000,-0.62000,0.60000,23.94000,5.62160,0.00150
1774332907.436228,0.01000,-0.64000,0.63000,23.94000,5.68450,0.00150
1774332907.436228,0.03000,-0.66000,0.63000,23.94000,5.74730,0.00150
1774332907.436228,0.01000,-0.66000,0.64000,23.94000,5.81010,0.00150
1774332907.436228,0.01000,-0.64000,0.63000,23.93000,5.87290,0.00150
1774332907.436228,0.00000,-0.63000,0.63000,23.94000,5.93580,0.00150
1774332907.445194,-0.01000,-0.60000,0.61000,23.94000,5.99860,0.00150
1774332907.445194,-0.02000,-0.56000,0.58000,23.94000,6.06140,0.00150
1774332907.445194,-0.03000,-0.52000,0.56000,23.94000,6.12430,0.00150
1774332907.445194,-0.07000,-0.46000,0.53000,23.93000,6.18710,0.00150
1774332907.445194,-0.18000,-0.36000,0.54000,23.96000,6.24990,0.00150
1774332907.445194,-0.29000,-0.24000,0.53000,23.94000,0.02960,0.00150
1774332907.445194,-0.37000,-0.13000,0.51000,23.94000,0.09240,0.00150
1774332907.445194,-0.44000,-0.05000,0.49000,23.94000,0.15520,0.00150
1774332907.445194,-0.45000,-0.03000,0.49000,23.94000,0.21810,0.00150
1774332907.445194,-0.47000,-0.02000,0.50000,23.94000,0.28090,0.00150
1774332907.445194,-0.48000,-0.01000,0.49000,23.94000,0.34370,0.00150
1774332907.445194,-0.48000,-0.01000,0.49000,23.94000,0.40660,0.00150
1774332907.445194,-0.48000,0.00000,0.48000,23.94000,0.46940,0.00150
1774332907.445194,-0.46000,0.00000,0.46000,23.93000,0.53220,0.00150
1774332907.445194,-0.44000,0.00000,0.45000,23.94000,0.59500,0.00150
1774332907.445194,-0.42000,-0.01000,0.43000,23.94000,0.65790,0.00150
1774332907.445194,-0.41000,-0.01000,0.43000,23.94000,0.72070,0.00150
1774332907.445194,-0.41000,-0.01000,0.43000,23.94000,0.78350,0.00150
1774332907.445194,-0.41000,-0.01000,0.43000,23.94000,0.84640,0.00150
1774332907.445194,-0.41000,-0.01000,0.42000,23.94000,0.90920,0.00150
1774332907.445194,-0.38000,-0.01000,0.40000,23.94000,0.97200,0.00150
1774332907.445194,-0.38000,0.01000,0.36000,23.94000,1.03490,0.00150
1774332907.462194,-0.38000,0.10000,0.27000,23.94000,1.09770,0.00150
1774332907.462194,-0.38000,0.21000,0.17000,23.96000,1.16050,0.00150
1774332907.462194,-0.36000,0.28000,0.08000,23.94000,1.22340,0.00150
1774332907.462194,-0.36000,0.31000,0.05000,23.96000,1.28620,0.00150
1774332907.462194,-0.39000,0.33000,0.05000,23.94000,1.34900,0.00150
1774332907.462194,-0.42000,0.37000,0.05000,23.94000,1.41190,0.00150
1774332907.462194,-0.48000,0.42000,0.05000,23.93000,1.47470,0.00150
1774332907.462194,-0.55000,0.49000,0.05000,23.94000,1.53750,0.00150
1774332907.462194,-0.60000,0.55000,0.05000,23.96000,1.60040,0.00150
1774332907.462194,-0.64000,0.60000,0.04000,23.94000,1.66320,0.00150
1774332907.462194,-0.65000,0.61000,0.03000,23.94000,1.72600,0.00150
1774332907.462194,-0.66000,0.63000,0.02000,23.94000,1.78890,0.00150
1774332907.462194,-0.65000,0.64000,0.00000,23.94000,1.85170,0.00150
1774332907.462194,-0.61000,0.62000,0.00000,23.94000,1.91450,0.00150
1774332907.462194,-0.55000,0.58000,-0.02000,23.96000,1.97740,0.00150
1774332907.462194,-0.47000,0.53000,-0.06000,23.94000,2.04020,0.00150
1774332907.488954,-0.32000,0.53000,-0.20000,23.94000,2.10300,0.00150
1774332907.488954,-0.20000,0.53000,-0.32000,23.96000,2.16590,0.00150
1774332907.488954,-0.09000,0.52000,-0.43000,23.94000,2.22870,0.00150
1774332907.488954,-0.06000,0.54000,-0.48000,23.94000,2.29150,0.00150
1774332907.488954,-0.05000,0.57000,-0.51000,23.96000,2.35440,0.00150
1774332907.488954,-0.04000,0.59000,-0.55000,23.94000,2.41720,0.00150
1774332907.488954,-0.01000,0.61000,-0.59000,23.94000,2.48000,0.00150
1774332907.488954,0.00000,0.63000,-0.62000,23.96000,2.54290,0.00150
1774332907.488954,0.00000,0.64000,-0.63000,23.93000,2.60570,0.00150
1774332907.488954,0.00000,0.64000,-0.63000,23.94000,2.66850,0.00150
1774332907.488954,-0.01000,0.64000,-0.62000,23.94000,2.73140,0.00150
1774332907.488954,0.00000,0.64000,-0.64000,23.93000,2.79420,0.00150
1774332907.488954,-0.01000,0.62000,-0.60000,23.94000,2.85700,0.00150
1774332907.488954,-0.01000,0.60000,-0.59000,23.94000,2.91990,0.00150
1774332907.488954,0.00000,0.56000,-0.55000,23.94000,2.98270,0.00150
1774332907.488954,0.00000,0.52000,-0.52000,23.94000,3.04550,0.00150
1774332907.497510,0.05000,0.45000,-0.50000,23.94000,3.10840,0.00150
1774332907.497510,0.17000,0.33000,-0.50000,23.94000,3.17120,0.00150
1774332907.497510,0.28000,0.20000,-0.49000,23.94000,3.23400,0.00150
1774332907.497510,0.39000,0.08000,-0.48000,23.94000,3.29690,0.00150
1774332907.497510,0.46000,0.03000,-0.49000,23.93000,3.35970,0.00150
1774332907.497510,0.49000,0.03000,-0.52000,23.94000,3.42250,0.00150
1774332907.497510,0.52000,0.02000,-0.54000,23.94000,3.48530,0.00150
1774332907.497510,0.54000,0.02000,-0.57000,23.94000,3.54820,0.00150
1774332907.497510,0.56000,0.02000,-0.59000,23.94000,3.61100,0.00150
1774332907.497510,0.57000,0.02000,-0.59000,23.94000,3.67380,0.00150
1774332907.497510,0.57000,0.02000,-0.59000,23.94000,3.73670,0.00150
1774332907.497510,0.56000,0.01000,-0.58000,23.93000,3.79950,0.00150
1774332907.497510,0.55000,0.00000,-0.56000,23.94000,3.86230,0.00150
1774332907.497510,0.54000,0.00000,-0.54000,23.94000,3.92520,0.00150
1774332907.497510,0.52000,-0.01000,-0.51000,23.94000,3.98800,0.00150
1774332907.497510,0.49000,-0.02000,-0.47000,23.94000,4.05080,0.00150
1774332907.505477,0.46000,-0.03000,-0.42000,23.96000,4.11370,0.00070
1774332907.505477,0.46000,-0.12000,-0.33000,23.94000,4.17650,0.00070
1774332907.505477,0.45000,-0.22000,-0.22000,23.94000,4.23930,0.00070
1774332907.505477,0.43000,-0.30000,-0.12000,23.96000,4.30220,0.00070
1774332907.505477,0.40000,-0.34000,-0.06000,23.96000,4.36500,0.00070
1774332907.505477,0.40000,-0.35000,-0.05000,23.96000,4.42780,0.00070
1774332907.505477,0.39000,-0.34000,-0.05000,23.94000,4.49060,0.00070
1774332907.505477,0.43000,-0.38000,-0.04000,23.94000,4.55350,0.00070
1774332907.505477,0.45000,-0.41000,-0.03000,23.94000,4.61630,0.00070
1774332907.505477,0.51000,-0.48000,-0.02000,23.94000,4.67910,0.00070
1774332907.505477,0.56000,-0.53000,-0.02000,23.94000,4.74190,0.00070
1774332907.505477,0.59000,-0.57000,-0.02000,23.94000,4.80480,0.00070
1774332907.505477,0.60000,-0.59000,-0.01000,23.94000,4.86760,0.00070
1774332907.505477,0.59000,-0.57000,-0.01000,23.94000,4.93040,0.00070
1774332907.505477,0.60000,-0.58000,-0.01000,23.94000,4.99330,0.00070
1774332907.505477,0.57000,-0.56000,-0.01000,23.94000,5.05610,0.00070
1774332907.521996,0.55000,-0.54000,-0.01000,23.94000,5.11890,0.00070
1774332907.521996,0.49000,-0.51000,0.01000,23.94000,5.18170,0.00070
1774332907.521996,0.38000,-0.51000,0.12000,23.94000,5.24460,0.00070
1774332907.521996,0.26000,-0.52000,0.25000,23.94000,5.30740,0.00070
1774332907.521996,0.14000,-0.52000,0.37000,23.94000,5.37020,0.00070
1774332907.521996,0.06000,-0.52000,0.46000,23.94000,5.43310,0.00070
1774332907.521996,0.03000,-0.54000,0.50000,23.93000,5.49590,0.00070
1774332907.521996,0.03000,-0.58000,0.54000,23.94000,5.55870,0.00070
1774332907.521996,0.03000,-0.60000,0.57000,23.94000,5.62150,0.00070
1774332907.521996,0.03000,-0.64000,0.60000,23.94000,5.68440,0.00070
1774332907.521996,0.03000,-0.65000,0.62000,23.94000,5.74720,0.00070
1774332907.521996,0.04000,-0.66000,0.62000,23.93000,5.81000,0.00070
1774332907.521996,0.02000,-0.65000,0.62000,23.94000,5.87290,0.00070
1774332907.521996,0.02000,-0.64000,0.62000,23.94000,5.93570,0.00070
1774332907.521996,0.00000,-0.62000,0.61000,23.94000,5.99850,0.00070
1774332907.521996,0.00000,-0.59000,0.59000,23.96000,6.06130,0.00070
1774332907.538996,-0.01000,-0.55000,0.56000,23.94000,6.12420,0.00070
1774332907.538996,-0.01000,-0.50000,0.52000,23.94000,6.18700,0.00070
1774332907.538996,-0.03000,-0.46000,0.49000,23.94000,6.24980,0.00070
1774332907.538996,-0.14000,-0.35000,0.49000,23.94000,0.02950,0.00070
1774332907.538996,-0.23000,-0.24000,0.47000,23.94000,0.09230,0.00070
1774332907.538996,-0.33000,-0.13000,0.47000,23.94000,0.15510,0.00070
1774332907.538996,-0.40000,-0.06000,0.46000,23.94000,0.21800,0.00070
1774332907.538996,-0.44000,-0.05000,0.49000,23.94000,0.28080,0.00070
1774332907.538996,-0.47000,-0.04000,0.52000,23.94000,0.34360,0.00070
1774332907.538996,-0.52000,-0.03000,0.55000,23.94000,0.40650,0.00070
1774332907.538996,-0.56000,-0.02000,0.58000,23.96000,0.46930,0.00070
1774332907.538996,-0.59000,-0.01000,0.61000,23.94000,0.53210,0.00070
1774332907.538996,-0.60000,-0.01000,0.62000,23.93000,0.59500,0.00070
1774332907.538996,-0.59000,0.00000,0.60000,23.93000,0.65780,0.00070
1774332907.538996,-0.58000,0.00000,0.59000,23.93000,0.72060,0.00070
1774332907.538996,-0.56000,0.00000,0.56000,23.96000,0.78340,0.00070
1774332907.557030,-0.54000,0.00000,0.54000,23.94000,0.84630,0.00070
1774332907.557030,-0.50000,0.00000,0.50000,23.94000,0.90910,0.00070
1774332907.557030,-0.47000,0.02000,0.44000,23.94000,0.97190,0.00070
1774332907.557030,-0.46000,0.09000,0.37000,23.94000,1.03480,0.00070
1774332907.557030,-0.46000,0.19000,0.27000,23.94000,1.09760,0.00070
1774332907.557030,-0.45000,0.28000,0.16000,23.96000,1.16040,0.00070
1774332907.557030,-0.44000,0.36000,0.08000,23.96000,1.22330,0.00070
1774332907.557030,-0.45000,0.41000,0.04000,23.94000,1.28610,0.00070
1774332907.557030,-0.48000,0.43000,0.04000,23.94000,1.34890,0.00070
1774332907.557030,-0.53000,0.48000,0.04000,23.94000,1.41180,0.00070
1774332907.557030,-0.56000,0.51000,0.04000,23.94000,1.47460,0.00070
1774332907.557030,-0.61000,0.57000,0.04000,23.96000,1.53740,0.00070
1774332907.557030,-0.62000,0.59000,0.03000,23.94000,1.60030,0.00070
1774332907.557030,-0.64000,0.62000,0.02000,23.94000,1.66310,0.00070
1774332907.557030,-0.63000,0.61000,0.01000,23.94000,1.72590,0.00070
1774332907.557030,-0.60000,0.60000,0.00000,23.94000,1.78880,0.00070
1774332907.584409,-0.59000,0.59000,0.00000,23.94000,1.85160,0.00070
1774332907.584409,-0.55000,0.57000,-0.01000,23.94000,1.91440,0.00070
1774332907.584409,-0.51000,0.53000,-0.02000,23.94000,1.97730,0.00070
1774332907.584409,-0.45000,0.49000,-0.04000,23.94000,2.04010,0.00070
1774332907.584409,-0.34000,0.50000,-0.16000,23.94000,2.10290,0.00070
1774332907.584409,-0.23000,0.51000,-0.27000,23.96000,2.16580,0.00070
1774332907.584409,-0.12000,0.50000,-0.38000,23.96000,2.22860,0.00070
1774332907.584409,-0.06000,0.51000,-0.45000,23.94000,2.29140,0.00070
1774332907.584409,-0.04000,0.54000,-0.50000,23.94000,2.35430,0.00070
1774332907.584409,-0.03000,0.57000,-0.53000,23.94000,2.41710,0.00070
1774332907.584409,-0.02000,0.59000,-0.57000,23.94000,2.47990,0.00070
1774332907.584409,-0.01000,0.61000,-0.60000,23.96000,2.54280,0.00070
1774332907.584409,-0.01000,0.62000,-0.61000,23.94000,2.60560,0.00070
1774332907.584409,0.00000,0.63000,-0.62000,23.94000,2.66840,0.00070
1774332907.584409,0.00000,0.62000,-0.61000,23.94000,2.73130,0.00070
1774332907.584409,0.00000,0.62000,-0.62000,23.94000,2.79410,0.00070
1774332907.585442,0.00000,0.60000,-0.60000,23.93000,2.85690,0.00070
1774332907.585442,0.00000,0.56000,-0.57000,23.94000,2.91980,0.00070
1774332907.585442,0.00000,0.52000,-0.53000,23.94000,2.98260,0.00070
1774332907.585442,0.02000,0.47000,-0.50000,23.96000,3.04540,0.00070
1774332907.585442,0.09000,0.39000,-0.49000,23.94000,3.10830,0.00070
1774332907.585442,0.20000,0.28000,-0.48000,23.94000,3.17110,0.00070
1774332907.585442,0.28000,0.17000,-0.46000,23.94000,3.23390,0.00070
1774332907.585442,0.35000,0.08000,-0.44000,23.94000,3.29680,0.00070
1774332907.585442,0.36000,0.04000,-0.41000,23.94000,3.35960,0.00070
1774332907.585442,0.37000,0.03000,-0.41000,23.94000,3.42240,0.00070
1774332907.585442,0.37000,0.04000,-0.41000,23.96000,3.48530,0.00070
1774332907.585442,0.40000,0.04000,-0.44000,23.94000,3.54810,0.00070
1774332907.585442,0.44000,0.04000,-0.49000,23.96000,3.61090,0.00070
1774332907.585442,0.48000,0.04000,-0.53000,23.94000,3.67380,0.00070
1774332907.585442,0.51000,0.04000,-0.56000,23.94000,3.73660,0.00070
1774332907.585442,0.54000,0.03000,-0.57000,23.94000,3.79940,0.00070
1774332907.617002,0.55000,0.02000,-0.57000,23.93000,3.86230,0.00070
1774332907.617002,0.54000,0.01000,-0.56000,23.96000,3.92510,0.00070
1774332907.617002,0.54000,0.01000,-0.55000,23.94000,3.98790,0.00070
1774332907.617002,0.53000,0.00000,-0.53000,23.94000,4.05070,0.00070
1774332907.617002,0.50000,0.00000,-0.50000,23.96000,4.11360,0.00070
1774332907.617002,0.49000,-0.01000,-0.47000,23.94000,4.17640,0.00070
1774332907.617002,0.48000,-0.11000,-0.37000,23.94000,4.23920,0.00070
1774332907.617002,0.49000,-0.25000,-0.24000,23.94000,4.30210,0.00070
1774332907.617002,0.50000,-0.37000,-0.12000,23.94000,4.36490,0.00070
1774332907.617002,0.52000,-0.46000,-0.05000,23.96000,4.42770,0.00070
1774332907.617002,0.55000,-0.50000,-0.04000,23.94000,4.49050,0.00070
1774332907.617002,0.59000,-0.56000,-0.03000,23.94000,4.55340,0.00070
1774332907.617002,0.60000,-0.58000,-0.02000,23.96000,4.61620,0.00070
1774332907.617002,0.62000,-0.61000,-0.01000,23.93000,4.67900,0.00070
1774332907.617002,0.63000,-0.62000,0.00000,23.93000,4.74190,0.00070
1774332907.617002,0.65000,-0.64000,0.00000,23.94000,4.80470,0.00070
1774332907.618008,0.64000,-0.63000,0.00000,23.94000,4.86750,0.00070
1774332907.618008,0.63000,-0.62000,0.00000,23.94000,4.93030,0.00070
1774332907.618008,0.61000,-0.60000,0.00000,23.94000,4.99320,0.00070
1774332907.618008,0.56000,-0.56000,0.00000,23.94000,5.05600,0.00070
1774332907.618008,0.50000,-0.53000,0.03000,23.94000,5.11880,0.00070
1774332907.618008,0.39000,-0.51000,0.12000,23.94000,5.18170,0.00070
1774332907.618008,0.26000,-0.53000,0.26000,23.94000,5.24450,0.00070
1774332907.618008,0.15000,-0.53000,0.37000,23.94000,5.30730,0.00070
1774332907.618008,0.06000,-0.52000,0.46000,23.93000,5.37010,0.00070
1774332907.618008,0.04000,-0.54000,0.50000,23.94000,5.43300,0.00070
1774332907.618008,0.02000,-0.55000,0.53000,23.94000,5.49580,0.00070
1774332907.618008,0.02000,-0.58000,0.56000,23.94000,5.55860,0.00070
1774332907.618008,0.01000,-0.60000,0.58000,23.94000,5.62140,0.00070
1774332907.618008,0.02000,-0.61000,0.59000,23.94000,5.68430,0.00070
1774332907.618008,0.01000,-0.62000,0.60000,23.94000,5.74710,0.00070
1774332907.618008,0.01000,-0.63000,0.61000,23.94000,5.80990,0.00070
1774332907.660915,0.01000,-0.61000,0.59000,23.94000,5.87280,0.00070
1774332907.660915,0.01000,-0.61000,0.59000,23.93000,5.93560,0.00070
1774332907.660915,0.00000,-0.58000,0.58000,23.94000,5.99840,0.00070
1774332907.660915,0.00000,-0.55000,0.55000,23.94000,6.06120,0.00070
1774332907.660915,-0.01000,-0.50000,0.52000,23.94000,6.12410,0.00070
1774332907.660915,-0.02000,-0.46000,0.48000,23.96000,6.18690,0.00070
1774332907.660915,-0.06000,-0.40000,0.47000,23.94000,6.24970,0.00070
1774332907.660915,-0.16000,-0.29000,0.46000,23.94000,0.02940,0.00070
1774332907.660915,-0.26000,-0.17000,0.44000,23.94000,0.09220,0.00070
1774332907.660915,-0.35000,-0.07000,0.42000,23.94000,0.15500,0.00070
1774332907.660915,-0.37000,-0.05000,0.43000,23.94000,0.21790,0.00070
1774332907.660915,-0.38000,-0.04000,0.42000,23.94000,0.28070,0.00070
1774332907.660915,-0.38000,-0.03000,0.41000,23.94000,0.34350,0.00070
1774332907.660915,-0.38000,-0.02000,0.41000,23.94000,0.40640,0.00070
1774332907.660915,-0.42000,-0.01000,0.44000,23.94000,0.46920,0.00070
1774332907.660915,-0.44000,-0.02000,0.46000,23.94000,0.53200,0.00070
1774332907.660915,-0.48000,-0.02000,0.50000,23.94000,0.59490,0.00070
1774332907.660915,-0.49000,-0.02000,0.52000,23.94000,0.65770,0.00070
1774332907.660915,-0.51000,-0.02000,0.54000,23.93000,0.72050,0.00070
1774332907.660915,-0.52000,-0.02000,0.54000,23.94000,0.78340,0.00070
1774332907.660915,-0.51000,-0.02000,0.53000,23.94000,0.84620,0.00070
1774332907.660915,-0.50000,-0.02000,0.53000,23.94000,0.90900,0.00070
1774332907.660915,-0.47000,-0.01000,0.49000,23.94000,0.97180,0.00070
1774332907.660915,-0.46000,0.00000,0.46000,23.94000,1.03470,0.00070
1774332907.660915,-0.45000,0.05000,0.40000,23.94000,1.09750,0.00070
1774332907.660915,-0.47000,0.15000,0.31000,23.94000,1.16030,0.00070
1774332907.660915,-0.49000,0.27000,0.22000,23.94000,1.22320,0.00070
1774332907.660915,-0.52000,0.40000,0.11000,23.94000,1.28600,0.00070
1774332907.660915,-0.55000,0.50000,0.05000,23.94000,1.34880,0.00070
1774332907.660915,-0.61000,0.56000,0.04000,23.96000,1.41170,0.00070
1774332907.660915,-0.62000,0.58000,0.03000,23.94000,1.47450,0.00070
1774332907.660915,-0.66000,0.63000,0.03000,23.94000,1.53730,0.00070
1774332907.673914,-0.66000,0.63000,0.03000,23.94000,1.60020,0.00070
1774332907.673914,-0.67000,0.65000,0.02000,23.94000,1.66300,0.00070
1774332907.673914,-0.65000,0.63000,0.01000,23.94000,1.72580,0.00070
1774332907.673914,-0.62000,0.62000,0.00000,23.93000,1.78870,0.00070
1774332907.673914,-0.58000,0.60000,-0.01000,23.94000,1.85150,0.00070
1774332907.673914,-0.53000,0.56000,-0.03000,23.94000,1.91430,0.00070
1774332907.673914,-0.47000,0.52000,-0.05000,23.94000,1.97720,0.00070
1774332907.673914,-0.36000,0.52000,-0.15000,23.94000,2.04000,0.00070
1774332907.673914,-0.25000,0.52000,-0.27000,23.94000,2.10280,0.00070
1774332907.673914,-0.15000,0.52000,-0.36000,23.93000,2.16570,0.00070
1774332907.674917,-0.06000,0.51000,-0.44000,23.94000,2.22850,0.00070
1774332907.674917,-0.06000,0.53000,-0.47000,23.94000,2.29130,0.00070
1774332907.674917,-0.03000,0.55000,-0.51000,23.94000,2.35420,0.00070
1774332907.674917,-0.03000,0.56000,-0.53000,23.94000,2.41700,0.00070
1774332907.674917,-0.01000,0.57000,-0.56000,23.93000,2.47980,0.00070
1774332907.674917,-0.02000,0.59000,-0.57000,23.94000,2.54270,0.00070
1774332907.694923,0.00000,0.59000,-0.58000,23.94000,2.60550,0.00070
1774332907.694923,-0.01000,0.61000,-0.59000,23.94000,2.66830,0.00070
1774332907.694923,-0.01000,0.61000,-0.59000,23.96000,2.73120,0.00070
1774332907.694923,0.00000,0.61000,-0.61000,23.94000,2.79400,0.00070
1774332907.694923,0.00000,0.59000,-0.59000,23.93000,2.85680,0.00070
1774332907.694923,0.01000,0.56000,-0.57000,23.94000,2.91970,0.00070
1774332907.694923,0.00000,0.52000,-0.53000,23.94000,2.98250,0.00070
1774332907.694923,0.03000,0.47000,-0.50000,23.94000,3.04530,0.00070
1774332907.694923,0.11000,0.38000,-0.50000,23.94000,3.10820,0.00070
1774332907.694923,0.22000,0.27000,-0.50000,23.96000,3.17100,0.00070
1774332907.694923,0.32000,0.15000,-0.48000,23.94000,3.23380,0.00070
1774332907.694923,0.40000,0.05000,-0.46000,23.94000,3.29670,0.00070
1774332907.694923,0.43000,0.02000,-0.46000,23.94000,3.35950,0.00070
1774332907.694923,0.44000,0.02000,-0.46000,23.94000,3.42230,0.00070
1774332907.694923,0.42000,0.02000,-0.45000,23.94000,3.48520,0.00070
1774332907.694923,0.41000,0.03000,-0.44000,23.93000,3.54800,0.00070
1774332907.699956,0.41000,0.03000,-0.44000,23.96000,3.61080,0.00070
1774332907.699956,0.42000,0.04000,-0.46000,23.94000,3.67370,0.00070
1774332907.699956,0.44000,0.03000,-0.48000,23.93000,3.73650,0.00070
1774332907.699956,0.46000,0.03000,-0.49000,23.94000,3.79930,0.00070
1774332907.699956,0.48000,0.03000,-0.51000,23.94000,3.86220,0.00070
1774332907.699956,0.51000,0.01000,-0.52000,23.94000,3.92500,0.00070
1774332907.699956,0.50000,0.00000,-0.51000,23.94000,3.98780,0.00070
1774332907.699956,0.49000,0.00000,-0.48000,23.94000,4.05070,0.00070
1774332907.699956,0.46000,-0.01000,-0.44000,23.94000,4.11350,0.00070
1774332907.699956,0.44000,-0.02000,-0.41000,23.96000,4.17630,0.00070
1774332907.699956,0.42000,-0.06000,-0.35000,23.94000,4.23910,0.00070
1774332907.699956,0.42000,-0.15000,-0.27000,23.94000,4.30200,0.00070
1774332907.699956,0.43000,-0.25000,-0.18000,23.96000,4.36480,0.00070
1774332907.699956,0.44000,-0.35000,-0.09000,23.94000,4.42760,0.00070
1774332907.699956,0.50000,-0.43000,-0.06000,23.94000,4.49040,0.00070
1774332907.699956,0.56000,-0.50000,-0.05000,23.94000,4.55330,0.00070
1774332907.736227,0.60000,-0.55000,-0.04000,23.93000,4.61610,0.00070
1774332907.736227,0.65000,-0.62000,-0.03000,23.93000,4.67890,0.00070
1774332907.737196,0.67000,-0.64000,-0.02000,23.94000,4.74180,0.00070
1774332907.737196,0.69000,-0.67000,-0.02000,23.94000,4.80460,0.00070
1774332907.737196,0.69000,-0.67000,-0.01000,23.94000,4.86740,0.00070
1774332907.737196,0.66000,-0.65000,-0.01000,23.93000,4.93020,0.00070
1774332907.737196,0.62000,-0.63000,0.00000,23.94000,4.99310,0.00070
1774332907.737196,0.54000,-0.55000,0.01000,23.94000,5.05590,0.00070
1774332907.737196,0.44000,-0.51000,0.07000,23.94000,5.11870,0.00070
1774332907.737196,0.30000,-0.52000,0.22000,23.93000,5.18160,0.00070
1774332907.737196,0.18000,-0.53000,0.35000,23.94000,5.24440,0.00070
1774332907.737196,0.09000,-0.53000,0.44000,23.94000,5.30720,0.00070
1774332907.737196,0.04000,-0.54000,0.49000,23.94000,5.37000,0.00070
1774332907.737196,0.03000,-0.54000,0.51000,23.94000,5.43290,0.00070
1774332907.737196,0.01000,-0.55000,0.53000,23.94000,5.49570,0.00070
1774332907.737196,0.02000,-0.57000,0.55000,23.94000,5.55850,0.00070
1774332907.737196,0.02000,-0.59000,0.57000,23.96000,5.62140,0.00070
1774332907.737196,0.02000,-0.61000,0.59000,23.94000,5.68420,0.00070
1774332907.737196,0.02000,-0.62000,0.60000,23.93000,5.74700,0.00070
1774332907.737196,0.01000,-0.63000,0.61000,23.94000,5.80980,0.00070
1774332907.737196,0.01000,-0.61000,0.60000,23.94000,5.87270,0.00070
1774332907.737196,0.00000,-0.61000,0.60000,23.96000,5.93550,0.00070
1774332907.737196,0.00000,-0.58000,0.58000,23.94000,5.99830,0.00070
1774332907.737196,0.00000,-0.55000,0.56000,23.94000,6.06120,0.00070
1774332907.737196,-0.01000,-0.51000,0.53000,23.94000,6.12400,0.00070
1774332907.737196,-0.02000,-0.47000,0.50000,23.94000,6.18680,0.00070
1774332907.737196,-0.10000,-0.38000,0.49000,23.96000,6.24960,0.00070
1774332907.737196,-0.21000,-0.27000,0.49000,23.94000,0.02930,0.00070
1774332907.737196,-0.32000,-0.15000,0.47000,23.94000,0.09210,0.00070
1774332907.737196,-0.40000,-0.05000,0.46000,23.94000,0.15490,0.00070
1774332907.737196,-0.43000,-0.04000,0.47000,23.94000,0.21780,0.00070
1774332907.737196,-0.44000,-0.03000,0.47000,23.94000,0.28060,0.00070
1774332907.748191,-0.45000,-0.01000,0.46000,23.94000,0.34340,0.00070
1774332907.748191,-0.43000,-0.01000,0.45000,23.94000,0.40630,0.00070
1774332907.748191,-0.41000,0.00000,0.42000,23.94000,0.46910,0.00070
1774332907.748191,-0.38000,-0.01000,0.40000,23.93000,0.53190,0.00070
1774332907.748191,-0.38000,-0.01000,0.40000,23.94000,0.59480,0.00070
1774332907.748191,-0.39000,-0.02000,0.42000,23.96000,0.65760,0.00070
1774332907.748191,-0.42000,-0.02000,0.45000,23.93000,0.72040,0.00070
1774332907.748191,-0.45000,-0.02000,0.47000,23.94000,0.78330,0.00070
1774332907.748191,-0.46000,-0.02000,0.48000,23.94000,0.84610,0.00070
1774332907.748191,-0.45000,-0.02000,0.47000,23.94000,0.90890,0.00070
1774332907.748191,-0.43000,-0.01000,0.44000,23.94000,0.97180,0.00070
1774332907.748191,-0.41000,0.01000,0.40000,23.94000,1.03460,0.00070
1774332907.748191,-0.40000,0.05000,0.34000,23.96000,1.09740,0.00070
1774332907.748191,-0.40000,0.14000,0.25000,23.94000,1.16030,0.00070
1774332907.748191,-0.40000,0.24000,0.16000,23.93000,1.22310,0.00070
1774332907.748191,-0.42000,0.34000,0.07000,23.94000,1.28590,0.00070
1774332907.761712,-0.46000,0.41000,0.05000,23.94000,1.34880,0.00070
1774332907.761712,-0.53000,0.47000,0.05000,23.96000,1.41160,0.00070
1774332907.761712,-0.57000,0.52000,0.05000,23.94000,1.47440,0.00070
1774332907.761712,-0.63000,0.59000,0.04000,23.93000,1.53720,0.00070
1774332907.761712,-0.66000,0.61000,0.04000,23.94000,1.60010,0.00070
1774332907.761712,-0.68000,0.64000,0.03000,23.94000,1.66290,0.00070
1774332907.761712,-0.68000,0.65000,0.03000,23.96000,1.72570,0.00070
1774332907.761712,-0.67000,0.66000,0.01000,23.94000,1.78860,0.00070
1774332907.761712,-0.66000,0.66000,0.00000,23.94000,1.85140,0.00070
1774332907.761712,-0.61000,0.62000,-0.01000,23.94000,1.91420,0.00070
1774332907.761712,-0.54000,0.57000,-0.03000,23.94000,1.97710,0.00070
1774332907.761712,-0.45000,0.53000,-0.08000,23.94000,2.03990,0.00070
1774332907.761712,-0.31000,0.53000,-0.22000,23.94000,2.10270,0.00070
1774332907.761712,-0.20000,0.53000,-0.33000,23.93000,2.16560,0.00070
1774332907.761712,-0.09000,0.53000,-0.43000,23.94000,2.22840,0.00070
1774332907.761712,-0.05000,0.55000,-0.49000,23.94000,2.29120,0.00070
1774332907.779749,-0.04000,0.57000,-0.53000,23.94000,2.35410,0.00070
1774332907.779749,-0.03000,0.60000,-0.57000,23.96000,2.41690,0.00070
1774332907.779749,-0.01000,0.62000,-0.60000,23.93000,2.47970,0.00070
1774332907.779749,0.00000,0.64000,-0.64000,23.93000,2.54260,0.00070
1774332907.779749,0.00000,0.64000,-0.65000,23.94000,2.60540,0.00070
1774332907.779749,0.00000,0.65000,-0.65000,23.94000,2.66820,0.00070
1774332907.779749,0.01000,0.63000,-0.64000,23.94000,2.73110,0.00070
1774332907.779749,0.01000,0.62000,-0.64000,23.94000,2.79390,0.00070
1774332907.779749,0.01000,0.60000,-0.61000,23.94000,2.85670,0.00070
1774332907.779749,0.02000,0.57000,-0.59000,23.96000,2.91960,0.00070
1774332907.779749,0.03000,0.52000,-0.56000,23.94000,2.98240,0.00070
1774332907.779749,0.08000,0.46000,-0.54000,23.94000,3.04520,0.00070
1774332907.779749,0.18000,0.36000,-0.55000,23.94000,3.10810,0.00070
1774332907.779749,0.28000,0.25000,-0.53000,23.96000,3.17090,0.00070
1774332907.779749,0.36000,0.14000,-0.50000,23.96000,3.23370,0.00070
1774332907.779749,0.43000,0.05000,-0.48000,23.94000,3.29660,0.00070
1774332907.816383,0.45000,0.02000,-0.47000,23.94000,3.35940,0.00070
1774332907.816383,0.46000,0.02000,-0.48000,23.94000,3.42220,0.00070
1774332907.816383,0.47000,0.01000,-0.49000,23.94000,3.48510,0.00070
1774332907.816383,0.47000,0.02000,-0.49000,23.94000,3.54790,0.00070
1774332907.816383,0.48000,0.02000,-0.50000,23.96000,3.61070,0.00070
1774332907.816383,0.46000,0.02000,-0.48000,23.94000,3.67360,0.00070
1774332907.816383,0.44000,0.02000,-0.46000,23.94000,3.73640,0.00070
1774332907.816383,0.40000,0.02000,-0.42000,23.94000,3.79920,0.00070
1774332907.816383,0.40000,0.01000,-0.42000,23.94000,3.86210,0.00070
1774332907.816383,0.39000,0.01000,-0.41000,23.94000,3.92490,0.00070
1774332907.816383,0.40000,0.00000,-0.40000,23.94000,3.98770,0.00070
1774332907.816383,0.39000,0.00000,-0.40000,23.94000,4.05060,0.00070
1774332907.816383,0.38000,0.00000,-0.38000,23.94000,4.11340,0.00070
1774332907.816383,0.37000,-0.01000,-0.35000,23.94000,4.17620,0.00070
1774332907.816383,0.37000,-0.08000,-0.28000,23.96000,4.23900,0.00070
1774332907.816383,0.37000,-0.18000,-0.18000,23.94000,4.30190,0.00070
1774332907.816383,0.36000,-0.26000,-0.09000,23.96000,4.36470,0.00070
1774332907.816383,0.37000,-0.30000,-0.06000,23.94000,4.42750,0.00070
1774332907.816383,0.39000,-0.33000,-0.05000,23.96000,4.49040,0.00070
1774332907.816383,0.43000,-0.38000,-0.05000,23.94000,4.55320,0.00070
1774332907.816383,0.48000,-0.43000,-0.05000,23.94000,4.61600,0.00070
1774332907.816383,0.54000,-0.50000,-0.04000,23.94000,4.67880,0.00070
1774332907.816383,0.59000,-0.56000,-0.03000,23.96000,4.74170,0.00070
1774332907.816383,0.63000,-0.60000,-0.03000,23.93000,4.80450,0.00070
1774332907.816383,0.65000,-0.62000,-0.02000,23.94000,4.86730,0.00070
1774332907.816383,0.67000,-0.64000,-0.02000,23.94000,4.93020,0.00070
1774332907.816383,0.66000,-0.64000,-0.02000,23.94000,4.99300,0.00070
1774332907.817386,0.62000,-0.61000,0.00000,23.94000,5.05580,0.00070
1774332907.817386,0.57000,-0.57000,0.00000,23.94000,5.11860,0.00070
1774332907.817386,0.47000,-0.54000,0.06000,23.94000,5.18150,0.00070
1774332907.817386,0.33000,-0.53000,0.20000,23.94000,5.24430,0.00070
1774332907.817386,0.20000,-0.53000,0.33000,23.96000,5.30710,0.00070
1774332907.843364,0.09000,-0.53000,0.43000,23.94000,5.36990,0.00070
1774332907.843364,0.05000,-0.55000,0.49000,23.94000,5.43280,0.00070
1774332907.843364,0.03000,-0.57000,0.53000,23.93000,5.49560,0.00070
1774332907.843364,0.03000,-0.60000,0.57000,23.94000,5.55840,0.00070
1774332907.843364,0.03000,-0.63000,0.59000,23.96000,5.62130,0.00070
1774332907.843364,0.02000,-0.65000,0.62000,23.94000,5.68410,0.00070
1774332907.843364,0.02000,-0.66000,0.63000,23.94000,5.74690,0.00070
1774332907.843364,0.02000,-0.66000,0.64000,23.94000,5.80970,0.00070
1774332907.843364,0.01000,-0.65000,0.63000,23.94000,5.87260,0.00070
1774332907.843364,0.01000,-0.64000,0.63000,23.94000,5.93540,0.00070
1774332907.843364,0.00000,-0.62000,0.61000,23.94000,5.99820,0.00070
1774332907.843364,0.00000,-0.58000,0.58000,23.94000,6.06110,0.00070
1774332907.843364,0.00000,-0.55000,0.56000,23.94000,6.12390,0.00070
1774332907.843364,0.00000,-0.51000,0.52000,23.96000,6.18670,0.00070
1774332907.843364,-0.03000,-0.45000,0.48000,23.94000,6.24950,0.00070
1774332907.843364,-0.13000,-0.35000,0.48000,23.94000,0.02920,0.00070
1774332907.852357,-0.25000,-0.22000,0.48000,23.96000,0.09200,0.00070
1774332907.852357,-0.37000,-0.10000,0.47000,23.94000,0.15480,0.00070
1774332907.852357,-0.44000,-0.05000,0.49000,23.93000,0.21770,0.00070
1774332907.852357,-0.48000,-0.03000,0.52000,23.96000,0.28050,0.00070
1774332907.852357,-0.51000,-0.02000,0.53000,23.94000,0.34330,0.00070
1774332907.852357,-0.54000,-0.01000,0.55000,23.94000,0.40620,0.00070
1774332907.852357,-0.57000,0.00000,0.57000,23.94000,0.46900,0.00070
1774332907.852357,-0.58000,0.00000,0.58000,23.93000,0.53180,0.00070
1774332907.852357,-0.58000,0.00000,0.58000,23.94000,0.59470,0.00070
1774332907.852357,-0.56000,0.00000,0.57000,23.94000,0.65750,0.00070
1774332907.852357,-0.56000,0.00000,0.56000,23.94000,0.72030,0.00070
1774332907.852357,-0.54000,0.00000,0.54000,23.94000,0.78320,0.00070
1774332907.852357,-0.52000,0.00000,0.52000,23.94000,0.84600,0.00070
1774332907.852357,-0.49000,0.00000,0.48000,23.94000,0.90880,0.00070
1774332907.852357,-0.46000,0.03000,0.42000,23.94000,0.97170,0.00070
1774332907.852357,-0.45000,0.10000,0.34000,23.94000,1.03450,0.00070
1774332907.860361,-0.45000,0.20000,0.24000,23.96000,1.09730,0.00070
1774332907.860361,-0.42000,0.28000,0.14000,23.94000,1.16020,0.00070
1774332907.860361,-0.40000,0.33000,0.06000,23.96000,1.22300,0.00070
1774332907.860361,-0.39000,0.35000,0.04000,23.94000,1.28580,0.00070
1774332907.860361,-0.41000,0.37000,0.04000,23.96000,1.34870,0.00070
1774332907.860361,-0.45000,0.40000,0.04000,23.94000,1.41150,0.00070
1774332907.860361,-0.49000,0.44000,0.04000,23.94000,1.47430,0.00070
1774332907.860361,-0.54000,0.50000,0.04000,23.94000,1.53720,0.00070
1774332907.860361,-0.58000,0.54000,0.04000,23.93000,1.60000,0.00070
1774332907.860361,-0.62000,0.58000,0.03000,23.94000,1.66280,0.00070
1774332907.860361,-0.61000,0.58000,0.02000,23.94000,1.72570,0.00070
1774332907.860361,-0.61000,0.59000,0.01000,23.94000,1.78850,0.00070
1774332907.860361,-0.60000,0.60000,0.00000,23.94000,1.85130,0.00070
1774332907.860361,-0.57000,0.57000,0.00000,23.94000,1.91420,0.00070
1774332907.860361,-0.54000,0.56000,-0.01000,23.94000,1.97700,0.00070
1774332907.860361,-0.49000,0.52000,-0.02000,23.96000,2.03980,0.00070
1774332907.874361,-0.38000,0.51000,-0.13000,23.94000,2.10270,0.00070
1774332907.874361,-0.24000,0.51000,-0.27000,23.94000,2.16550,0.00070
1774332907.874361,-0.12000,0.51000,-0.39000,23.93000,2.22830,0.00070
1774332907.874361,-0.06000,0.52000,-0.46000,23.93000,2.29110,0.00070
1774332907.874361,-0.05000,0.56000,-0.51000,23.96000,2.35400,0.00070
1774332907.874361,-0.03000,0.58000,-0.55000,23.94000,2.41680,0.00070
1774332907.874361,-0.02000,0.61000,-0.58000,23.94000,2.47960,0.00070
1774332907.874361,-0.01000,0.62000,-0.61000,23.94000,2.54250,0.00070
1774332907.874361,-0.01000,0.64000,-0.63000,23.93000,2.60530,0.00070
1774332907.874361,-0.01000,0.64000,-0.63000,23.94000,2.66810,0.00070
1774332907.874361,-0.01000,0.64000,-0.62000,23.94000,2.73100,0.00070
1774332907.874361,0.00000,0.63000,-0.63000,23.94000,2.79380,0.00070
1774332907.874361,0.00000,0.61000,-0.60000,23.96000,2.85660,0.00070
1774332907.874361,0.00000,0.57000,-0.57000,23.94000,2.91950,0.00070
1774332907.874361,0.00000,0.54000,-0.54000,23.94000,2.98230,0.00070
1774332907.874361,0.00000,0.49000,-0.50000,23.94000,3.04510,0.00070
1774332907.893404,0.03000,0.44000,-0.48000,23.94000,3.10800,0.00070
1774332907.893404,0.12000,0.34000,-0.47000,23.94000,3.17080,0.00070
1774332907.893404,0.22000,0.24000,-0.46000,23.94000,3.23360,0.00070
1774332907.893404,0.32000,0.13000,-0.46000,23.94000,3.29650,0.00070
1774332907.893404,0.39000,0.06000,-0.45000,23.94000,3.35930,0.00070
1774332907.893404,0.43000,0.04000,-0.47000,23.96000,3.42210,0.00070
1774332907.893404,0.45000,0.04000,-0.50000,23.94000,3.48500,0.00070
1774332907.893404,0.49000,0.04000,-0.53000,23.93000,3.54780,0.00070
1774332907.893404,0.52000,0.04000,-0.57000,23.94000,3.61060,0.00070
1774332907.893404,0.56000,0.04000,-0.61000,23.94000,3.67350,0.00070
1774332907.893404,0.58000,0.03000,-0.62000,23.94000,3.73630,0.00070
1774332907.893404,0.58000,0.02000,-0.61000,23.94000,3.79910,0.00070
1774332907.893404,0.58000,0.01000,-0.59000,23.94000,3.86200,0.00070
1774332907.893404,0.57000,0.00000,-0.58000,23.94000,3.92480,0.00070
1774332907.893404,0.55000,0.00000,-0.54000,23.94000,3.98760,0.00070
1774332907.893404,0.52000,-0.01000,-0.51000,23.94000,4.05050,0.00070
1774332907.935989,0.49000,-0.02000,-0.46000,23.94000,4.11330,0.00070
1774332907.935989,0.47000,-0.06000,-0.40000,23.94000,4.17610,0.00070
1774332907.935989,0.47000,-0.17000,-0.29000,23.94000,4.23890,0.00070
1774332907.935989,0.47000,-0.28000,-0.19000,23.94000,4.30180,0.00070
1774332907.936994,0.47000,-0.37000,-0.09000,23.94000,4.36460,0.00070
1774332907.936994,0.49000,-0.43000,-0.05000,23.94000,4.42740,0.00070
1774332907.936994,0.53000,-0.47000,-0.05000,23.94000,4.49030,0.00070
1774332907.936994,0.57000,-0.53000,-0.04000,23.94000,4.55310,0.00070
1774332907.936994,0.58000,-0.56000,-0.02000,23.93000,4.61590,0.00070
1774332907.936994,0.61000,-0.60000,-0.01000,23.96000,4.67870,0.00070
1774332907.936994,0.63000,-0.62000,0.00000,23.93000,4.74160,0.00070
1774332907.936994,0.64000,-0.63000,0.00000,23.94000,4.80440,0.00070
1774332907.936994,0.61000,-0.61000,0.00000,23.94000,4.86720,0.00070
1774332907.936994,0.61000,-0.60000,0.00000,23.94000,4.93010,0.00070
1774332907.936994,0.57000,-0.57000,0.00000,23.96000,4.99290,0.00070
1774332907.936994,0.55000,-0.55000,0.00000,23.94000,5.05570,0.00070
1774332907.936994,0.52000,-0.53000,0.01000,23.94000,5.11850,0.00070
1774332907.936994,0.45000,-0.50000,0.04000,23.94000,5.18140,0.00070
1774332907.936994,0.34000,-0.50000,0.16000,23.93000,5.24420,0.00070
1774332907.936994,0.22000,-0.50000,0.28000,23.94000,5.30700,0.00070
1774332907.936994,0.11000,-0.50000,0.38000,23.94000,5.36990,0.00070
1774332907.936994,0.04000,-0.51000,0.46000,23.94000,5.43270,0.00070
1774332907.936994,0.03000,-0.54000,0.50000,23.94000,5.49550,0.00070
1774332907.936994,0.03000,-0.57000,0.53000,23.94000,5.55830,0.00070
1774332907.936994,0.03000,-0.60000,0.57000,23.94000,5.62120,0.00070
1774332907.936994,0.03000,-0.61000,0.58000,23.94000,5.68400,0.00070
1774332907.936994,0.02000,-0.62000,0.60000,23.94000,5.74680,0.00070
1774332907.936994,0.02000,-0.64000,0.61000,23.94000,5.80970,0.00070
1774332907.936994,0.02000,-0.63000,0.61000,23.98000,5.87250,0.00070
1774332907.936994,0.00000,-0.62000,0.61000,23.94000,5.93530,0.00070
1774332907.936994,0.00000,-0.59000,0.59000,23.94000,5.99810,0.00070
1774332907.936994,-0.01000,-0.55000,0.57000,23.94000,6.06100,0.00070
1774332907.937992,-0.01000,-0.52000,0.54000,23.94000,6.12380,0.00070
1774332907.937992,-0.02000,-0.47000,0.50000,23.96000,6.18660,0.00070
1774332907.937992,-0.08000,-0.40000,0.48000,23.94000,6.24940,0.00070
1774332907.937992,-0.18000,-0.29000,0.48000,23.94000,0.02910,0.00070
1774332907.937992,-0.26000,-0.19000,0.46000,23.96000,0.09190,0.00070
1774332907.937992,-0.34000,-0.09000,0.43000,23.96000,0.15480,0.00070
1774332907.937992,-0.36000,-0.06000,0.42000,23.94000,0.21760,0.00070
1774332907.937992,-0.36000,-0.05000,0.41000,23.94000,0.28040,0.00070
1774332907.937992,-0.38000,-0.04000,0.43000,23.94000,0.34330,0.00070
1774332907.937992,-0.43000,-0.03000,0.46000,23.94000,0.40610,0.00070
1774332907.937992,-0.47000,-0.02000,0.50000,23.93000,0.46890,0.00070
1774332907.937992,-0.51000,-0.02000,0.53000,23.94000,0.53170,0.00070
1774332907.937992,-0.53000,-0.02000,0.56000,23.94000,0.59460,0.00070
1774332907.937992,-0.55000,-0.02000,0.57000,23.93000,0.65740,0.00070
1774332907.937992,-0.55000,-0.02000,0.58000,23.93000,0.72020,0.00070
1774332907.937992,-0.55000,-0.02000,0.58000,23.94000,0.78310,0.00070
1774332907.953952,-0.55000,-0.02000,0.58000,23.93000,0.84590,0.00070
1774332907.953952,-0.53000,-0.02000,0.56000,23.94000,0.90870,0.00070
1774332907.953952,-0.51000,-0.01000,0.53000,23.96000,0.97160,0.00070
1774332907.953952,-0.49000,0.02000,0.47000,23.94000,1.03440,0.00070
1774332907.953952,-0.49000,0.13000,0.36000,23.94000,1.09720,0.00070
1774332907.953952,-0.50000,0.27000,0.23000,23.93000,1.16010,0.00070
1774332907.953952,-0.50000,0.38000,0.12000,23.94000,1.22290,0.00070
1774332907.953952,-0.52000,0.47000,0.04000,23.94000,1.28570,0.00070
1774332907.953952,-0.55000,0.51000,0.04000,23.94000,1.34860,0.00070
1774332907.953952,-0.60000,0.56000,0.03000,23.94000,1.41140,0.00070
1774332907.953952,-0.62000,0.58000,0.03000,23.94000,1.47420,0.00070
1774332907.953952,-0.64000,0.61000,0.03000,23.93000,1.53710,0.00070
1774332907.953952,-0.65000,0.62000,0.03000,23.94000,1.59990,0.00070
1774332907.953952,-0.64000,0.62000,0.01000,23.94000,1.66270,0.00070
1774332907.953952,-0.64000,0.62000,0.01000,23.94000,1.72560,0.00070
1774332907.953952,-0.62000,0.61000,0.00000,23.93000,1.78840,0.00070
1774332907.969952,-0.59000,0.60000,0.00000,23.94000,1.85120,0.00070
1774332907.969952,-0.56000,0.57000,-0.01000,23.94000,1.91410,0.00070
1774332907.969952,-0.50000,0.53000,-0.03000,23.94000,1.97690,0.00070
1774332907.969952,-0.42000,0.51000,-0.08000,23.94000,2.03970,0.00070
1774332907.969952,-0.28000,0.51000,-0.23000,23.94000,2.10260,0.00070
1774332907.969952,-0.17000,0.51000,-0.34000,23.94000,2.16540,0.00070
1774332907.969952,-0.07000,0.51000,-0.44000,23.94000,2.22820,0.00070
1774332907.969952,-0.04000,0.54000,-0.49000,23.94000,2.29110,0.00070
1774332907.969952,-0.03000,0.56000,-0.53000,23.94000,2.35390,0.00070
1774332907.969952,-0.02000,0.58000,-0.55000,23.94000,2.41670,0.00070
1774332907.969952,-0.01000,0.60000,-0.59000,23.94000,2.47960,0.00070
1774332907.969952,0.00000,0.60000,-0.60000,23.94000,2.54240,0.00070
1774332907.969952,0.00000,0.61000,-0.61000,23.94000,2.60520,0.00070
1774332907.969952,0.00000,0.61000,-0.61000,23.94000,2.66810,0.00070
1774332907.969952,0.00000,0.60000,-0.60000,23.94000,2.73090,0.00070
1774332907.969952,0.00000,0.60000,-0.60000,23.94000,2.79370,0.00070
1774332907.997071,0.00000,0.58000,-0.57000,23.96000,2.85660,0.00070
1774332907.997071,0.00000,0.54000,-0.54000,23.94000,2.91940,0.00070
1774332907.997071,0.00000,0.51000,-0.52000,23.94000,2.98220,0.00070
1774332907.997071,0.02000,0.46000,-0.48000,23.94000,3.04500,0.00070
1774332907.997071,0.06000,0.39000,-0.46000,23.94000,3.10790,0.00070
1774332907.997071,0.16000,0.29000,-0.46000,23.96000,3.17070,0.00070
1774332907.997071,0.26000,0.18000,-0.44000,23.94000,3.23350,0.00070
1774332907.997071,0.35000,0.07000,-0.43000,23.94000,3.29640,0.00070
1774332907.997071,0.38000,0.04000,-0.42000,23.94000,3.35920,0.00070
1774332907.997071,0.38000,0.03000,-0.42000,23.94000,3.42200,0.00070
1774332907.997071,0.38000,0.03000,-0.41000,23.94000,3.48490,0.00070
1774332907.997071,0.38000,0.04000,-0.42000,23.94000,3.54770,0.00070
1774332907.997071,0.41000,0.03000,-0.45000,23.93000,3.61050,0.00070
1774332907.997071,0.44000,0.04000,-0.48000,23.94000,3.67340,0.00070
1774332907.997071,0.47000,0.04000,-0.52000,23.96000,3.73620,0.00070
1774332907.997071,0.49000,0.03000,-0.53000,23.94000,3.79900,0.00070
1774332908.014054,0.51000,0.03000,-0.54000,23.94000,3.86190,0.00070
1774332908.014054,0.52000,0.02000,-0.55000,23.96000,3.92470,0.00070
1774332908.014054,0.53000,0.01000,-0.54000,23.94000,3.98750,0.00070
1774332908.014054,0.51000,0.00000,-0.52000,23.94000,4.05040,0.00070
1774332908.014054,0.49000,0.00000,-0.49000,23.94000,4.11320,0.00070
1774332908.014054,0.47000,-0.01000,-0.46000,23.93000,4.17600,0.00070
1774332908.014054,0.46000,-0.05000,-0.41000,23.94000,4.23890,0.00070
1774332908.014054,0.48000,-0.16000,-0.31000,23.94000,4.30170,0.00070
1774332908.014054,0.50000,-0.28000,-0.22000,23.96000,4.36450,0.00070
1774332908.014054,0.52000,-0.41000,-0.10000,23.94000,4.42730,0.00070
1774332908.014054,0.57000,-0.51000,-0.06000,23.94000,4.49020,0.00070
1774332908.014054,0.60000,-0.56000,-0.03000,23.94000,4.55300,0.00070
1774332908.014054,0.62000,-0.59000,-0.02000,23.93000,4.61580,0.00070
1774332908.014054,0.64000,-0.63000,-0.01000,23.94000,4.67870,0.00070
1774332908.014054,0.65000,-0.64000,0.00000,23.94000,4.74150,0.00070
1774332908.014054,0.66000,-0.65000,0.00000,23.94000,4.80430,0.00070
1774332908.031054,0.64000,-0.64000,0.00000,23.94000,4.86710,0.00070
1774332908.031054,0.62000,-0.62000,0.00000,23.94000,4.93000,0.00070
1774332908.031054,0.59000,-0.60000,0.01000,23.94000,4.99280,0.00070
1774332908.031054,0.54000,-0.56000,0.01000,23.94000,5.05560,0.00070
1774332908.031054,0.47000,-0.52000,0.04000,23.94000,5.11840,0.00070
1774332908.031054,0.36000,-0.52000,0.15000,23.96000,5.18130,0.00070
1774332908.031054,0.25000,-0.53000,0.27000,23.94000,5.24410,0.00070
1774332908.031054,0.15000,-0.51000,0.36000,23.96000,5.30690,0.00070
1774332908.031054,0.06000,-0.51000,0.45000,23.94000,5.36980,0.00070
1774332908.031054,0.04000,-0.54000,0.49000,23.94000,5.43260,0.00070
1774332908.031054,0.02000,-0.55000,0.52000,23.94000,5.49540,0.00070
1774332908.031054,0.02000,-0.57000,0.54000,23.96000,5.55820,0.00070
1774332908.031054,0.02000,-0.58000,0.56000,23.93000,5.62110,0.00070
1774332908.031054,0.02000,-0.59000,0.56000,23.94000,5.68390,0.00070
1774332908.031054,0.04000,-0.61000,0.57000,23.94000,5.74670,0.00070
1774332908.031054,0.02000,-0.61000,0.58000,23.94000,5.80960,0.00070
1774332908.039068,0.01000,-0.61000,0.59000,23.94000,5.87240,0.00070
1774332908.039068,0.02000,-0.61000,0.59000,23.94000,5.93520,0.00070
1774332908.039068,0.01000,-0.59000,0.58000,23.94000,5.99800,0.00070
1774332908.039068,0.00000,-0.55000,0.56000,23.96000,6.06090,0.00070
1774332908.039068,-0.01000,-0.52000,0.53000,23.94000,6.12370,0.00070
1774332908.039068,-0.02000,-0.47000,0.50000,23.96000,6.18650,0.00070
1774332908.039068,-0.08000,-0.40000,0.48000,23.94000,6.24940,0.00070
1774332908.039068,-0.19000,-0.28000,0.48000,23.94000,0.02900,0.00070
1774332908.039068,-0.29000,-0.17000,0.46000,23.94000,0.09180,0.00070
1774332908.039068,-0.38000,-0.06000,0.44000,23.94000,0.15470,0.00070
1774332908.039068,-0.41000,-0.04000,0.45000,23.94000,0.21750,0.00070
1774332908.039068,-0.41000,-0.03000,0.45000,23.94000,0.28030,0.00070
1774332908.039068,-0.41000,-0.03000,0.44000,23.94000,0.34320,0.00070
1774332908.039068,-0.41000,-0.02000,0.43000,23.93000,0.40600,0.00070
1774332908.039068,-0.43000,-0.02000,0.45000,23.94000,0.46880,0.00070
1774332908.039068,-0.45000,-0.02000,0.47000,23.93000,0.53170,0.00070
1774332908.052056,-0.48000,-0.02000,0.51000,23.94000,0.59450,0.00070
1774332908.052056,-0.49000,-0.02000,0.52000,23.94000,0.65730,0.00070
1774332908.052056,-0.52000,-0.02000,0.54000,23.96000,0.72010,0.00070
1774332908.052056,-0.53000,-0.02000,0.55000,23.94000,0.78300,0.00070
1774332908.052056,-0.52000,-0.01000,0.53000,23.94000,0.84580,0.00070
1774332908.052056,-0.49000,-0.01000,0.51000,23.94000,0.90860,0.00070
1774332908.052056,-0.46000,-0.01000,0.48000,23.94000,0.97150,0.00070
1774332908.052056,-0.45000,0.01000,0.44000,23.94000,1.03430,0.00070
1774332908.052056,-0.44000,0.06000,0.38000,23.96000,1.09710,0.00070
1774332908.052056,-0.45000,0.17000,0.28000,23.96000,1.16000,0.00070
1774332908.052056,-0.47000,0.28000,0.18000,23.93000,1.22280,0.00070
1774332908.052056,-0.48000,0.39000,0.09000,23.94000,1.28560,0.00070
1774332908.052056,-0.53000,0.47000,0.05000,23.94000,1.34850,0.00070
1774332908.052056,-0.59000,0.53000,0.05000,23.94000,1.41130,0.00070
1774332908.052056,-0.61000,0.57000,0.04000,23.94000,1.47410,0.00070
1774332908.052056,-0.66000,0.61000,0.04000,23.94000,1.53700,0.00070
1774332908.071090,-0.68000,0.63000,0.04000,23.94000,1.59980,0.00070
1774332908.071090,-0.70000,0.67000,0.03000,23.94000,1.66260,0.00070
1774332908.071090,-0.68000,0.66000,0.02000,23.93000,1.72550,0.00070
1774332908.071090,-0.65000,0.65000,0.00000,23.94000,1.78830,0.00070
1774332908.071090,-0.60000,0.61000,-0.01000,23.94000,1.85110,0.00070
1774332908.071090,-0.52000,0.56000,-0.03000,23.94000,1.91400,0.00070
1774332908.072059,-0.43000,0.51000,-0.08000,23.96000,1.97680,0.00070
1774332908.072059,-0.29000,0.52000,-0.22000,23.94000,2.03960,0.00070
1774332908.072059,-0.19000,0.54000,-0.34000,23.94000,2.10250,0.00070
1774332908.072059,-0.10000,0.53000,-0.42000,23.94000,2.16530,0.00070
1774332908.072059,-0.06000,0.53000,-0.47000,23.94000,2.22810,0.00070
1774332908.072059,-0.04000,0.54000,-0.49000,23.94000,2.29100,0.00070
1774332908.072059,-0.03000,0.55000,-0.52000,23.94000,2.35380,0.00070
1774332908.072059,-0.02000,0.58000,-0.55000,23.94000,2.41660,0.00070
1774332908.072059,-0.01000,0.59000,-0.57000,23.96000,2.47950,0.00070
1774332908.072059,0.00000,0.60000,-0.59000,23.94000,2.54230,0.00070
1774332908.095869,0.00000,0.60000,-0.60000,23.94000,2.60510,0.00070
1774332908.095869,0.00000,0.61000,-0.61000,23.94000,2.66800,0.00070
1774332908.095869,0.00000,0.60000,-0.60000,23.94000,2.73080,0.00070
1774332908.095869,0.00000,0.60000,-0.60000,23.96000,2.79360,0.00070
1774332908.095869,0.00000,0.58000,-0.57000,23.94000,2.85650,0.00070
1774332908.095869,0.00000,0.55000,-0.55000,23.94000,2.91930,0.00070
1774332908.095869,0.01000,0.51000,-0.52000,23.94000,2.98210,0.00070
1774332908.095869,0.03000,0.46000,-0.49000,23.94000,3.04500,0.00070
1774332908.095869,0.09000,0.38000,-0.48000,23.94000,3.10780,0.00070
1774332908.095869,0.20000,0.27000,-0.48000,23.94000,3.17060,0.00070
1774332908.095869,0.30000,0.15000,-0.46000,23.94000,3.23350,0.00070
1774332908.095869,0.39000,0.05000,-0.45000,23.94000,3.29630,0.00070
1774332908.095869,0.43000,0.02000,-0.45000,23.96000,3.35910,0.00070
1774332908.095869,0.45000,0.02000,-0.47000,23.94000,3.42200,0.00070
1774332908.095869,0.44000,0.02000,-0.47000,23.94000,3.48480,0.00070
1774332908.095869,0.43000,0.02000,-0.45000,23.94000,3.54760,0.00070
1774332908.097873,0.41000,0.02000,-0.44000,23.94000,3.61050,0.00070
1774332908.097873,0.37000,0.03000,-0.41000,23.96000,3.67330,0.00070
1774332908.097873,0.38000,0.03000,-0.41000,23.94000,3.73610,0.00070
1774332908.097873,0.39000,0.03000,-0.42000,23.94000,3.79890,0.00070
1774332908.097873,0.42000,0.02000,-0.45000,23.94000,3.86180,0.00070
1774332908.097873,0.45000,0.02000,-0.47000,23.94000,3.92460,0.00070
1774332908.097873,0.46000,0.01000,-0.48000,23.94000,3.98740,0.00070
1774332908.097873,0.46000,0.00000,-0.46000,23.94000,4.05030,0.00070
1774332908.097873,0.43000,0.00000,-0.43000,23.94000,4.11310,0.00070
1774332908.097873,0.42000,-0.01000,-0.40000,23.96000,4.17590,0.00070
1774332908.097873,0.39000,-0.04000,-0.35000,23.94000,4.23880,0.00070
1774332908.097873,0.39000,-0.13000,-0.26000,23.94000,4.30160,0.00070
1774332908.097873,0.40000,-0.23000,-0.17000,23.96000,4.36440,0.00070
1774332908.097873,0.43000,-0.34000,-0.08000,23.94000,4.42720,0.00070
1774332908.097873,0.48000,-0.41000,-0.06000,23.96000,4.49010,0.00070
1774332908.097873,0.54000,-0.48000,-0.05000,23.94000,4.55290,0.00070
1774332908.113914,0.59000,-0.54000,-0.04000,23.94000,4.61570,0.00070
1774332908.113914,0.62000,-0.59000,-0.02000,23.96000,4.67860,0.00070
1774332908.113914,0.66000,-0.64000,-0.02000,23.94000,4.74140,0.00070
1774332908.113914,0.68000,-0.65000,-0.02000,23.94000,4.80420,0.00070
1774332908.113914,0.69000,-0.67000,-0.02000,23.94000,4.86700,0.00070
1774332908.113914,0.67000,-0.65000,-0.01000,23.94000,4.92990,0.00070
1774332908.113914,0.66000,-0.65000,0.00000,23.96000,4.99270,0.00070
1774332908.113914,0.60000,-0.61000,0.00000,23.94000,5.05550,0.00070
1774332908.113914,0.54000,-0.56000,0.02000,23.94000,5.11840,0.00070
1774332908.113914,0.43000,-0.53000,0.10000,23.94000,5.18120,0.00070
1774332908.113914,0.30000,-0.53000,0.23000,23.94000,5.24400,0.00070
1774332908.113914,0.19000,-0.54000,0.34000,23.93000,5.30680,0.00070
1774332908.113914,0.08000,-0.52000,0.44000,23.94000,5.36970,0.00070
1774332908.113914,0.05000,-0.55000,0.50000,23.94000,5.43250,0.00070
1774332908.113914,0.02000,-0.57000,0.54000,23.94000,5.49530,0.00070
1774332908.113914,0.02000,-0.61000,0.58000,23.94000,5.55820,0.00070
1774332908.133906,0.02000,-0.62000,0.60000,23.94000,5.62100,0.00070
1774332908.133906,0.03000,-0.65000,0.62000,23.94000,5.68380,0.00070
1774332908.133906,0.02000,-0.66000,0.63000,23.93000,5.74660,0.00070
1774332908.133906,0.02000,-0.66000,0.64000,23.93000,5.80950,0.00070
1774332908.133906,0.01000,-0.64000,0.63000,23.94000,5.87230,0.00070
1774332908.133906,-0.01000,-0.63000,0.64000,23.93000,5.93510,0.00070
1774332908.133906,0.00000,-0.61000,0.62000,23.94000,5.99790,0.00070
1774332908.133906,-0.03000,-0.56000,0.59000,23.94000,6.06080,0.00070
1774332908.133906,-0.03000,-0.52000,0.55000,23.94000,6.12360,0.00070
1774332908.133906,-0.06000,-0.46000,0.53000,23.94000,6.18640,0.00070
1774332908.133906,-0.17000,-0.36000,0.53000,23.93000,6.24930,0.00070
1774332908.133906,-0.28000,-0.25000,0.53000,23.94000,0.02890,0.00070
1774332908.133906,-0.36000,-0.13000,0.50000,23.96000,0.09170,0.00070
1774332908.133906,-0.43000,-0.05000,0.48000,23.94000,0.15460,0.00070
1774332908.133906,-0.44000,-0.04000,0.48000,23.94000,0.21740,0.00070
1774332908.133906,-0.46000,-0.02000,0.49000,23.94000,0.28020,0.00070
1774332908.162910,-0.47000,-0.01000,0.49000,23.94000,0.34310,0.00070
1774332908.163909,-0.48000,0.00000,0.49000,23.94000,0.40590,0.00070
1774332908.163909,-0.49000,0.00000,0.49000,23.96000,0.46870,0.00070
1774332908.163909,-0.47000,0.00000,0.47000,23.94000,0.53160,0.00070
1774332908.163909,-0.44000,0.00000,0.45000,23.94000,0.59440,0.00070
1774332908.163909,-0.41000,0.00000,0.42000,23.94000,0.65720,0.00070
1774332908.163909,-0.39000,-0.01000,0.41000,23.94000,0.72010,0.00070
1774332908.163909,-0.39000,-0.01000,0.41000,23.94000,0.78290,0.00070
1774332908.163909,-0.39000,-0.01000,0.41000,23.94000,0.84570,0.00070
1774332908.163909,-0.38000,-0.01000,0.40000,23.96000,0.90850,0.00070
1774332908.163909,-0.37000,-0.02000,0.39000,23.94000,0.97140,0.00070
1774332908.163909,-0.37000,0.00000,0.36000,23.94000,1.03420,0.00070
1774332908.163909,-0.37000,0.07000,0.29000,23.94000,1.09700,0.00070
1774332908.163909,-0.37000,0.18000,0.19000,23.96000,1.15990,0.00070
1774332908.163909,-0.35000,0.25000,0.10000,23.94000,1.22270,0.00070
1774332908.163909,-0.36000,0.30000,0.05000,23.94000,1.28550,0.00070
1774332908.181906,-0.39000,0.33000,0.05000,23.94000,1.34840,0.00070
1774332908.181906,-0.43000,0.37000,0.05000,23.94000,1.41120,0.00070
1774332908.181906,-0.49000,0.43000,0.05000,23.96000,1.47400,0.00070
1774332908.181906,-0.56000,0.50000,0.05000,23.94000,1.53690,0.00070
1774332908.181906,-0.62000,0.56000,0.05000,23.94000,1.59970,0.00070
1774332908.181906,-0.65000,0.60000,0.04000,23.93000,1.66250,0.00070
1774332908.181906,-0.67000,0.64000,0.03000,23.93000,1.72540,0.00070
1774332908.181906,-0.68000,0.65000,0.02000,23.94000,1.78820,0.00070
1774332908.181906,-0.66000,0.65000,0.00000,23.94000,1.85100,0.00070
1774332908.181906,-0.62000,0.63000,0.00000,23.94000,1.91390,0.00070
1774332908.181906,-0.55000,0.58000,-0.02000,23.94000,1.97670,0.00070
1774332908.182909,-0.45000,0.53000,-0.07000,23.94000,2.03950,0.00070
1774332908.182909,-0.31000,0.53000,-0.21000,23.94000,2.10240,0.00070
1774332908.182909,-0.19000,0.53000,-0.33000,23.94000,2.16520,0.00070
1774332908.182909,-0.09000,0.53000,-0.43000,23.94000,2.22800,0.00070
1774332908.182909,-0.05000,0.55000,-0.49000,23.94000,2.29090,0.00070
1774332908.182909,-0.04000,0.57000,-0.53000,23.94000,2.35370,0.00070
1774332908.182909,-0.02000,0.60000,-0.57000,23.94000,2.41650,0.00070
1774332908.182909,-0.02000,0.62000,-0.60000,23.94000,2.47940,0.00070
1774332908.182909,-0.01000,0.63000,-0.62000,23.94000,2.54220,0.00070
1774332908.182909,-0.01000,0.64000,-0.63000,23.94000,2.60500,0.00070
1774332908.182909,-0.01000,0.65000,-0.64000,23.94000,2.66790,0.00070
1774332908.182909,-0.01000,0.64000,-0.62000,23.94000,2.73070,0.00070
1774332908.182909,0.00000,0.63000,-0.63000,23.96000,2.79350,0.00070
1774332908.182909,0.00000,0.61000,-0.61000,23.93000,2.85640,0.00070
1774332908.182909,0.00000,0.58000,-0.57000,23.94000,2.91920,0.00070
1774332908.182909,0.00000,0.55000,-0.55000,23.93000,2.98200,0.00070
1774332908.182909,0.00000,0.50000,-0.50000,23.94000,3.04490,0.00070
1774332908.182909,0.02000,0.44000,-0.47000,23.96000,3.10770,0.00070
1774332908.182909,0.12000,0.35000,-0.47000,23.94000,3.17050,0.00070
1774332908.182909,0.22000,0.24000,-0.47000,23.94000,3.23340,0.00070
1774332908.182909,0.32000,0.13000,-0.45000,23.94000,3.29620,0.00070
1774332908.198943,0.41000,0.05000,-0.46000,23.94000,3.35900,0.00070
1774332908.198943,0.45000,0.03000,-0.49000,23.94000,3.42190,0.00070
1774332908.198943,0.48000,0.03000,-0.52000,23.94000,3.48470,0.00070
1774332908.198943,0.52000,0.03000,-0.55000,23.94000,3.54750,0.00070
1774332908.198943,0.55000,0.03000,-0.58000,23.94000,3.61040,0.00070
1774332908.198943,0.56000,0.03000,-0.59000,23.93000,3.67320,0.00070
1774332908.198943,0.57000,0.02000,-0.60000,23.94000,3.73600,0.00070
1774332908.198943,0.56000,0.01000,-0.58000,23.94000,3.79890,0.00070
1774332908.198943,0.56000,0.00000,-0.57000,23.96000,3.86170,0.00070
1774332908.198943,0.55000,0.00000,-0.55000,23.94000,3.92450,0.00070
1774332908.198943,0.53000,-0.01000,-0.52000,23.94000,3.98740,0.00070
1774332908.198943,0.49000,-0.01000,-0.48000,23.94000,4.05020,0.00070
1774332908.198943,0.46000,-0.02000,-0.43000,23.94000,4.11300,0.00070
1774332908.198943,0.44000,-0.06000,-0.37000,23.96000,4.17580,0.00070
1774332908.198943,0.43000,-0.16000,-0.27000,23.94000,4.23870,0.00070
1774332908.198943,0.42000,-0.23000,-0.18000,23.96000,4.30150,0.00070
1774332908.216766,0.41000,-0.30000,-0.10000,23.94000,4.36430,0.00070
1774332908.216766,0.42000,-0.36000,-0.06000,23.93000,4.42720,0.00070
1774332908.216766,0.46000,-0.41000,-0.05000,23.96000,4.49000,0.00070
1774332908.216766,0.50000,-0.46000,-0.04000,23.96000,4.55280,0.00070
1774332908.216766,0.54000,-0.50000,-0.03000,23.94000,4.61560,0.00070
1774332908.216766,0.57000,-0.55000,-0.02000,23.94000,4.67850,0.00070
1774332908.216766,0.60000,-0.59000,-0.01000,23.93000,4.74130,0.00070
1774332908.216766,0.62000,-0.60000,-0.01000,23.94000,4.80410,0.00070
1774332908.216766,0.61000,-0.60000,-0.01000,23.93000,4.86690,0.00070
1774332908.216766,0.61000,-0.59000,-0.01000,23.93000,4.92980,0.00070
1774332908.216766,0.61000,-0.59000,-0.01000,23.94000,4.99260,0.00070
1774332908.216766,0.59000,-0.58000,0.00000,23.94000,5.05540,0.00070
1774332908.216766,0.55000,-0.54000,0.00000,23.94000,5.11830,0.00070
1774332908.216766,0.48000,-0.52000,0.03000,23.94000,5.18110,0.00070
1774332908.216766,0.35000,-0.52000,0.16000,23.94000,5.24390,0.00070
1774332908.216766,0.22000,-0.52000,0.29000,23.94000,5.30670,0.00070
1774332908.250814,0.12000,-0.52000,0.40000,23.96000,5.36960,0.00070
1774332908.250814,0.05000,-0.53000,0.47000,23.94000,5.43240,0.00070
1774332908.250814,0.03000,-0.55000,0.51000,23.94000,5.49520,0.00070
1774332908.250814,0.03000,-0.58000,0.55000,23.94000,5.55810,0.00070
1774332908.250814,0.03000,-0.62000,0.58000,23.94000,5.62090,0.00070
1774332908.250814,0.03000,-0.64000,0.60000,23.94000,5.68370,0.00070
1774332908.250814,0.03000,-0.65000,0.62000,23.94000,5.74650,0.00070
1774332908.250814,0.02000,-0.65000,0.63000,23.93000,5.80940,0.00070
1774332908.250814,0.01000,-0.64000,0.62000,23.94000,5.87220,0.00070
1774332908.250814,0.01000,-0.63000,0.62000,23.94000,5.93500,0.00070
1774332908.250814,0.00000,-0.60000,0.60000,23.94000,5.99790,0.00070
1774332908.250814,0.00000,-0.56000,0.57000,23.94000,6.06070,0.00070
1774332908.250814,-0.01000,-0.52000,0.54000,23.93000,6.12350,0.00070
1774332908.250814,-0.02000,-0.48000,0.51000,23.94000,6.18630,0.00070
1774332908.250814,-0.05000,-0.42000,0.48000,23.94000,6.24920,0.00070
1774332908.250814,-0.14000,-0.32000,0.47000,23.94000,0.02880,0.00070
1774332908.250814,-0.22000,-0.22000,0.45000,23.94000,0.09160,0.00070
1774332908.250814,-0.30000,-0.13000,0.43000,23.94000,0.15450,0.00070
1774332908.250814,-0.35000,-0.06000,0.41000,23.94000,0.21730,0.00070
1774332908.250814,-0.39000,-0.05000,0.44000,23.94000,0.28010,0.00070
1774332908.250814,-0.42000,-0.04000,0.47000,23.96000,0.34300,0.00070
1774332908.250814,-0.46000,-0.03000,0.50000,23.96000,0.40580,0.00070
1774332908.250814,-0.50000,-0.03000,0.53000,23.94000,0.46860,0.00070
1774332908.250814,-0.55000,-0.02000,0.57000,23.94000,0.53150,0.00070
1774332908.250814,-0.58000,-0.02000,0.60000,23.94000,0.59430,0.00070
1774332908.250814,-0.58000,-0.01000,0.60000,23.94000,0.65710,0.00070
1774332908.250814,-0.58000,-0.01000,0.60000,23.94000,0.72000,0.00070
1774332908.251816,-0.57000,-0.01000,0.58000,23.94000,0.78280,0.00070
1774332908.251816,-0.55000,-0.01000,0.56000,23.94000,0.84560,0.00070
1774332908.251816,-0.53000,-0.01000,0.54000,23.93000,0.90850,0.00070
1774332908.251816,-0.49000,0.00000,0.48000,23.94000,0.97130,0.00070
1774332908.251816,-0.47000,0.05000,0.42000,23.94000,1.03410,0.00070
1774332908.258468,-0.47000,0.15000,0.32000,23.94000,1.09700,0.00070
1774332908.258468,-0.48000,0.26000,0.22000,23.96000,1.15980,0.00070
1774332908.258468,-0.48000,0.36000,0.12000,23.94000,1.22260,0.00070
1774332908.258468,-0.50000,0.44000,0.05000,23.94000,1.28540,0.00070
1774332908.258468,-0.53000,0.48000,0.04000,23.94000,1.34830,0.00070
1774332908.258468,-0.58000,0.54000,0.04000,23.94000,1.41110,0.00070
1774332908.258468,-0.60000,0.56000,0.03000,23.94000,1.47390,0.00070
1774332908.258468,-0.63000,0.60000,0.03000,23.94000,1.53680,0.00070
1774332908.258468,-0.65000,0.62000,0.02000,23.94000,1.59960,0.00070
1774332908.258468,-0.64000,0.62000,0.01000,23.93000,1.66240,0.00070
1774332908.258468,-0.62000,0.61000,0.00000,23.93000,1.72530,0.00070
1774332908.258468,-0.60000,0.60000,0.00000,23.94000,1.78810,0.00070
1774332908.258468,-0.58000,0.59000,-0.01000,23.94000,1.85090,0.00070
1774332908.258468,-0.54000,0.56000,-0.02000,23.94000,1.91380,0.00070
1774332908.258468,-0.50000,0.53000,-0.02000,23.94000,1.97660,0.00070
1774332908.258468,-0.43000,0.49000,-0.05000,23.94000,2.03940,0.00070
1774332908.295231,-0.33000,0.50000,-0.17000,23.94000,2.10230,0.00070
1774332908.295231,-0.22000,0.50000,-0.28000,23.96000,2.16510,0.00070
1774332908.295231,-0.11000,0.50000,-0.39000,23.96000,2.22790,0.00070
1774332908.295231,-0.06000,0.51000,-0.45000,23.94000,2.29080,0.00070
1774332908.295231,-0.04000,0.54000,-0.49000,23.93000,2.35360,0.00070
1774332908.295231,-0.03000,0.56000,-0.53000,23.94000,2.41640,0.00070
1774332908.295231,-0.02000,0.58000,-0.56000,23.94000,2.47930,0.00070
1774332908.295231,-0.01000,0.60000,-0.59000,23.94000,2.54210,0.00070
1774332908.295231,-0.01000,0.61000,-0.60000,23.94000,2.60490,0.00070
1774332908.295231,-0.01000,0.62000,-0.60000,23.94000,2.66780,0.00070
1774332908.295231,0.00000,0.62000,-0.61000,23.94000,2.73060,0.00070
1774332908.295231,0.00000,0.62000,-0.61000,23.94000,2.79340,0.00070
1774332908.295231,0.00000,0.59000,-0.59000,23.94000,2.85630,0.00070
1774332908.295231,0.00000,0.56000,-0.56000,23.94000,2.91910,0.00070
1774332908.295231,0.00000,0.53000,-0.53000,23.94000,2.98190,0.00070
1774332908.295231,0.02000,0.47000,-0.50000,23.94000,3.04480,0.00070
1774332908.295231,0.08000,0.40000,-0.48000,23.96000,3.10760,0.00070
1774332908.295231,0.18000,0.29000,-0.48000,23.94000,3.17040,0.00070
1774332908.295231,0.26000,0.19000,-0.45000,23.96000,3.23330,0.00070
1774332908.295231,0.33000,0.09000,-0.43000,23.94000,3.29610,0.00070
1774332908.295231,0.36000,0.05000,-0.41000,23.94000,3.35890,0.00070
1774332908.295231,0.37000,0.04000,-0.41000,23.94000,3.42180,0.00070
1774332908.295231,0.38000,0.04000,-0.43000,23.94000,3.48460,0.00070
1774332908.295231,0.41000,0.04000,-0.45000,23.96000,3.54740,0.00070
1774332908.295231,0.46000,0.04000,-0.51000,23.94000,3.61030,0.00070
1774332908.295231,0.49000,0.04000,-0.54000,23.94000,3.67310,0.00070
1774332908.295231,0.53000,0.04000,-0.57000,23.94000,3.73590,0.00070
1774332908.295231,0.54000,0.03000,-0.57000,23.94000,3.79880,0.00070
1774332908.295231,0.55000,0.02000,-0.58000,23.94000,3.86160,0.00070
1774332908.295231,0.55000,0.02000,-0.57000,23.94000,3.92440,0.00070
1774332908.295231,0.55000,0.01000,-0.56000,23.93000,3.98730,0.00070
1774332908.295231,0.55000,0.00000,-0.55000,23.93000,4.05010,0.00070
1774332908.318431,0.52000,0.00000,-0.52000,23.94000,4.11290,0.00070
1774332908.318431,0.50000,-0.02000,-0.47000,23.96000,4.17570,0.00070
1774332908.318431,0.49000,-0.12000,-0.37000,23.94000,4.23860,0.00070
1774332908.318431,0.50000,-0.26000,-0.24000,23.94000,4.30140,0.00070
1774332908.318431,0.50000,-0.37000,-0.12000,23.96000,4.36420,0.00070
1774332908.318431,0.52000,-0.46000,-0.05000,23.94000,4.42710,0.00070
1774332908.318431,0.56000,-0.52000,-0.04000,23.94000,4.48990,0.00070
1774332908.318431,0.60000,-0.56000,-0.03000,23.93000,4.55270,0.00070
1774332908.318431,0.60000,-0.58000,-0.01000,23.94000,4.61550,0.00070
1774332908.318431,0.64000,-0.63000,-0.01000,23.94000,4.67840,0.00070
1774332908.318431,0.63000,-0.63000,0.00000,23.93000,4.74120,0.00070
1774332908.318431,0.64000,-0.63000,0.00000,23.94000,4.80400,0.00070
1774332908.318431,0.63000,-0.62000,0.00000,23.96000,4.86690,0.00070
1774332908.318431,0.61000,-0.61000,0.00000,23.94000,4.92970,0.00070
1774332908.318431,0.60000,-0.60000,0.00000,23.94000,4.99250,0.00070
1774332908.318431,0.56000,-0.56000,0.00000,23.93000,5.05530,0.00070
1774332908.335325,0.51000,-0.53000,0.02000,23.94000,5.11820,0.00070
1774332908.335325,0.40000,-0.51000,0.10000,23.94000,5.18100,0.00070
1774332908.335325,0.28000,-0.52000,0.24000,23.94000,5.24380,0.00070
1774332908.335325,0.16000,-0.51000,0.35000,23.94000,5.30670,0.00070
1774332908.335325,0.06000,-0.51000,0.45000,23.94000,5.36950,0.00070
1774332908.335325,0.03000,-0.54000,0.50000,23.94000,5.43230,0.00070
1774332908.335325,0.02000,-0.56000,0.54000,23.94000,5.49510,0.00070
1774332908.335325,0.01000,-0.58000,0.56000,23.96000,5.55800,0.00070
1774332908.335325,0.02000,-0.60000,0.58000,23.94000,5.62080,0.00070
1774332908.335325,0.02000,-0.61000,0.59000,23.94000,5.68360,0.00070
1774332908.335325,0.02000,-0.62000,0.60000,23.93000,5.74640,0.00070
1774332908.335325,0.02000,-0.63000,0.60000,23.94000,5.80930,0.00070
1774332908.335325,0.02000,-0.61000,0.59000,23.94000,5.87210,0.00070
1774332908.335325,0.01000,-0.60000,0.59000,23.94000,5.93490,0.00070
1774332908.335325,0.00000,-0.57000,0.57000,23.94000,5.99780,0.00070
1774332908.335325,0.00000,-0.54000,0.55000,23.94000,6.06060,0.00070
1774332908.337327,-0.02000,-0.50000,0.52000,23.94000,6.12340,0.00070
1774332908.337327,-0.02000,-0.47000,0.49000,23.96000,6.18620,0.00070
1774332908.337327,-0.05000,-0.40000,0.46000,23.94000,6.24910,0.00070
1774332908.337327,-0.16000,-0.29000,0.46000,23.94000,0.02870,0.00070
1774332908.337327,-0.26000,-0.18000,0.44000,23.94000,0.09150,0.00070
1774332908.337327,-0.35000,-0.07000,0.42000,23.94000,0.15440,0.00070
1774332908.337327,-0.38000,-0.05000,0.43000,23.94000,0.21720,0.00070
1774332908.337327,-0.38000,-0.04000,0.42000,23.94000,0.28000,0.00070
1774332908.337327,-0.38000,-0.03000,0.41000,23.94000,0.34290,0.00070
1774332908.337327,-0.39000,-0.02000,0.41000,23.94000,0.40570,0.00070
1774332908.337327,-0.42000,-0.01000,0.44000,23.94000,0.46850,0.00070
1774332908.338344,-0.45000,-0.01000,0.47000,23.93000,0.53140,0.00070
1774332908.338344,-0.48000,-0.02000,0.50000,23.94000,0.59420,0.00070
1774332908.338344,-0.49000,-0.02000,0.52000,23.94000,0.65700,0.00070
1774332908.338344,-0.50000,-0.02000,0.53000,23.94000,0.71990,0.00070
1774332908.338344,-0.52000,-0.02000,0.55000,23.94000,0.78270,0.00070
1774332908.363664,-0.51000,-0.02000,0.54000,23.94000,0.84550,0.00070
1774332908.363664,-0.51000,-0.02000,0.53000,23.94000,0.90840,0.00070
1774332908.363664,-0.48000,-0.02000,0.50000,23.94000,0.97120,0.00070
1774332908.363664,-0.47000,0.00000,0.46000,23.96000,1.03400,0.00070
1774332908.363664,-0.45000,0.04000,0.41000,23.93000,1.09690,0.00070
1774332908.363664,-0.48000,0.15000,0.32000,23.94000,1.15970,0.00070
1774332908.363664,-0.50000,0.27000,0.22000,23.94000,1.22250,0.00070
1774332908.363664,-0.53000,0.41000,0.11000,23.96000,1.28540,0.00070
1774332908.363664,-0.55000,0.49000,0.05000,23.96000,1.34820,0.00070
1774332908.363664,-0.61000,0.57000,0.04000,23.94000,1.41100,0.00070
1774332908.363664,-0.63000,0.59000,0.03000,23.94000,1.47390,0.00070
1774332908.363664,-0.66000,0.62000,0.03000,23.94000,1.53670,0.00070
1774332908.363664,-0.67000,0.63000,0.03000,23.94000,1.59950,0.00070
1774332908.363664,-0.66000,0.64000,0.02000,23.94000,1.66240,0.00070
1774332908.363664,-0.64000,0.63000,0.01000,23.94000,1.72520,0.00070
1774332908.363664,-0.61000,0.62000,0.00000,23.94000,1.78800,0.00070
1774332908.372663,-0.58000,0.59000,-0.01000,23.94000,1.85090,0.00070
1774332908.372663,-0.52000,0.56000,-0.03000,23.94000,1.91370,0.00070
1774332908.372663,-0.47000,0.52000,-0.05000,23.96000,1.97650,0.00070
1774332908.372663,-0.36000,0.51000,-0.15000,23.94000,2.03930,0.00070
1774332908.372663,-0.25000,0.53000,-0.27000,23.94000,2.10220,0.00070
1774332908.372663,-0.15000,0.52000,-0.36000,23.93000,2.16500,0.00070
1774332908.372663,-0.06000,0.51000,-0.45000,23.94000,2.22780,0.00070
1774332908.372663,-0.04000,0.54000,-0.49000,23.94000,2.29070,0.00070
1774332908.372663,-0.04000,0.55000,-0.51000,23.94000,2.35350,0.00070
1774332908.372663,-0.02000,0.57000,-0.54000,23.94000,2.41630,0.00070
1774332908.372663,-0.01000,0.58000,-0.56000,23.94000,2.47920,0.00070
1774332908.372663,-0.01000,0.59000,-0.57000,23.94000,2.54200,0.00070
1774332908.372663,-0.01000,0.59000,-0.57000,23.94000,2.60480,0.00070
1774332908.372663,0.00000,0.60000,-0.59000,23.93000,2.66770,0.00070
1774332908.372663,0.00000,0.60000,-0.60000,23.94000,2.73050,0.00070
1774332908.372663,-0.01000,0.61000,-0.59000,23.94000,2.79330,0.00070
1774332908.408247,-0.01000,0.59000,-0.58000,23.94000,2.85620,0.00070
1774332908.408247,0.00000,0.56000,-0.55000,23.94000,2.91900,0.00070
1774332908.408247,0.00000,0.52000,-0.52000,23.94000,2.98180,0.00070
1774332908.408247,0.02000,0.47000,-0.49000,23.96000,3.04470,0.00070
1774332908.408247,0.09000,0.39000,-0.49000,23.96000,3.10750,0.00070
1774332908.408247,0.21000,0.27000,-0.49000,23.94000,3.17030,0.00070
1774332908.408247,0.30000,0.16000,-0.47000,23.94000,3.23320,0.00070
1774332908.408247,0.38000,0.06000,-0.45000,23.94000,3.29600,0.00070
1774332908.408247,0.41000,0.03000,-0.45000,23.94000,3.35880,0.00070
1774332908.408247,0.42000,0.03000,-0.45000,23.94000,3.42170,0.00070
1774332908.408247,0.41000,0.03000,-0.44000,23.94000,3.48450,0.00070
1774332908.408247,0.40000,0.03000,-0.44000,23.94000,3.54730,0.00070
1774332908.408247,0.41000,0.03000,-0.45000,23.94000,3.61020,0.00070
1774332908.408247,0.43000,0.04000,-0.48000,23.96000,3.67300,0.00070
1774332908.408247,0.46000,0.04000,-0.51000,23.94000,3.73580,0.00070
1774332908.408247,0.49000,0.03000,-0.52000,23.94000,3.79870,0.00070
1774332908.416291,0.51000,0.03000,-0.54000,23.94000,3.86150,0.00070
1774332908.416291,0.52000,0.01000,-0.53000,23.94000,3.92430,0.00070
1774332908.416291,0.52000,0.00000,-0.52000,23.96000,3.98720,0.00070
1774332908.416291,0.50000,0.00000,-0.50000,23.96000,4.05000,0.00070
1774332908.416291,0.47000,0.00000,-0.46000,23.94000,4.11280,0.00070
1774332908.416291,0.45000,-0.02000,-0.43000,23.94000,4.17570,0.00070
1774332908.416291,0.43000,-0.06000,-0.37000,23.94000,4.23850,0.00070
1774332908.416291,0.44000,-0.16000,-0.27000,23.94000,4.30130,0.00070
1774332908.416291,0.45000,-0.26000,-0.18000,23.94000,4.36410,0.00070
1774332908.416291,0.47000,-0.37000,-0.09000,23.94000,4.42700,0.00070
1774332908.416291,0.51000,-0.45000,-0.05000,23.96000,4.48980,0.00070
1774332908.416291,0.57000,-0.52000,-0.05000,23.94000,4.55260,0.00070
1774332908.416291,0.60000,-0.57000,-0.03000,23.94000,4.61540,0.00070
1774332908.416291,0.65000,-0.62000,-0.02000,23.94000,4.67830,0.00070
1774332908.416291,0.66000,-0.64000,-0.02000,23.94000,4.74110,0.00070
1774332908.416291,0.70000,-0.68000,-0.02000,23.96000,4.80390,0.00070
1774332908.417292,0.68000,-0.66000,-0.01000,23.94000,4.86680,0.00070
1774332908.417292,0.66000,-0.65000,0.00000,23.94000,4.92960,0.00070
1774332908.417292,0.60000,-0.61000,0.00000,23.94000,4.99240,0.00070
1774332908.417292,0.52000,-0.55000,0.02000,23.94000,5.05520,0.00070
1774332908.417292,0.43000,-0.51000,0.08000,23.94000,5.11810,0.00070
1774332908.417292,0.29000,-0.52000,0.22000,23.94000,5.18090,0.00070
1774332908.417292,0.19000,-0.54000,0.34000,23.94000,5.24370,0.00070
1774332908.417292,0.10000,-0.53000,0.43000,23.94000,5.30660,0.00070
1774332908.417292,0.05000,-0.53000,0.47000,23.94000,5.36940,0.00070
1774332908.417292,0.03000,-0.54000,0.50000,23.94000,5.43220,0.00070
1774332908.417292,0.03000,-0.55000,0.52000,23.94000,5.49500,0.00070
1774332908.417292,0.01000,-0.57000,0.55000,23.93000,5.55790,0.00070
1774332908.417292,0.01000,-0.59000,0.57000,23.94000,5.62070,0.00070
1774332908.417292,0.02000,-0.61000,0.59000,23.94000,5.68350,0.00070
1774332908.417292,0.02000,-0.62000,0.60000,23.94000,5.74640,0.00070
1774332908.417292,0.02000,-0.62000,0.60000,23.93000,5.80920,0.00070
1774332908.433293,0.01000,-0.61000,0.60000,23.94000,5.87200,0.00070
1774332908.433293,0.00000,-0.60000,0.59000,23.94000,5.93480,0.00070
1774332908.433293,0.00000,-0.59000,0.58000,23.94000,5.99770,0.00070
1774332908.433293,-0.01000,-0.54000,0.56000,23.94000,6.06050,0.00070
1774332908.433293,-0.02000,-0.50000,0.52000,23.94000,6.12330,0.00070
1774332908.433293,-0.03000,-0.46000,0.49000,23.93000,6.18620,0.00070
1774332908.433293,-0.09000,-0.38000,0.47000,23.96000,6.24900,0.00070
1774332908.433293,-0.20000,-0.27000,0.48000,23.94000,0.02860,0.00070
1774332908.433293,-0.30000,-0.15000,0.46000,23.94000,0.09150,0.00070
1774332908.433293,-0.39000,-0.05000,0.45000,23.94000,0.15430,0.00070
1774332908.433293,-0.42000,-0.04000,0.47000,23.93000,0.21710,0.00070
1774332908.433293,-0.44000,-0.03000,0.47000,23.96000,0.28000,0.00070
1774332908.433293,-0.44000,-0.02000,0.46000,23.93000,0.34280,0.00070
1774332908.433293,-0.43000,-0.01000,0.44000,23.94000,0.40560,0.00070
1774332908.433293,-0.41000,0.00000,0.42000,23.96000,0.46840,0.00070
1774332908.433293,-0.39000,-0.01000,0.40000,23.94000,0.53130,0.00070
1774332908.449294,-0.39000,-0.02000,0.41000,23.94000,0.59410,0.00070
1774332908.449294,-0.40000,-0.02000,0.42000,23.94000,0.65690,0.00070
1774332908.449294,-0.43000,-0.02000,0.45000,23.93000,0.71980,0.00070
1774332908.449294,-0.45000,-0.02000,0.48000,23.94000,0.78260,0.00070
1774332908.449294,-0.45000,-0.02000,0.48000,23.94000,0.84540,0.00070
1774332908.449294,-0.46000,-0.02000,0.48000,23.96000,0.90830,0.00070
1774332908.449294,-0.43000,-0.01000,0.45000,23.94000,0.97110,0.00070
1774332908.449294,-0.42000,0.00000,0.41000,23.94000,1.03390,0.00070
1774332908.449294,-0.40000,0.05000,0.35000,23.94000,1.09680,0.00070
1774332908.449294,-0.40000,0.14000,0.26000,23.96000,1.15960,0.00070
1774332908.449294,-0.41000,0.24000,0.17000,23.94000,1.22240,0.00070
1774332908.449294,-0.43000,0.34000,0.08000,23.94000,1.28530,0.00070
1774332908.449294,-0.47000,0.41000,0.05000,23.96000,1.34810,0.00070
1774332908.449294,-0.55000,0.49000,0.06000,23.94000,1.41090,0.00070
1774332908.449294,-0.58000,0.53000,0.05000,23.94000,1.47380,0.00070
1774332908.449294,-0.64000,0.59000,0.04000,23.94000,1.53660,0.00070
1774332908.487008,-0.66000,0.61000,0.04000,23.94000,1.59940,0.00070
1774332908.487008,-0.69000,0.65000,0.03000,23.96000,1.66230,0.00070
1774332908.487008,-0.69000,0.66000,0.02000,23.96000,1.72510,0.00070
1774332908.487008,-0.67000,0.66000,0.01000,23.94000,1.78790,0.00070
1774332908.487008,-0.65000,0.65000,0.00000,23.96000,1.85080,0.00070
1774332908.487008,-0.59000,0.61000,-0.01000,23.94000,1.91360,0.00070
1774332908.487008,-0.53000,0.56000,-0.03000,23.93000,1.97640,0.00070
1774332908.487008,-0.43000,0.53000,-0.09000,23.94000,2.03930,0.00070
1774332908.487916,-0.30000,0.53000,-0.22000,23.94000,2.10210,0.00070
1774332908.487916,-0.19000,0.53000,-0.34000,23.96000,2.16490,0.00070
1774332908.487916,-0.08000,0.52000,-0.44000,23.94000,2.22780,0.00070
1774332908.487916,-0.06000,0.55000,-0.49000,23.94000,2.29060,0.00070
1774332908.487916,-0.04000,0.58000,-0.53000,23.96000,2.35340,0.00070
1774332908.487916,-0.02000,0.60000,-0.57000,23.94000,2.41630,0.00070
1774332908.487916,-0.02000,0.62000,-0.60000,23.94000,2.47910,0.00070
1774332908.487916,0.00000,0.64000,-0.63000,23.93000,2.54190,0.00070
1774332908.491882,0.00000,0.64000,-0.65000,23.93000,2.60480,0.00070
1774332908.491882,0.00000,0.65000,-0.65000,23.94000,2.66760,0.00070
1774332908.491882,0.01000,0.63000,-0.64000,23.94000,2.73040,0.00070
1774332908.491882,0.01000,0.63000,-0.64000,23.96000,2.79330,0.00070
1774332908.491882,0.01000,0.60000,-0.61000,23.94000,2.85610,0.00070
1774332908.491882,0.02000,0.56000,-0.59000,23.94000,2.91890,0.00070
1774332908.491882,0.02000,0.53000,-0.55000,23.94000,2.98170,0.00070
1774332908.491882,0.07000,0.46000,-0.53000,23.94000,3.04460,0.00070
1774332908.491882,0.18000,0.35000,-0.54000,23.96000,3.10740,0.00070
1774332908.491882,0.28000,0.25000,-0.53000,23.94000,3.17020,0.00070
1774332908.491882,0.36000,0.14000,-0.50000,23.96000,3.23310,0.00070
1774332908.491882,0.43000,0.05000,-0.48000,23.94000,3.29590,0.00070
1774332908.491882,0.45000,0.02000,-0.48000,23.94000,3.35870,0.00070
1774332908.491882,0.46000,0.02000,-0.48000,23.93000,3.42160,0.00070
1774332908.491882,0.46000,0.02000,-0.48000,23.94000,3.48440,0.00070
1774332908.491882,0.48000,0.01000,-0.49000,23.94000,3.54720,0.00070
1774332908.497889,0.48000,0.02000,-0.50000,23.94000,3.61010,0.00070
1774332908.497889,0.45000,0.02000,-0.48000,23.96000,3.67290,0.00070
1774332908.497889,0.43000,0.02000,-0.46000,23.94000,3.73570,0.00070
1774332908.497889,0.41000,0.02000,-0.43000,23.94000,3.79860,0.00070
1774332908.497889,0.39000,0.01000,-0.41000,23.94000,3.86140,0.00070
1774332908.497889,0.39000,0.01000,-0.40000,23.96000,3.92420,0.00070
1774332908.497889,0.40000,0.00000,-0.40000,23.96000,3.98710,0.00070
1774332908.497889,0.40000,0.00000,-0.40000,23.94000,4.04990,0.00070
1774332908.497889,0.38000,0.00000,-0.38000,23.96000,4.11270,0.00070
1774332908.497889,0.37000,-0.01000,-0.35000,23.96000,4.17560,0.00070
1774332908.497889,0.36000,-0.07000,-0.28000,23.94000,4.23840,0.00070
1774332908.497889,0.37000,-0.19000,-0.18000,23.94000,4.30120,0.00070
1774332908.497889,0.36000,-0.27000,-0.09000,23.94000,4.36400,0.00070
1774332908.497889,0.37000,-0.31000,-0.06000,23.94000,4.42690,0.00070
1774332908.497889,0.39000,-0.33000,-0.05000,23.96000,4.48970,0.00070
1774332908.497889,0.43000,-0.37000,-0.05000,23.94000,4.55250,0.00070
1774332908.516476,0.46000,-0.41000,-0.04000,23.98000,4.61540,0.00070
1774332908.516476,0.55000,-0.51000,-0.04000,23.94000,4.67820,0.00070
1774332908.516476,0.60000,-0.57000,-0.03000,23.94000,4.74100,0.00070
1774332908.516476,0.64000,-0.61000,-0.02000,23.94000,4.80380,0.00070
1774332908.516476,0.66000,-0.63000,-0.02000,23.94000,4.86670,0.00070
1774332908.516476,0.67000,-0.64000,-0.02000,23.94000,4.92950,0.00070
1774332908.516476,0.66000,-0.64000,-0.02000,23.94000,4.99230,0.00070
1774332908.516476,0.62000,-0.61000,0.00000,23.94000,5.05520,0.00070
1774332908.517476,0.57000,-0.57000,0.00000,23.94000,5.11800,0.00070
1774332908.517476,0.47000,-0.53000,0.06000,23.94000,5.18080,0.00070
1774332908.517476,0.32000,-0.53000,0.20000,23.96000,5.24360,0.00070
1774332908.517476,0.19000,-0.53000,0.33000,23.94000,5.30650,0.00070
1774332908.517476,0.10000,-0.53000,0.43000,23.96000,5.36930,0.00070
1774332908.517476,0.05000,-0.55000,0.49000,23.94000,5.43210,0.00070
1774332908.517476,0.04000,-0.57000,0.53000,23.93000,5.49490,0.00070
1774332908.517476,0.03000,-0.59000,0.56000,23.94000,5.55780,0.00070
1774332908.534475,0.02000,-0.62000,0.60000,23.94000,5.62060,0.00070
1774332908.534475,0.03000,-0.65000,0.61000,23.94000,5.68340,0.00070
1774332908.534475,0.02000,-0.65000,0.63000,23.94000,5.74630,0.00070
1774332908.534475,0.01000,-0.65000,0.64000,23.94000,5.80910,0.00070
1774332908.534475,0.01000,-0.64000,0.62000,23.94000,5.87190,0.00070
1774332908.534475,0.01000,-0.64000,0.62000,23.94000,5.93470,0.00070
1774332908.534475,0.00000,-0.62000,0.62000,23.94000,5.99760,0.00070
1774332908.534475,0.00000,-0.58000,0.58000,23.94000,6.06040,0.00070
1774332908.534475,0.00000,-0.55000,0.56000,23.96000,6.12320,0.00070
1774332908.534475,-0.02000,-0.51000,0.53000,23.94000,6.18610,0.00070
1774332908.534475,-0.03000,-0.45000,0.49000,23.94000,6.24890,0.00070
1774332908.534475,-0.13000,-0.35000,0.49000,23.94000,0.02850,0.00070
1774332908.534475,-0.25000,-0.23000,0.48000,23.94000,0.09140,0.00070
1774332908.534475,-0.36000,-0.10000,0.47000,23.94000,0.15420,0.00070
1774332908.534475,-0.44000,-0.05000,0.49000,23.94000,0.21700,0.00070
1774332908.534475,-0.48000,-0.03000,0.52000,23.94000,0.27990,0.00070
1774332908.570826,-0.51000,-0.02000,0.54000,23.94000,0.34270,0.00070
1774332908.570826,-0.54000,-0.01000,0.55000,23.94000,0.40550,0.00070
1774332908.570826,-0.57000,0.00000,0.57000,23.93000,0.46840,0.00070
1774332908.570826,-0.57000,0.00000,0.58000,23.96000,0.53120,0.00070
1774332908.570826,-0.58000,0.00000,0.58000,23.93000,0.59400,0.00070
1774332908.570826,-0.57000,0.00000,0.57000,23.94000,0.65680,0.00070
1774332908.570826,-0.56000,0.00000,0.56000,23.94000,0.71970,0.00070
1774332908.570826,-0.54000,0.00000,0.54000,23.94000,0.78250,0.00070
1774332908.570826,-0.52000,0.00000,0.52000,23.94000,0.84530,0.00070
1774332908.570826,-0.49000,0.00000,0.49000,23.94000,0.90820,0.00070
1774332908.570826,-0.45000,0.03000,0.42000,23.96000,0.97100,0.00070
1774332908.570826,-0.45000,0.10000,0.34000,23.94000,1.03380,0.00070
1774332908.570826,-0.44000,0.20000,0.24000,23.96000,1.09670,0.00070
1774332908.570826,-0.43000,0.28000,0.14000,23.94000,1.15950,0.00070
1774332908.570826,-0.39000,0.33000,0.06000,23.94000,1.22230,0.00070
1774332908.570826,-0.39000,0.35000,0.04000,23.94000,1.28520,0.00070
1774332908.570826,-0.41000,0.37000,0.04000,23.94000,1.34800,0.00070
1774332908.570826,-0.44000,0.40000,0.04000,23.96000,1.41080,0.00070
1774332908.570826,-0.48000,0.43000,0.04000,23.94000,1.47370,0.00070
1774332908.570826,-0.54000,0.49000,0.04000,23.96000,1.53650,0.00070
1774332908.570826,-0.58000,0.53000,0.04000,23.93000,1.59930,0.00070
1774332908.570826,-0.60000,0.57000,0.03000,23.94000,1.66220,0.00070
1774332908.570826,-0.61000,0.58000,0.02000,23.94000,1.72500,0.00070
1774332908.570826,-0.60000,0.59000,0.01000,23.94000,1.78780,0.00070
1774332908.570826,-0.60000,0.60000,0.00000,23.94000,1.85070,0.00070
1774332908.570826,-0.58000,0.58000,0.00000,23.94000,1.91350,0.00070
1774332908.570826,-0.54000,0.55000,-0.01000,23.94000,1.97630,0.00070
1774332908.570826,-0.49000,0.51000,-0.02000,23.94000,2.03920,0.00070
1774332908.570826,-0.38000,0.51000,-0.13000,23.94000,2.10200,0.00070
1774332908.570826,-0.24000,0.52000,-0.27000,23.94000,2.16480,0.00070
1774332908.570826,-0.12000,0.51000,-0.39000,23.94000,2.22770,0.00070
1774332908.570826,-0.06000,0.53000,-0.46000,23.93000,2.29050,0.00070
1774332908.577827,-0.04000,0.55000,-0.50000,23.96000,2.35330,0.00070
1774332908.577827,-0.03000,0.58000,-0.55000,23.94000,2.41620,0.00070
1774332908.577827,-0.02000,0.60000,-0.57000,23.94000,2.47900,0.00070
1774332908.577827,-0.01000,0.62000,-0.61000,23.96000,2.54180,0.00070
1774332908.577827,0.00000,0.63000,-0.63000,23.96000,2.60470,0.00070
1774332908.577827,0.00000,0.64000,-0.64000,23.94000,2.66750,0.00070
1774332908.577827,-0.01000,0.63000,-0.62000,23.94000,2.73030,0.00070
1774332908.577827,0.00000,0.63000,-0.62000,23.94000,2.79320,0.00070
1774332908.577827,0.00000,0.61000,-0.60000,23.94000,2.85600,0.00070
1774332908.577827,0.00000,0.58000,-0.58000,23.94000,2.91880,0.00070
1774332908.577827,0.00000,0.54000,-0.54000,23.94000,2.98170,0.00070
1774332908.577827,0.00000,0.50000,-0.50000,23.94000,3.04450,0.00070
1774332908.577827,0.04000,0.44000,-0.48000,23.94000,3.10730,0.00070
1774332908.577827,0.13000,0.34000,-0.48000,23.93000,3.17020,0.00070
1774332908.577827,0.22000,0.23000,-0.46000,23.94000,3.23300,0.00070
1774332908.577827,0.32000,0.13000,-0.45000,23.94000,3.29580,0.00070
1774332908.612364,0.39000,0.06000,-0.45000,23.93000,3.35870,0.00070
1774332908.612364,0.42000,0.04000,-0.47000,23.96000,3.42150,0.00070
1774332908.612364,0.45000,0.04000,-0.50000,23.94000,3.48430,0.00070
1774332908.612364,0.48000,0.04000,-0.53000,23.94000,3.54720,0.00070
1774332908.612364,0.53000,0.04000,-0.57000,23.94000,3.61000,0.00070
1774332908.612364,0.56000,0.04000,-0.60000,23.93000,3.67280,0.00070
1774332908.612364,0.58000,0.03000,-0.62000,23.96000,3.73560,0.00070
1774332908.612364,0.58000,0.02000,-0.61000,23.93000,3.79850,0.00070
1774332908.612364,0.58000,0.01000,-0.59000,23.94000,3.86130,0.00070
1774332908.612364,0.57000,0.00000,-0.58000,23.94000,3.92410,0.00070
1774332908.612364,0.55000,0.00000,-0.54000,23.94000,3.98700,0.00070
1774332908.612364,0.53000,-0.01000,-0.52000,23.94000,4.04980,0.00070
1774332908.612364,0.48000,-0.02000,-0.46000,23.94000,4.11260,0.00070
1774332908.612364,0.46000,-0.06000,-0.40000,23.94000,4.17550,0.00070
1774332908.612364,0.46000,-0.17000,-0.29000,23.96000,4.23830,0.00070
1774332908.612364,0.47000,-0.28000,-0.18000,23.96000,4.30110,0.00070
1774332908.612364,0.46000,-0.37000,-0.09000,23.94000,4.36400,0.00070
1774332908.612364,0.48000,-0.42000,-0.05000,23.96000,4.42680,0.00070
1774332908.612364,0.52000,-0.47000,-0.05000,23.94000,4.48960,0.00070
1774332908.612364,0.56000,-0.52000,-0.04000,23.94000,4.55240,0.00070
1774332908.612364,0.58000,-0.56000,-0.02000,23.94000,4.61530,0.00070
1774332908.612364,0.61000,-0.60000,-0.01000,23.94000,4.67810,0.00070
1774332908.612364,0.63000,-0.62000,0.00000,23.96000,4.74090,0.00070
1774332908.612364,0.64000,-0.63000,0.00000,23.94000,4.80370,0.00070
1774332908.612364,0.62000,-0.62000,0.00000,23.94000,4.86660,0.00070
1774332908.612364,0.61000,-0.61000,0.00000,23.94000,4.92940,0.00070
1774332908.612364,0.59000,-0.59000,0.00000,23.94000,4.99220,0.00070
1774332908.613379,0.55000,-0.56000,0.00000,23.94000,5.05510,0.00070
1774332908.613379,0.51000,-0.52000,0.00000,23.94000,5.11790,0.00070
1774332908.613379,0.45000,-0.50000,0.04000,23.96000,5.18070,0.00070
1774332908.613379,0.34000,-0.50000,0.16000,23.94000,5.24350,0.00070
1774332908.613379,0.22000,-0.50000,0.27000,23.96000,5.30640,0.00070
1774332908.635364,0.11000,-0.50000,0.38000,23.94000,5.36920,0.00070
1774332908.635364,0.05000,-0.51000,0.46000,23.94000,5.43200,0.00070
1774332908.635364,0.02000,-0.53000,0.51000,23.94000,5.49490,0.00070
1774332908.635364,0.03000,-0.57000,0.54000,23.94000,5.55770,0.00070
1774332908.635364,0.02000,-0.59000,0.56000,23.93000,5.62050,0.00070
1774332908.635364,0.03000,-0.62000,0.58000,23.94000,5.68330,0.00070
1774332908.635364,0.03000,-0.63000,0.60000,23.94000,5.74620,0.00070
1774332908.635364,0.03000,-0.64000,0.61000,23.94000,5.80900,0.00070
1774332908.635364,0.02000,-0.63000,0.61000,23.93000,5.87180,0.00070
1774332908.635364,0.00000,-0.62000,0.62000,23.93000,5.93470,0.00070
1774332908.635364,0.01000,-0.60000,0.59000,23.94000,5.99750,0.00070
1774332908.635364,0.00000,-0.56000,0.57000,23.96000,6.06030,0.00070
1774332908.635364,-0.01000,-0.52000,0.53000,23.94000,6.12310,0.00070
1774332908.635364,-0.02000,-0.47000,0.50000,23.93000,6.18600,0.00070
1774332908.635364,-0.08000,-0.40000,0.49000,23.96000,6.24880,0.00070
1774332908.635364,-0.19000,-0.29000,0.48000,23.94000,0.02840,0.00070
1774332908.653936,-0.27000,-0.18000,0.46000,23.94000,0.09130,0.00070
1774332908.653936,-0.34000,-0.08000,0.43000,23.94000,0.15410,0.00070
1774332908.653936,-0.37000,-0.05000,0.42000,23.94000,0.21690,0.00070
1774332908.653936,-0.37000,-0.04000,0.41000,23.94000,0.27980,0.00070
1774332908.653936,-0.37000,-0.04000,0.41000,23.94000,0.34260,0.00070
1774332908.653936,-0.40000,-0.03000,0.44000,23.94000,0.40540,0.00070
1774332908.653936,-0.46000,-0.02000,0.48000,23.96000,0.46830,0.00070
1774332908.653936,-0.50000,-0.02000,0.52000,23.94000,0.53110,0.00070
1774332908.653936,-0.53000,-0.02000,0.55000,23.94000,0.59390,0.00070
1774332908.653936,-0.54000,-0.02000,0.57000,23.94000,0.65680,0.00070
1774332908.653936,-0.55000,-0.02000,0.58000,23.94000,0.71960,0.00070
1774332908.653936,-0.56000,-0.02000,0.58000,23.94000,0.78240,0.00070
1774332908.653936,-0.55000,-0.02000,0.57000,23.94000,0.84520,0.00070
1774332908.653936,-0.54000,-0.02000,0.56000,23.94000,0.90810,0.00070
1774332908.653936,-0.51000,-0.01000,0.53000,23.96000,0.97090,0.00070
1774332908.653936,-0.49000,0.02000,0.47000,23.94000,1.03370,0.00070
1774332908.683132,-0.49000,0.12000,0.36000,23.94000,1.09660,0.00070
1774332908.683132,-0.50000,0.26000,0.23000,23.94000,1.15940,0.00070
1774332908.683132,-0.50000,0.38000,0.11000,23.94000,1.22220,0.00070
1774332908.683132,-0.52000,0.47000,0.04000,23.94000,1.28510,0.00070
1774332908.683132,-0.56000,0.51000,0.04000,23.94000,1.34790,0.00070
1774332908.683132,-0.59000,0.56000,0.03000,23.94000,1.41070,0.00070
1774332908.683132,-0.61000,0.57000,0.03000,23.96000,1.47360,0.00070
1774332908.683132,-0.63000,0.60000,0.03000,23.94000,1.53640,0.00070
1774332908.683132,-0.65000,0.62000,0.03000,23.96000,1.59920,0.00070
1774332908.683132,-0.65000,0.63000,0.02000,23.94000,1.66210,0.00070
1774332908.683132,-0.63000,0.62000,0.01000,23.94000,1.72490,0.00070
1774332908.683132,-0.61000,0.61000,0.00000,23.94000,1.78770,0.00070
1774332908.683132,-0.60000,0.61000,0.00000,23.94000,1.85060,0.00070
1774332908.683132,-0.55000,0.57000,-0.02000,23.94000,1.91340,0.00070
1774332908.683132,-0.50000,0.53000,-0.03000,23.96000,1.97620,0.00070
1774332908.683132,-0.41000,0.51000,-0.09000,23.96000,2.03910,0.00070
1774332908.691671,-0.28000,0.51000,-0.23000,23.94000,2.10190,0.00070
1774332908.691671,-0.16000,0.51000,-0.35000,23.94000,2.16470,0.00070
1774332908.691671,-0.06000,0.51000,-0.44000,23.94000,2.22760,0.00070
1774332908.691671,-0.04000,0.54000,-0.49000,23.96000,2.29040,0.00070
1774332908.691671,-0.03000,0.57000,-0.53000,23.93000,2.35320,0.00070
1774332908.691671,-0.02000,0.58000,-0.56000,23.94000,2.41610,0.00070
1774332908.691671,-0.02000,0.60000,-0.58000,23.94000,2.47890,0.00070
1774332908.691671,0.00000,0.61000,-0.60000,23.94000,2.54170,0.00070
1774332908.691671,0.00000,0.61000,-0.61000,23.94000,2.60460,0.00070
1774332908.691671,0.00000,0.61000,-0.61000,23.94000,2.66740,0.00070
1774332908.691671,0.00000,0.60000,-0.60000,23.93000,2.73020,0.00070
1774332908.691671,0.00000,0.60000,-0.59000,23.93000,2.79310,0.00070
1774332908.691671,0.00000,0.58000,-0.57000,23.94000,2.85590,0.00070
1774332908.691671,0.00000,0.55000,-0.55000,23.94000,2.91870,0.00070
1774332908.691671,0.00000,0.51000,-0.51000,23.94000,2.98160,0.00070
1774332908.691671,0.01000,0.46000,-0.48000,23.94000,3.04440,0.00070
1774332908.691671,0.06000,0.40000,-0.46000,23.96000,3.10720,0.00070
1774332908.691671,0.17000,0.29000,-0.46000,23.94000,3.17010,0.00070
1774332908.691671,0.26000,0.18000,-0.44000,23.94000,3.23290,0.00070
1774332908.691671,0.35000,0.07000,-0.42000,23.94000,3.29570,0.00070
1774332908.691671,0.38000,0.03000,-0.42000,23.94000,3.35860,0.00070
1774332908.691671,0.38000,0.03000,-0.42000,23.94000,3.42140,0.00070
1774332908.691671,0.38000,0.03000,-0.41000,23.96000,3.48420,0.00070
1774332908.691671,0.38000,0.03000,-0.42000,23.94000,3.54710,0.00070
1774332908.691671,0.41000,0.04000,-0.45000,23.94000,3.60990,0.00070
1774332908.691671,0.43000,0.04000,-0.48000,23.94000,3.67270,0.00070
1774332908.691671,0.47000,0.04000,-0.51000,23.94000,3.73560,0.00070
1774332908.691671,0.49000,0.03000,-0.53000,23.94000,3.79840,0.00070
1774332908.691671,0.51000,0.03000,-0.54000,23.94000,3.86120,0.00070
1774332908.691671,0.52000,0.01000,-0.54000,23.94000,3.92410,0.00070
1774332908.691671,0.53000,0.00000,-0.53000,23.93000,3.98690,0.00070
1774332908.691671,0.51000,0.00000,-0.52000,23.94000,4.04970,0.00070
1774332908.719233,0.49000,0.00000,-0.49000,23.96000,4.11250,0.00070
1774332908.719233,0.47000,-0.01000,-0.46000,23.94000,4.17540,0.00070
1774332908.719233,0.45000,-0.04000,-0.40000,23.94000,4.23820,0.00070
1774332908.719233,0.48000,-0.16000,-0.32000,23.94000,4.30100,0.00070
1774332908.719233,0.50000,-0.27000,-0.22000,23.94000,4.36390,0.00070
1774332908.719233,0.52000,-0.40000,-0.11000,23.93000,4.42670,0.00070
1774332908.719233,0.56000,-0.50000,-0.05000,23.94000,4.48950,0.00070
1774332908.719233,0.60000,-0.56000,-0.04000,23.94000,4.55230,0.00070
1774332908.719233,0.62000,-0.59000,-0.02000,23.94000,4.61520,0.00070
1774332908.719233,0.65000,-0.63000,-0.01000,23.93000,4.67800,0.00070
1774332908.719233,0.66000,-0.65000,-0.01000,23.94000,4.74080,0.00070
1774332908.719233,0.65000,-0.65000,0.00000,23.94000,4.80370,0.00070
1774332908.719233,0.64000,-0.64000,0.00000,23.94000,4.86650,0.00070
1774332908.719233,0.63000,-0.62000,0.00000,23.94000,4.92930,0.00070
1774332908.719233,0.59000,-0.60000,0.00000,23.94000,4.99210,0.00070
1774332908.719233,0.53000,-0.55000,0.01000,23.94000,5.05500,0.00070
1774332908.736202,0.46000,-0.51000,0.04000,23.94000,5.11780,0.00070
1774332908.736202,0.36000,-0.51000,0.15000,23.94000,5.18060,0.00070
1774332908.736202,0.26000,-0.53000,0.27000,23.94000,5.24340,0.00070
1774332908.736202,0.15000,-0.52000,0.37000,23.94000,5.30630,0.00070
1774332908.736202,0.06000,-0.52000,0.46000,23.94000,5.36910,0.00070
1774332908.736202,0.03000,-0.54000,0.50000,23.94000,5.43190,0.00070
1774332908.736202,0.03000,-0.56000,0.52000,23.94000,5.49480,0.00070
1774332908.736202,0.02000,-0.57000,0.55000,23.94000,5.55760,0.00070
1774332908.736202,0.02000,-0.58000,0.56000,23.94000,5.62040,0.00070
1774332908.736202,0.03000,-0.59000,0.56000,23.94000,5.68320,0.00070
1774332908.736202,0.03000,-0.60000,0.57000,23.94000,5.74610,0.00070
1774332908.736202,0.02000,-0.61000,0.58000,23.94000,5.80890,0.00070
1774332908.736202,0.02000,-0.61000,0.58000,23.94000,5.87170,0.00070
1774332908.736202,0.01000,-0.61000,0.59000,23.96000,5.93460,0.00070
1774332908.736202,0.01000,-0.59000,0.58000,23.94000,5.99740,0.00070
1774332908.736202,0.00000,-0.56000,0.56000,23.94000,6.06020,0.00070
1774332908.737207,-0.01000,-0.52000,0.54000,23.96000,6.12300,0.00070
1774332908.737207,-0.02000,-0.47000,0.50000,23.94000,6.18590,0.00070
1774332908.738207,-0.08000,-0.40000,0.49000,23.94000,6.24870,0.00070
1774332908.738207,-0.19000,-0.28000,0.48000,23.94000,0.02830,0.00070
1774332908.738207,-0.30000,-0.16000,0.47000,23.94000,0.09120,0.00070
1774332908.738207,-0.38000,-0.06000,0.44000,23.96000,0.15400,0.00070
1774332908.738207,-0.41000,-0.04000,0.46000,23.94000,0.21680,0.00070
1774332908.738207,-0.41000,-0.03000,0.45000,23.94000,0.27970,0.00070
1774332908.738207,-0.41000,-0.03000,0.44000,23.94000,0.34250,0.00070
1774332908.738207,-0.41000,-0.02000,0.43000,23.94000,0.40530,0.00070
1774332908.738207,-0.42000,-0.01000,0.44000,23.94000,0.46820,0.00070
1774332908.738207,-0.44000,-0.02000,0.46000,23.94000,0.53100,0.00070
1774332908.738207,-0.47000,-0.02000,0.50000,23.94000,0.59380,0.00070
1774332908.738207,-0.49000,-0.02000,0.52000,23.94000,0.65670,0.00070
1774332908.738207,-0.51000,-0.02000,0.53000,23.94000,0.71950,0.00070
1774332908.738207,-0.52000,-0.02000,0.54000,23.94000,0.78230,0.00070
1774332908.753258,-0.52000,-0.01000,0.53000,23.94000,0.84520,0.00070
1774332908.753258,-0.50000,-0.01000,0.51000,23.94000,0.90800,0.00070
1774332908.753258,-0.46000,-0.01000,0.47000,23.94000,0.97080,0.00070
1774332908.753258,-0.45000,0.00000,0.44000,23.94000,1.03370,0.00070
1774332908.753258,-0.43000,0.05000,0.38000,23.96000,1.09650,0.00070
1774332908.753258,-0.45000,0.16000,0.28000,23.94000,1.15930,0.00070
1774332908.753258,-0.46000,0.27000,0.18000,23.94000,1.22210,0.00070
1774332908.753258,-0.48000,0.38000,0.10000,23.94000,1.28500,0.00070
1774332908.753258,-0.53000,0.47000,0.05000,23.94000,1.34780,0.00070
1774332908.753258,-0.58000,0.53000,0.05000,23.96000,1.41060,0.00070
1774332908.753258,-0.62000,0.57000,0.04000,23.94000,1.47350,0.00070
1774332908.753258,-0.66000,0.62000,0.04000,23.94000,1.53630,0.00070
1774332908.753258,-0.68000,0.64000,0.04000,23.94000,1.59910,0.00070
1774332908.753258,-0.70000,0.66000,0.03000,23.94000,1.66200,0.00070
1774332908.753258,-0.68000,0.66000,0.02000,23.96000,1.72480,0.00070
1774332908.753258,-0.65000,0.64000,0.00000,23.94000,1.78760,0.00070
1774332908.770257,-0.60000,0.61000,-0.01000,23.94000,1.85050,0.00070
1774332908.770257,-0.52000,0.55000,-0.03000,23.94000,1.91330,0.00070
1774332908.770257,-0.43000,0.51000,-0.08000,23.94000,1.97610,0.00070
1774332908.770257,-0.30000,0.52000,-0.22000,23.96000,2.03900,0.00070
1774332908.770257,-0.19000,0.53000,-0.34000,23.94000,2.10180,0.00070
1774332908.770257,-0.10000,0.53000,-0.42000,23.94000,2.16460,0.00070
1774332908.770257,-0.05000,0.53000,-0.47000,23.96000,2.22750,0.00070
1774332908.770257,-0.05000,0.54000,-0.49000,23.94000,2.29030,0.00070
1774332908.770257,-0.04000,0.56000,-0.52000,23.96000,2.35310,0.00070
1774332908.770257,-0.02000,0.58000,-0.56000,23.94000,2.41600,0.00070
1774332908.770257,-0.01000,0.60000,-0.58000,23.94000,2.47880,0.00070
1774332908.770257,-0.01000,0.61000,-0.59000,23.94000,2.54160,0.00070
1774332908.770257,0.00000,0.60000,-0.61000,23.94000,2.60450,0.00070
1774332908.770257,0.00000,0.61000,-0.61000,23.94000,2.66730,0.00070
1774332908.770257,0.00000,0.60000,-0.59000,23.94000,2.73010,0.00070
1774332908.770257,0.00000,0.60000,-0.60000,23.94000,2.79300,0.00070
1774332908.806329,0.00000,0.58000,-0.58000,23.94000,2.85580,0.00070
1774332908.806329,0.00000,0.55000,-0.55000,23.94000,2.91860,0.00070
1774332908.806329,0.00000,0.51000,-0.52000,23.96000,2.98150,0.00070
1774332908.806329,0.03000,0.46000,-0.49000,23.94000,3.04430,0.00070
1774332908.806329,0.09000,0.38000,-0.48000,23.94000,3.10710,0.00070
1774332908.806329,0.20000,0.27000,-0.48000,23.94000,3.17000,0.00070
1774332908.806329,0.30000,0.15000,-0.46000,23.94000,3.23280,0.00070
1774332908.806329,0.40000,0.05000,-0.45000,23.94000,3.29560,0.00070
1774332908.806329,0.43000,0.02000,-0.46000,23.94000,3.35850,0.00070
1774332908.806329,0.44000,0.02000,-0.47000,23.94000,3.42130,0.00070
1774332908.806329,0.44000,0.02000,-0.46000,23.94000,3.48410,0.00070
1774332908.806329,0.42000,0.02000,-0.45000,23.96000,3.54700,0.00070
1774332908.806329,0.40000,0.03000,-0.43000,23.94000,3.60980,0.00070
1774332908.806329,0.37000,0.03000,-0.41000,23.94000,3.67260,0.00070
1774332908.806329,0.37000,0.03000,-0.41000,23.94000,3.73550,0.00070
1774332908.806329,0.38000,0.03000,-0.42000,23.94000,3.79830,0.00070
1774332908.806329,0.41000,0.02000,-0.44000,23.94000,3.86110,0.00070
1774332908.806329,0.44000,0.02000,-0.47000,23.96000,3.92400,0.00070
1774332908.806329,0.46000,0.01000,-0.47000,23.94000,3.98680,0.00070
1774332908.806329,0.46000,0.00000,-0.46000,23.94000,4.04960,0.00070
1774332908.806329,0.44000,0.00000,-0.44000,23.94000,4.11250,0.00070
1774332908.806329,0.42000,-0.01000,-0.40000,23.94000,4.17530,0.00070
1774332908.806329,0.40000,-0.04000,-0.35000,23.94000,4.23810,0.00070
1774332908.806329,0.40000,-0.13000,-0.26000,23.94000,4.30090,0.00070
1774332908.806329,0.41000,-0.24000,-0.17000,23.96000,4.36380,0.00070
1774332908.806329,0.43000,-0.34000,-0.08000,23.94000,4.42660,0.00070
1774332908.806329,0.47000,-0.41000,-0.06000,23.96000,4.48940,0.00070
1774332908.806329,0.54000,-0.48000,-0.05000,23.94000,4.55220,0.00070
1774332908.806329,0.57000,-0.53000,-0.04000,23.94000,4.61510,0.00070
1774332908.806329,0.63000,-0.60000,-0.02000,23.94000,4.67790,0.00070
1774332908.806329,0.66000,-0.64000,-0.02000,23.94000,4.74070,0.00070
1774332908.806329,0.67000,-0.65000,-0.02000,23.96000,4.80360,0.00070
1774332908.833174,0.68000,-0.65000,-0.02000,23.94000,4.86640,0.00070
1774332908.833174,0.68000,-0.66000,-0.01000,23.94000,4.92920,0.00070
1774332908.833174,0.65000,-0.64000,0.00000,23.94000,4.99200,0.00070
1774332908.833174,0.60000,-0.60000,0.00000,23.94000,5.05490,0.00070
1774332908.833174,0.53000,-0.55000,0.02000,23.93000,5.11770,0.00070
1774332908.833174,0.42000,-0.52000,0.09000,23.94000,5.18050,0.00070
1774332908.833174,0.31000,-0.54000,0.22000,23.96000,5.24340,0.00070
1774332908.833174,0.19000,-0.53000,0.33000,23.94000,5.30620,0.00070
1774332908.833174,0.09000,-0.53000,0.44000,23.94000,5.36900,0.00070
1774332908.833174,0.04000,-0.54000,0.50000,23.94000,5.43180,0.00070
1774332908.833174,0.03000,-0.58000,0.54000,23.94000,5.49470,0.00070
1774332908.833174,0.02000,-0.60000,0.57000,23.93000,5.55750,0.00070
1774332908.833174,0.02000,-0.62000,0.60000,23.94000,5.62030,0.00070
1774332908.833174,0.02000,-0.65000,0.63000,23.94000,5.68320,0.00070
1774332908.833174,0.01000,-0.65000,0.64000,23.94000,5.74600,0.00070
1774332908.833174,0.02000,-0.66000,0.64000,23.96000,5.80880,0.00070
1774332908.833174,0.00000,-0.64000,0.64000,23.94000,5.87160,0.00070
1774332908.833174,0.00000,-0.64000,0.64000,23.94000,5.93450,0.00070
1774332908.833174,0.00000,-0.61000,0.61000,23.93000,5.99730,0.00070
1774332908.833174,-0.02000,-0.56000,0.59000,23.93000,6.06010,0.00070
1774332908.833174,-0.04000,-0.52000,0.56000,23.96000,6.12290,0.00070
1774332908.833174,-0.07000,-0.46000,0.53000,23.94000,6.18580,0.00070
1774332908.833174,-0.17000,-0.36000,0.54000,23.94000,6.24860,0.00070
1774332908.833174,-0.27000,-0.25000,0.53000,23.96000,0.02820,0.00070
1774332908.833174,-0.36000,-0.14000,0.50000,23.94000,0.09110,0.00070
1774332908.833174,-0.42000,-0.05000,0.48000,23.94000,0.15390,0.00070
1774332908.833174,-0.44000,-0.04000,0.48000,23.94000,0.21670,0.00070
1774332908.833174,-0.46000,-0.02000,0.49000,23.94000,0.27960,0.00070
1774332908.833174,-0.47000,-0.01000,0.49000,23.96000,0.34240,0.00070
1774332908.833174,-0.48000,0.00000,0.49000,23.94000,0.40520,0.00070
1774332908.833174,-0.49000,0.00000,0.49000,23.94000,0.46810,0.00070
1774332908.833174,-0.47000,0.00000,0.47000,23.94000,0.53090,0.00070
1774332908.850175,-0.44000,0.00000,0.44000,23.94000,0.59370,0.00070
1774332908.850175,-0.41000,-0.01000,0.42000,23.96000,0.65660,0.00070
1774332908.850175,-0.40000,-0.01000,0.41000,23.94000,0.71940,0.00070
1774332908.850175,-0.39000,-0.01000,0.41000,23.93000,0.78220,0.00070
1774332908.850175,-0.39000,-0.02000,0.41000,23.94000,0.84510,0.00070
1774332908.850175,-0.39000,-0.02000,0.41000,23.94000,0.90790,0.00070
1774332908.850175,-0.37000,-0.02000,0.39000,23.96000,0.97070,0.00070
1774332908.850175,-0.37000,0.00000,0.36000,23.94000,1.03360,0.00070
1774332908.850175,-0.36000,0.07000,0.29000,23.96000,1.09640,0.00070
1774332908.850175,-0.37000,0.18000,0.19000,23.94000,1.15920,0.00070
1774332908.850175,-0.36000,0.25000,0.10000,23.94000,1.22210,0.00070
1774332908.850175,-0.36000,0.30000,0.05000,23.94000,1.28490,0.00070
1774332908.850175,-0.38000,0.33000,0.05000,23.94000,1.34770,0.00070
1774332908.850175,-0.43000,0.38000,0.05000,23.94000,1.41060,0.00070
1774332908.850175,-0.48000,0.43000,0.05000,23.94000,1.47340,0.00070
1774332908.850175,-0.57000,0.51000,0.05000,23.96000,1.53620,0.00070
1774332908.884302,-0.62000,0.56000,0.05000,23.94000,1.59910,0.00070
1774332908.884302,-0.65000,0.61000,0.04000,23.94000,1.66190,0.00070
1774332908.884302,-0.67000,0.64000,0.03000,23.93000,1.72470,0.00070
1774332908.884302,-0.67000,0.65000,0.02000,23.94000,1.78760,0.00070
1774332908.884302,-0.66000,0.65000,0.01000,23.94000,1.85040,0.00070
1774332908.884302,-0.62000,0.63000,-0.01000,23.94000,1.91320,0.00070
1774332908.884302,-0.55000,0.58000,-0.02000,23.94000,1.97600,0.00070
1774332908.884302,-0.46000,0.53000,-0.06000,23.96000,2.03890,0.00070
1774332908.884302,-0.32000,0.53000,-0.21000,23.94000,2.10170,0.00070
1774332908.884302,-0.18000,0.52000,-0.34000,23.94000,2.16450,0.00070
1774332908.884302,-0.09000,0.52000,-0.43000,23.94000,2.22740,0.00070
1774332908.884302,-0.05000,0.54000,-0.49000,23.94000,2.29020,0.00070
1774332908.884302,-0.04000,0.57000,-0.53000,23.96000,2.35300,0.00070
1774332908.884302,-0.03000,0.60000,-0.57000,23.94000,2.41590,0.00070
1774332908.884302,-0.01000,0.62000,-0.60000,23.94000,2.47870,0.00070
1774332908.884302,-0.01000,0.64000,-0.62000,23.94000,2.54150,0.00070
1774332908.884302,0.00000,0.64000,-0.64000,23.94000,2.60440,0.00070
1774332908.884302,-0.01000,0.65000,-0.63000,23.96000,2.66720,0.00070
1774332908.884302,-0.01000,0.64000,-0.62000,23.94000,2.73000,0.00070
1774332908.884302,-0.01000,0.63000,-0.62000,23.94000,2.79290,0.00070
1774332908.884302,0.00000,0.61000,-0.60000,23.94000,2.85570,0.00070
1774332908.884302,-0.01000,0.58000,-0.57000,23.94000,2.91850,0.00070
1774332908.884302,0.00000,0.55000,-0.54000,23.96000,2.98140,0.00070
1774332908.884302,0.00000,0.50000,-0.51000,23.96000,3.04420,0.00070
1774332908.884302,0.02000,0.45000,-0.48000,23.96000,3.10700,0.00070
1774332908.885180,0.12000,0.35000,-0.47000,23.94000,3.16990,0.00070
1774332908.885180,0.23000,0.24000,-0.47000,23.94000,3.23270,0.00070
1774332908.885180,0.33000,0.12000,-0.46000,23.94000,3.29550,0.00070
1774332908.885180,0.42000,0.05000,-0.47000,23.94000,3.35840,0.00070
1774332908.885180,0.46000,0.03000,-0.50000,23.94000,3.42120,0.00070
1774332908.885180,0.49000,0.03000,-0.53000,23.93000,3.48400,0.00070
1774332908.885180,0.52000,0.03000,-0.55000,23.94000,3.54690,0.00070
1774332908.902243,0.55000,0.03000,-0.58000,23.94000,3.60970,0.00070
1774332908.902243,0.55000,0.03000,-0.59000,23.94000,3.67250,0.00070
1774332908.902243,0.57000,0.02000,-0.60000,23.94000,3.73540,0.00070
1774332908.902243,0.56000,0.01000,-0.58000,23.93000,3.79820,0.00070
1774332908.902243,0.56000,0.01000,-0.57000,23.93000,3.86100,0.00070
1774332908.902243,0.55000,0.00000,-0.55000,23.96000,3.92390,0.00070
1774332908.902243,0.53000,-0.01000,-0.52000,23.94000,3.98670,0.00070
1774332908.902243,0.51000,-0.02000,-0.49000,23.94000,4.04950,0.00070
1774332908.902243,0.45000,-0.02000,-0.43000,23.96000,4.11240,0.00070
1774332908.902243,0.44000,-0.07000,-0.36000,23.94000,4.17520,0.00070
1774332908.902243,0.43000,-0.16000,-0.26000,23.94000,4.23800,0.00070
1774332908.902243,0.42000,-0.24000,-0.18000,23.94000,4.30080,0.00070
1774332908.902243,0.40000,-0.30000,-0.09000,23.94000,4.36370,0.00070
1774332908.902243,0.42000,-0.36000,-0.06000,23.94000,4.42650,0.00070
1774332908.902243,0.45000,-0.40000,-0.05000,23.94000,4.48930,0.00070
1774332908.902243,0.49000,-0.45000,-0.04000,23.94000,4.55220,0.00070
1774332908.930370,0.53000,-0.49000,-0.03000,23.94000,4.61500,0.00070
1774332908.930370,0.57000,-0.55000,-0.02000,23.94000,4.67780,0.00070
1774332908.930370,0.60000,-0.58000,-0.01000,23.93000,4.74060,0.00070
1774332908.930370,0.62000,-0.61000,-0.01000,23.94000,4.80350,0.00070
1774332908.930370,0.62000,-0.61000,-0.01000,23.93000,4.86630,0.00070
1774332908.930370,0.61000,-0.59000,-0.01000,23.96000,4.92910,0.00070
1774332908.930370,0.61000,-0.59000,-0.01000,23.94000,4.99200,0.00070
1774332908.930370,0.58000,-0.57000,0.00000,23.96000,5.05480,0.00070
1774332908.930370,0.55000,-0.55000,0.00000,23.94000,5.11760,0.00070
1774332908.930370,0.49000,-0.52000,0.03000,23.94000,5.18040,0.00070
1774332908.930370,0.36000,-0.52000,0.15000,23.94000,5.24330,0.00070
1774332908.930370,0.23000,-0.52000,0.28000,23.94000,5.30610,0.00070
1774332908.930370,0.12000,-0.52000,0.39000,23.94000,5.36890,0.00070
1774332908.930370,0.06000,-0.53000,0.47000,23.94000,5.43170,0.00070
1774332908.930370,0.03000,-0.55000,0.52000,23.94000,5.49460,0.00070
1774332908.930370,0.03000,-0.59000,0.56000,23.94000,5.55740,0.00070
1774332908.930370,0.03000,-0.62000,0.58000,23.94000,5.62020,0.00070
1774332908.930370,0.02000,-0.63000,0.60000,23.94000,5.68310,0.00070
1774332908.930370,0.03000,-0.65000,0.62000,23.93000,5.74590,0.00070
1774332908.930370,0.02000,-0.66000,0.63000,23.94000,5.80870,0.00070
1774332908.930370,0.02000,-0.64000,0.62000,23.93000,5.87150,0.00070
1774332908.930370,0.00000,-0.63000,0.62000,23.94000,5.93440,0.00070
1774332908.930370,0.00000,-0.61000,0.60000,23.94000,5.99720,0.00070
1774332908.930370,0.00000,-0.57000,0.58000,23.96000,6.06000,0.00070
1774332908.930370,-0.01000,-0.53000,0.54000,23.94000,6.12290,0.00070
1774332908.930370,-0.02000,-0.48000,0.51000,23.94000,6.18570,0.00070
1774332908.930370,-0.05000,-0.43000,0.48000,23.94000,6.24850,0.00070
1774332908.930370,-0.14000,-0.32000,0.46000,23.94000,0.02820,0.00070
1774332908.930370,-0.22000,-0.22000,0.44000,23.94000,0.09100,0.00070
1774332908.930370,-0.30000,-0.13000,0.43000,23.94000,0.15380,0.00070
1774332908.930370,-0.36000,-0.06000,0.42000,23.94000,0.21670,0.00070
1774332908.930370,-0.39000,-0.05000,0.44000,23.96000,0.27950,0.00070
1774332908.967370,-0.42000,-0.04000,0.47000,23.94000,0.34230,0.00070
1774332908.967370,-0.46000,-0.03000,0.49000,23.94000,0.40510,0.00070
1774332908.967370,-0.51000,-0.02000,0.54000,23.93000,0.46800,0.00070
1774332908.967370,-0.54000,-0.02000,0.57000,23.94000,0.53080,0.00070
1774332908.967370,-0.58000,-0.02000,0.60000,23.94000,0.59360,0.00070
1774332908.967370,-0.58000,-0.01000,0.60000,23.94000,0.65650,0.00070
1774332908.967370,-0.57000,-0.01000,0.59000,23.94000,0.71930,0.00070
1774332908.967370,-0.56000,-0.01000,0.58000,23.93000,0.78210,0.00070
1774332908.967370,-0.55000,-0.01000,0.56000,23.94000,0.84500,0.00070
1774332908.967370,-0.53000,0.00000,0.54000,23.94000,0.90780,0.00070
1774332908.967370,-0.49000,0.00000,0.48000,23.94000,0.97060,0.00070
1774332908.967370,-0.47000,0.04000,0.43000,23.96000,1.03350,0.00070
1774332908.967370,-0.48000,0.15000,0.32000,23.94000,1.09630,0.00070
1774332908.967370,-0.48000,0.26000,0.22000,23.94000,1.15910,0.00070
1774332908.967370,-0.48000,0.36000,0.12000,23.94000,1.22200,0.00070
1774332908.967370,-0.50000,0.44000,0.05000,23.94000,1.28480,0.00070
1774332908.967370,-0.54000,0.49000,0.04000,23.94000,1.34760,0.00070
1774332908.967370,-0.58000,0.54000,0.03000,23.94000,1.41050,0.00070
1774332908.967370,-0.60000,0.57000,0.03000,23.94000,1.47330,0.00070
1774332908.967370,-0.64000,0.61000,0.03000,23.94000,1.53610,0.00070
1774332908.967370,-0.64000,0.61000,0.02000,23.94000,1.59900,0.00070
1774332908.967370,-0.64000,0.62000,0.01000,23.94000,1.66180,0.00070
1774332908.967370,-0.62000,0.61000,0.00000,23.94000,1.72460,0.00070
1774332908.967370,-0.60000,0.60000,0.00000,23.94000,1.78750,0.00070
1774332908.967370,-0.58000,0.59000,-0.01000,23.94000,1.85030,0.00070
1774332908.967370,-0.53000,0.56000,-0.02000,23.94000,1.91310,0.00070
1774332908.967370,-0.50000,0.53000,-0.02000,23.94000,1.97600,0.00070
1774332908.967370,-0.43000,0.49000,-0.05000,23.94000,2.03880,0.00070
1774332908.967370,-0.33000,0.49000,-0.16000,23.94000,2.10160,0.00070
1774332908.967370,-0.21000,0.49000,-0.27000,23.94000,2.16450,0.00070
1774332908.976371,-0.10000,0.49000,-0.39000,23.94000,2.22730,0.00070
1774332908.976371,-0.05000,0.51000,-0.45000,23.96000,2.29010,0.00070
1774332908.977373,-0.04000,0.54000,-0.49000,23.94000,2.35300,0.00070
1774332908.977373,-0.03000,0.56000,-0.53000,23.94000,2.41580,0.00070
1774332908.977373,-0.02000,0.59000,-0.56000,23.94000,2.47860,0.00070
1774332908.977373,-0.01000,0.60000,-0.58000,23.94000,2.54150,0.00070
1774332908.977373,-0.01000,0.61000,-0.59000,23.94000,2.60430,0.00070
1774332908.977373,0.00000,0.62000,-0.61000,23.94000,2.66710,0.00070
1774332908.977373,-0.01000,0.61000,-0.60000,23.94000,2.72990,0.00070
1774332908.977373,0.00000,0.61000,-0.61000,23.94000,2.79280,0.00070
1774332908.977373,0.00000,0.59000,-0.58000,23.94000,2.85560,0.00070
1774332908.977373,0.00000,0.56000,-0.56000,23.94000,2.91840,0.00070
1774332908.977373,0.00000,0.53000,-0.53000,23.94000,2.98130,0.00070
1774332908.977373,0.02000,0.48000,-0.50000,23.94000,3.04410,0.00070
1774332908.977373,0.08000,0.40000,-0.49000,23.94000,3.10690,0.00070
1774332908.977373,0.18000,0.29000,-0.48000,23.94000,3.16980,0.00070
1774332908.977373,0.26000,0.19000,-0.45000,23.94000,3.23260,0.00070
1774332908.977373,0.33000,0.09000,-0.42000,23.94000,3.29540,0.00070
1774332908.994991,0.36000,0.05000,-0.41000,23.94000,3.35830,0.00070
1774332908.994991,0.37000,0.04000,-0.41000,23.94000,3.42110,0.00070
1774332908.994991,0.37000,0.04000,-0.42000,23.94000,3.48390,0.00070
1774332908.994991,0.41000,0.04000,-0.45000,23.94000,3.54680,0.00070
1774332908.994991,0.46000,0.04000,-0.50000,23.94000,3.60960,0.00070
1774332908.994991,0.49000,0.05000,-0.54000,23.93000,3.67240,0.00070
1774332908.994991,0.52000,0.04000,-0.57000,23.94000,3.73530,0.00070
1774332908.994991,0.54000,0.03000,-0.58000,23.93000,3.79810,0.00070
1774332908.994991,0.55000,0.02000,-0.58000,23.94000,3.86090,0.00070
1774332908.994991,0.56000,0.02000,-0.58000,23.96000,3.92380,0.00070
1774332908.994991,0.56000,0.00000,-0.57000,23.94000,3.98660,0.00070
1774332908.994991,0.55000,0.00000,-0.55000,23.93000,4.04940,0.00070
1774332908.994991,0.53000,0.00000,-0.52000,23.94000,4.11230,0.00070
1774332908.994991,0.50000,-0.02000,-0.47000,23.94000,4.17510,0.00070
1774332908.994991,0.49000,-0.13000,-0.36000,23.96000,4.23790,0.00070
1774332908.994991,0.50000,-0.26000,-0.23000,23.94000,4.30070,0.00070
1774332909.013500,0.51000,-0.39000,-0.12000,23.94000,4.36360,0.00070
1774332909.013500,0.53000,-0.47000,-0.05000,23.94000,4.42640,0.00070
1774332909.013500,0.57000,-0.52000,-0.04000,23.94000,4.48920,0.00070
1774332909.013500,0.60000,-0.57000,-0.03000,23.94000,4.55210,0.00070
1774332909.013500,0.60000,-0.58000,-0.01000,23.93000,4.61490,0.00070
1774332909.013500,0.64000,-0.63000,0.00000,23.94000,4.67770,0.00070
1774332909.013500,0.63000,-0.63000,0.00000,23.94000,4.74050,0.00070
1774332909.013500,0.65000,-0.64000,0.00000,23.94000,4.80340,0.00070
1774332909.013500,0.64000,-0.63000,0.00000,23.94000,4.86620,0.00070
1774332909.013500,0.63000,-0.62000,0.00000,23.94000,4.92900,0.00070
1774332909.013500,0.59000,-0.59000,0.00000,23.94000,4.99190,0.00070
1774332909.013500,0.55000,-0.56000,0.00000,23.94000,5.05470,0.00070
1774332909.013500,0.50000,-0.52000,0.02000,23.94000,5.11750,0.00070
1774332909.013500,0.41000,-0.51000,0.09000,23.96000,5.18030,0.00070
1774332909.013500,0.29000,-0.52000,0.23000,23.94000,5.24320,0.00070
1774332909.013500,0.17000,-0.52000,0.34000,23.96000,5.30600,0.00070
1774332909.031564,0.06000,-0.51000,0.45000,23.94000,5.36880,0.00070
1774332909.031564,0.03000,-0.54000,0.50000,23.94000,5.43170,0.00070
1774332909.031564,0.02000,-0.56000,0.54000,23.94000,5.49450,0.00070
1774332909.031564,0.02000,-0.58000,0.56000,23.94000,5.55730,0.00070
1774332909.031564,0.01000,-0.60000,0.59000,23.94000,5.62010,0.00070
1774332909.031564,0.02000,-0.61000,0.59000,23.94000,5.68300,0.00070
1774332909.031564,0.01000,-0.63000,0.61000,23.96000,5.74580,0.00070
1774332909.031564,0.01000,-0.63000,0.61000,23.94000,5.80860,0.00070
1774332909.031564,0.01000,-0.61000,0.59000,23.94000,5.87140,0.00070
1774332909.031564,0.01000,-0.61000,0.59000,23.94000,5.93430,0.00070
1774332909.031564,0.00000,-0.58000,0.57000,23.94000,5.99710,0.00070
1774332909.031564,0.00000,-0.54000,0.54000,23.94000,6.05990,0.00070
1774332909.031564,-0.01000,-0.50000,0.52000,23.93000,6.12280,0.00070
1774332909.031564,-0.02000,-0.47000,0.49000,23.94000,6.18560,0.00070
1774332909.031564,-0.05000,-0.41000,0.46000,23.94000,6.24840,0.00070
1774332909.031564,-0.16000,-0.29000,0.46000,23.94000,0.02810,0.00070
1774332909.046534,-0.26000,-0.18000,0.44000,23.96000,0.09090,0.00070
1774332909.046534,-0.35000,-0.07000,0.42000,23.94000,0.15370,0.00070
1774332909.047510,-0.38000,-0.05000,0.43000,23.94000,0.21660,0.00070
1774332909.047510,-0.39000,-0.04000,0.43000,23.96000,0.27940,0.00070
1774332909.047510,-0.38000,-0.03000,0.41000,23.94000,0.34220,0.00070
1774332909.047510,-0.39000,-0.02000,0.41000,23.94000,0.40510,0.00070
1774332909.047510,-0.42000,-0.01000,0.44000,23.94000,0.46790,0.00070
1774332909.047510,-0.44000,-0.01000,0.46000,23.94000,0.53070,0.00070
1774332909.047510,-0.48000,-0.02000,0.50000,23.96000,0.59350,0.00070
1774332909.047510,-0.49000,-0.02000,0.52000,23.94000,0.65640,0.00070
1774332909.047510,-0.51000,-0.02000,0.54000,23.94000,0.71920,0.00070
1774332909.047510,-0.52000,-0.02000,0.54000,23.96000,0.78200,0.00070
1774332909.047510,-0.51000,-0.02000,0.53000,23.94000,0.84490,0.00070
1774332909.047510,-0.50000,-0.02000,0.53000,23.96000,0.90770,0.00070
1774332909.047510,-0.48000,-0.02000,0.50000,23.94000,0.97050,0.00070
1774332909.047510,-0.46000,0.00000,0.46000,23.94000,1.03340,0.00070
1774332909.057509,-0.45000,0.04000,0.40000,23.94000,1.09620,0.00070
1774332909.057509,-0.47000,0.15000,0.32000,23.94000,1.15900,0.00070
1774332909.057509,-0.50000,0.27000,0.23000,23.94000,1.22190,0.00070
1774332909.057509,-0.52000,0.40000,0.12000,23.94000,1.28470,0.00070
1774332909.057509,-0.55000,0.50000,0.05000,23.94000,1.34750,0.00070
1774332909.057509,-0.61000,0.56000,0.04000,23.94000,1.41040,0.00070
1774332909.057509,-0.63000,0.59000,0.03000,23.93000,1.47320,0.00070
1774332909.057509,-0.65000,0.62000,0.03000,23.94000,1.53600,0.00070
1774332909.057509,-0.67000,0.63000,0.03000,23.94000,1.59890,0.00070
1774332909.057509,-0.67000,0.65000,0.02000,23.96000,1.66170,0.00070
1774332909.057509,-0.65000,0.63000,0.01000,23.93000,1.72450,0.00070
1774332909.057509,-0.62000,0.62000,0.00000,23.94000,1.78740,0.00070
1774332909.057509,-0.57000,0.59000,-0.01000,23.94000,1.85020,0.00070
1774332909.057509,-0.52000,0.56000,-0.03000,23.94000,1.91300,0.00070
1774332909.057509,-0.47000,0.52000,-0.05000,23.96000,1.97590,0.00070
1774332909.057509,-0.36000,0.51000,-0.15000,23.94000,2.03870,0.00070
1774332909.089235,-0.25000,0.52000,-0.27000,23.94000,2.10150,0.00070
1774332909.089235,-0.15000,0.51000,-0.36000,23.96000,2.16440,0.00070
1774332909.089235,-0.06000,0.51000,-0.45000,23.94000,2.22720,0.00070
1774332909.089235,-0.04000,0.54000,-0.49000,23.94000,2.29000,0.00070
1774332909.089235,-0.03000,0.56000,-0.52000,23.94000,2.35290,0.00070
1774332909.089235,-0.02000,0.57000,-0.55000,23.94000,2.41570,0.00070
1774332909.089235,-0.02000,0.58000,-0.56000,23.94000,2.47850,0.00070
1774332909.089235,-0.01000,0.58000,-0.57000,23.94000,2.54140,0.00070
1774332909.089235,-0.01000,0.59000,-0.58000,23.93000,2.60420,0.00070
1774332909.089235,-0.01000,0.60000,-0.59000,23.94000,2.66700,0.00070
1774332909.089235,0.00000,0.60000,-0.59000,23.94000,2.72990,0.00070
1774332909.089235,0.00000,0.61000,-0.60000,23.94000,2.79270,0.00070
1774332909.089235,0.00000,0.58000,-0.58000,23.94000,2.85550,0.00070
1774332909.089235,0.00000,0.55000,-0.55000,23.96000,2.91840,0.00070
1774332909.089235,0.00000,0.52000,-0.53000,23.94000,2.98120,0.00070
1774332909.089235,0.02000,0.47000,-0.49000,23.94000,3.04400,0.00070
1774332909.089235,0.09000,0.39000,-0.49000,23.94000,3.10690,0.00070
1774332909.089235,0.20000,0.28000,-0.49000,23.94000,3.16970,0.00070
1774332909.089235,0.30000,0.16000,-0.47000,23.94000,3.23250,0.00070
1774332909.089235,0.39000,0.06000,-0.45000,23.94000,3.29540,0.00070
1774332909.089235,0.41000,0.03000,-0.45000,23.94000,3.35820,0.00070
1774332909.089235,0.43000,0.02000,-0.45000,23.96000,3.42100,0.00070
1774332909.089235,0.41000,0.03000,-0.44000,23.96000,3.48380,0.00070
1774332909.089235,0.41000,0.03000,-0.44000,23.94000,3.54670,0.00070
1774332909.089235,0.42000,0.03000,-0.45000,23.94000,3.60950,0.00070
1774332909.089235,0.42000,0.04000,-0.46000,23.94000,3.67230,0.00070
1774332909.090236,0.46000,0.04000,-0.50000,23.94000,3.73520,0.00070
1774332909.090236,0.48000,0.03000,-0.51000,23.94000,3.79800,0.00070
1774332909.090236,0.49000,0.02000,-0.52000,23.94000,3.86080,0.00070
1774332909.090236,0.51000,0.01000,-0.53000,23.94000,3.92370,0.00070
1774332909.090236,0.52000,0.00000,-0.52000,23.94000,3.98650,0.00070
1774332909.090236,0.50000,0.00000,-0.49000,23.94000,4.04930,0.00070
1774332909.111763,0.47000,0.00000,-0.46000,23.94000,4.11220,0.00070
1774332909.111763,0.44000,-0.01000,-0.43000,23.93000,4.17500,0.00070
1774332909.111763,0.42000,-0.05000,-0.37000,23.94000,4.23780,0.00070
1774332909.111763,0.43000,-0.15000,-0.28000,23.94000,4.30070,0.00070
1774332909.111763,0.45000,-0.26000,-0.18000,23.96000,4.36350,0.00070
1774332909.111763,0.47000,-0.36000,-0.10000,23.96000,4.42630,0.00070
1774332909.111763,0.51000,-0.45000,-0.06000,23.94000,4.48910,0.00070
1774332909.111763,0.58000,-0.52000,-0.05000,23.94000,4.55200,0.00070
1774332909.111763,0.60000,-0.56000,-0.03000,23.94000,4.61480,0.00070
1774332909.111763,0.65000,-0.62000,-0.02000,23.94000,4.67760,0.00070
1774332909.111763,0.67000,-0.65000,-0.02000,23.94000,4.74050,0.00070
1774332909.111763,0.70000,-0.67000,-0.02000,23.94000,4.80330,0.00070
1774332909.111763,0.68000,-0.66000,-0.01000,23.94000,4.86610,0.00070
1774332909.111763,0.65000,-0.65000,0.00000,23.93000,4.92890,0.00070
1774332909.111763,0.60000,-0.61000,0.00000,23.94000,4.99180,0.00070
1774332909.111763,0.53000,-0.55000,0.01000,23.96000,5.05460,0.00070
1774332909.136762,0.43000,-0.51000,0.08000,23.94000,5.11740,0.00070
1774332909.136762,0.30000,-0.52000,0.22000,23.96000,5.18020,0.00070
1774332909.136762,0.20000,-0.54000,0.33000,23.94000,5.24310,0.00070
1774332909.136762,0.11000,-0.53000,0.41000,23.94000,5.30590,0.00070
1774332909.136762,0.05000,-0.53000,0.48000,23.94000,5.36870,0.00070
1774332909.136762,0.03000,-0.54000,0.51000,23.94000,5.43160,0.00070
1774332909.136762,0.02000,-0.56000,0.53000,23.96000,5.49440,0.00070
1774332909.136762,0.02000,-0.59000,0.56000,23.94000,5.55720,0.00070
1774332909.136762,0.01000,-0.60000,0.58000,23.94000,5.62000,0.00070
1774332909.136762,0.02000,-0.61000,0.59000,23.94000,5.68290,0.00070
1774332909.136762,0.01000,-0.62000,0.60000,23.94000,5.74570,0.00070
1774332909.136762,0.02000,-0.62000,0.60000,23.94000,5.80850,0.00070
1774332909.136762,0.01000,-0.61000,0.60000,23.94000,5.87140,0.00070
1774332909.136762,0.00000,-0.61000,0.60000,23.94000,5.93420,0.00070
1774332909.136762,0.00000,-0.58000,0.58000,23.94000,5.99700,0.00070
1774332909.136762,-0.01000,-0.54000,0.56000,23.94000,6.05980,0.00070
1774332909.137775,-0.02000,-0.51000,0.53000,23.94000,6.12270,0.00070
1774332909.137775,-0.03000,-0.46000,0.49000,23.94000,6.18550,0.00070
1774332909.137775,-0.08000,-0.39000,0.48000,23.94000,6.24830,0.00070
1774332909.137775,-0.20000,-0.27000,0.47000,23.94000,0.02800,0.00070
1774332909.137775,-0.30000,-0.16000,0.46000,23.94000,0.09080,0.00070
1774332909.137775,-0.40000,-0.05000,0.45000,23.94000,0.15360,0.00070
1774332909.137775,-0.42000,-0.04000,0.46000,23.93000,0.21650,0.00070
1774332909.137775,-0.44000,-0.02000,0.47000,23.94000,0.27930,0.00070
1774332909.137775,-0.44000,-0.01000,0.46000,23.94000,0.34210,0.00070
1774332909.137775,-0.43000,-0.01000,0.45000,23.94000,0.40500,0.00070
1774332909.137775,-0.42000,0.00000,0.43000,23.94000,0.46780,0.00070
1774332909.137775,-0.39000,0.00000,0.40000,23.94000,0.53060,0.00070
1774332909.137775,-0.38000,-0.01000,0.40000,23.94000,0.59350,0.00070
1774332909.137775,-0.39000,-0.02000,0.41000,23.94000,0.65630,0.00070
1774332909.137775,-0.41000,-0.02000,0.44000,23.94000,0.71910,0.00070
1774332909.137775,-0.44000,-0.02000,0.47000,23.94000,0.78190,0.00070
1774332909.153761,-0.45000,-0.02000,0.48000,23.94000,0.84480,0.00070
1774332909.153761,-0.45000,-0.02000,0.47000,23.96000,0.90760,0.00070
1774332909.153761,-0.43000,-0.02000,0.45000,23.94000,0.97040,0.00070
1774332909.153761,-0.41000,0.00000,0.41000,23.94000,1.03330,0.00070
1774332909.153761,-0.39000,0.04000,0.35000,23.94000,1.09610,0.00070
1774332909.153761,-0.40000,0.13000,0.26000,23.94000,1.15890,0.00070
1774332909.153761,-0.41000,0.23000,0.17000,23.94000,1.22180,0.00070
1774332909.153761,-0.43000,0.33000,0.10000,23.94000,1.28460,0.00070
1774332909.153761,-0.46000,0.40000,0.06000,23.96000,1.34740,0.00070
1774332909.153761,-0.54000,0.48000,0.05000,23.94000,1.41030,0.00070
1774332909.153761,-0.58000,0.53000,0.05000,23.94000,1.47310,0.00070
1774332909.153761,-0.63000,0.58000,0.05000,23.94000,1.53590,0.00070
1774332909.153761,-0.66000,0.62000,0.04000,23.93000,1.59880,0.00070
1774332909.153761,-0.68000,0.64000,0.03000,23.94000,1.66160,0.00070
1774332909.153761,-0.69000,0.66000,0.03000,23.94000,1.72440,0.00070
1774332909.153761,-0.67000,0.65000,0.01000,23.94000,1.78730,0.00070
1774332909.175763,-0.65000,0.65000,0.00000,23.94000,1.85010,0.00070
1774332909.175763,-0.60000,0.62000,-0.01000,23.94000,1.91290,0.00070
1774332909.175763,-0.53000,0.56000,-0.03000,23.94000,1.97580,0.00070
1774332909.175763,-0.44000,0.53000,-0.09000,23.94000,2.03860,0.00070
1774332909.175763,-0.31000,0.53000,-0.22000,23.94000,2.10140,0.00070
1774332909.175763,-0.18000,0.52000,-0.34000,23.94000,2.16430,0.00070
1774332909.175763,-0.08000,0.53000,-0.44000,23.94000,2.22710,0.00070
1774332909.175763,-0.05000,0.55000,-0.49000,23.96000,2.28990,0.00070
1774332909.175763,-0.03000,0.58000,-0.54000,23.94000,2.35280,0.00070
1774332909.175763,-0.02000,0.60000,-0.58000,23.94000,2.41560,0.00070
1774332909.175763,-0.02000,0.63000,-0.61000,23.96000,2.47840,0.00070
1774332909.175763,0.00000,0.63000,-0.63000,23.94000,2.54130,0.00070
1774332909.175763,0.00000,0.65000,-0.64000,23.94000,2.60410,0.00070
1774332909.175763,0.00000,0.64000,-0.64000,23.96000,2.66690,0.00070
1774332909.175763,0.00000,0.63000,-0.64000,23.94000,2.72980,0.00070
1774332909.175763,0.01000,0.62000,-0.64000,23.96000,2.79260,0.00070
1774332909.211717,0.01000,0.60000,-0.61000,23.94000,2.85540,0.00070
1774332909.211717,0.01000,0.56000,-0.58000,23.94000,2.91830,0.00070
1774332909.211717,0.03000,0.52000,-0.55000,23.94000,2.98110,0.00070
1774332909.211717,0.07000,0.46000,-0.54000,23.94000,3.04390,0.00070
1774332909.211717,0.17000,0.36000,-0.54000,23.94000,3.10680,0.00070
1774332909.211717,0.27000,0.25000,-0.52000,23.94000,3.16960,0.00070
1774332909.211717,0.36000,0.14000,-0.50000,23.96000,3.23240,0.00070
1774332909.211717,0.42000,0.05000,-0.47000,23.94000,3.29530,0.00070
1774332909.211717,0.45000,0.02000,-0.47000,23.94000,3.35810,0.00070
1774332909.211717,0.46000,0.02000,-0.49000,23.94000,3.42090,0.00070
1774332909.211717,0.47000,0.01000,-0.49000,23.94000,3.48380,0.00070
1774332909.211717,0.48000,0.02000,-0.50000,23.94000,3.54660,0.00070
1774332909.211717,0.48000,0.02000,-0.50000,23.94000,3.60940,0.00070
1774332909.211717,0.45000,0.02000,-0.48000,23.94000,3.67230,0.00070
1774332909.211717,0.44000,0.02000,-0.46000,23.94000,3.73510,0.00070
1774332909.211717,0.40000,0.02000,-0.43000,23.94000,3.79790,0.00070
1774332909.212717,0.39000,0.01000,-0.41000,23.94000,3.86080,0.00070
1774332909.212717,0.39000,0.01000,-0.40000,23.94000,3.92360,0.00070
1774332909.212717,0.39000,0.00000,-0.40000,23.94000,3.98640,0.00070
1774332909.212717,0.39000,0.00000,-0.39000,23.93000,4.04920,0.00070
1774332909.212717,0.38000,0.00000,-0.38000,23.94000,4.11210,0.00070
1774332909.212717,0.37000,-0.01000,-0.35000,23.94000,4.17490,0.00070
1774332909.212717,0.36000,-0.07000,-0.29000,23.94000,4.23770,0.00070
1774332909.212717,0.37000,-0.18000,-0.18000,23.96000,4.30060,0.00070
1774332909.212717,0.35000,-0.25000,-0.10000,23.94000,4.36340,0.00070
1774332909.212717,0.36000,-0.30000,-0.06000,23.94000,4.42620,0.00070
1774332909.212717,0.38000,-0.33000,-0.05000,23.94000,4.48900,0.00070
1774332909.212717,0.43000,-0.37000,-0.05000,23.94000,4.55190,0.00070
1774332909.212717,0.47000,-0.42000,-0.04000,23.96000,4.61470,0.00070
1774332909.212717,0.54000,-0.50000,-0.03000,23.94000,4.67750,0.00070
1774332909.212717,0.59000,-0.56000,-0.03000,23.94000,4.74040,0.00070
1774332909.212717,0.63000,-0.60000,-0.03000,23.94000,4.80320,0.00070
1774332909.221716,0.67000,-0.64000,-0.03000,23.94000,4.86600,0.00070
1774332909.221716,0.67000,-0.65000,-0.02000,23.96000,4.92880,0.00070
1774332909.221716,0.67000,-0.65000,-0.02000,23.94000,4.99170,0.00070
1774332909.221716,0.62000,-0.62000,0.00000,23.94000,5.05450,0.00070
1774332909.221716,0.57000,-0.58000,0.00000,23.94000,5.11730,0.00070
1774332909.221716,0.47000,-0.54000,0.06000,23.94000,5.18020,0.00070
1774332909.221716,0.33000,-0.54000,0.20000,23.94000,5.24300,0.00070
1774332909.221716,0.20000,-0.54000,0.33000,23.94000,5.30580,0.00070
1774332909.221716,0.10000,-0.53000,0.43000,23.94000,5.36860,0.00070
1774332909.221716,0.05000,-0.54000,0.49000,23.94000,5.43150,0.00070
1774332909.221716,0.03000,-0.57000,0.53000,23.94000,5.49430,0.00070
1774332909.221716,0.02000,-0.60000,0.57000,23.94000,5.55710,0.00070
1774332909.221716,0.03000,-0.63000,0.60000,23.94000,5.61990,0.00070
1774332909.221716,0.03000,-0.65000,0.62000,23.94000,5.68280,0.00070
1774332909.221716,0.02000,-0.65000,0.63000,23.93000,5.74560,0.00070
1774332909.221716,0.02000,-0.66000,0.64000,23.94000,5.80840,0.00070
1774332909.239719,0.02000,-0.65000,0.62000,23.93000,5.87130,0.00070
1774332909.239719,0.00000,-0.63000,0.62000,23.94000,5.93410,0.00070
1774332909.239719,0.02000,-0.62000,0.60000,23.93000,5.99690,0.00070
1774332909.239719,0.00000,-0.58000,0.58000,23.94000,6.05970,0.00070
1774332909.239719,0.00000,-0.55000,0.55000,23.96000,6.12260,0.00070
1774332909.239719,-0.02000,-0.50000,0.52000,23.94000,6.18540,0.00070
1774332909.239719,-0.03000,-0.46000,0.49000,23.94000,6.24820,0.00070
1774332909.239719,-0.12000,-0.35000,0.47000,23.94000,0.02790,0.00070
1774332909.239719,-0.23000,-0.23000,0.47000,23.94000,0.09070,0.00070
1774332909.239719,-0.34000,-0.11000,0.46000,23.94000,0.15350,0.00070
1774332909.239719,-0.42000,-0.05000,0.47000,23.94000,0.21640,0.00070
1774332909.239719,-0.46000,-0.04000,0.50000,23.94000,0.27920,0.00070
1774332909.239719,-0.50000,-0.02000,0.53000,23.94000,0.34200,0.00070
1774332909.239719,-0.53000,-0.01000,0.55000,23.94000,0.40490,0.00070
1774332909.239719,-0.56000,0.00000,0.57000,23.94000,0.46770,0.00070
1774332909.239719,-0.57000,0.00000,0.58000,23.94000,0.53050,0.00070
1774332909.258088,-0.58000,0.00000,0.59000,23.94000,0.59340,0.00070
1774332909.258088,-0.56000,0.00000,0.57000,23.94000,0.65620,0.00070
1774332909.258088,-0.56000,0.00000,0.57000,23.93000,0.71900,0.00070
1774332909.258088,-0.54000,0.00000,0.54000,23.93000,0.78190,0.00070
1774332909.258088,-0.53000,0.00000,0.52000,23.94000,0.84470,0.00070
1774332909.258088,-0.50000,0.00000,0.49000,23.94000,0.90750,0.00070
1774332909.258088,-0.45000,0.02000,0.43000,23.94000,0.97030,0.00070
1774332909.258088,-0.44000,0.08000,0.35000,23.94000,1.03320,0.00070
1774332909.258088,-0.44000,0.18000,0.25000,23.94000,1.09600,0.00070
1774332909.258088,-0.42000,0.26000,0.16000,23.94000,1.15880,0.00070
1774332909.258088,-0.40000,0.32000,0.08000,23.96000,1.22170,0.00070
1774332909.258088,-0.39000,0.35000,0.04000,23.94000,1.28450,0.00070
1774332909.258088,-0.43000,0.38000,0.04000,23.94000,1.34730,0.00070
1774332909.258088,-0.47000,0.43000,0.04000,23.94000,1.41020,0.00070
1774332909.258088,-0.51000,0.47000,0.04000,23.94000,1.47300,0.00070
1774332909.258088,-0.56000,0.51000,0.04000,23.94000,1.53580,0.00070
1774332909.266098,-0.60000,0.56000,0.04000,23.93000,1.59870,0.00070
1774332909.266098,-0.62000,0.59000,0.03000,23.94000,1.66150,0.00070
1774332909.266098,-0.61000,0.59000,0.02000,23.94000,1.72430,0.00070
1774332909.266098,-0.61000,0.60000,0.01000,23.94000,1.78720,0.00070
1774332909.266098,-0.61000,0.60000,0.00000,23.94000,1.85000,0.00070
1774332909.266098,-0.58000,0.58000,0.00000,23.94000,1.91280,0.00070
1774332909.266098,-0.54000,0.56000,-0.01000,23.94000,1.97570,0.00070
1774332909.266098,-0.48000,0.51000,-0.03000,23.94000,2.03850,0.00070
1774332909.266098,-0.37000,0.51000,-0.14000,23.94000,2.10130,0.00070
1774332909.266098,-0.23000,0.52000,-0.28000,23.94000,2.16420,0.00070
1774332909.266098,-0.12000,0.51000,-0.39000,23.94000,2.22700,0.00070
1774332909.266098,-0.06000,0.53000,-0.46000,23.94000,2.28980,0.00070
1774332909.266098,-0.05000,0.55000,-0.50000,23.94000,2.35270,0.00070
1774332909.266098,-0.03000,0.58000,-0.55000,23.94000,2.41550,0.00070
1774332909.266098,-0.02000,0.61000,-0.58000,23.93000,2.47830,0.00070
1774332909.266098,-0.02000,0.62000,-0.60000,23.93000,2.54120,0.00070
1774332909.301098,0.00000,0.63000,-0.63000,23.94000,2.60400,0.00070
1774332909.301098,0.00000,0.64000,-0.63000,23.94000,2.66680,0.00070
1774332909.301098,-0.01000,0.63000,-0.62000,23.96000,2.72970,0.00070
1774332909.301098,0.00000,0.63000,-0.63000,23.94000,2.79250,0.00070
1774332909.301098,0.00000,0.61000,-0.60000,23.94000,2.85530,0.00070
1774332909.301098,0.00000,0.57000,-0.57000,23.96000,2.91820,0.00070
1774332909.301098,0.00000,0.54000,-0.53000,23.94000,2.98100,0.00070
1774332909.301098,0.01000,0.49000,-0.51000,23.94000,3.04380,0.00070
1774332909.301098,0.04000,0.43000,-0.48000,23.94000,3.10670,0.00070
1774332909.301098,0.13000,0.33000,-0.47000,23.94000,3.16950,0.00070
1774332909.301098,0.22000,0.23000,-0.45000,23.94000,3.23230,0.00070
1774332909.301098,0.30000,0.13000,-0.44000,23.94000,3.29520,0.00070
1774332909.301098,0.37000,0.06000,-0.43000,23.94000,3.35800,0.00070
1774332909.301098,0.41000,0.04000,-0.46000,23.96000,3.42080,0.00070
1774332909.301098,0.43000,0.04000,-0.48000,23.94000,3.48370,0.00070
1774332909.301098,0.46000,0.04000,-0.51000,23.94000,3.54650,0.00070
1774332909.301098,0.51000,0.04000,-0.56000,23.94000,3.60930,0.00070
1774332909.301098,0.54000,0.04000,-0.59000,23.94000,3.67220,0.00070
1774332909.301098,0.58000,0.03000,-0.62000,23.96000,3.73500,0.00070
1774332909.301098,0.58000,0.02000,-0.61000,23.94000,3.79780,0.00070
1774332909.301098,0.58000,0.01000,-0.59000,23.93000,3.86070,0.00070
1774332909.301098,0.57000,0.00000,-0.58000,23.93000,3.92350,0.00070
1774332909.301098,0.55000,0.00000,-0.55000,23.94000,3.98630,0.00070
1774332909.301098,0.54000,-0.01000,-0.52000,23.96000,4.04920,0.00070
1774332909.301098,0.49000,-0.01000,-0.47000,23.94000,4.11200,0.00070
1774332909.301098,0.47000,-0.05000,-0.42000,23.94000,4.17480,0.00070
1774332909.301098,0.47000,-0.16000,-0.31000,23.94000,4.23760,0.00070
1774332909.301098,0.48000,-0.27000,-0.20000,23.94000,4.30050,0.00070
1774332909.301098,0.47000,-0.37000,-0.10000,23.94000,4.36330,0.00070
1774332909.301098,0.49000,-0.43000,-0.05000,23.94000,4.42610,0.00070
1774332909.301098,0.53000,-0.48000,-0.05000,23.93000,4.48900,0.00070
1774332909.301098,0.57000,-0.53000,-0.03000,23.94000,4.55180,0.00070
1774332909.316613,0.59000,-0.57000,-0.02000,23.94000,4.61460,0.00070
1774332909.316613,0.62000,-0.61000,-0.01000,23.93000,4.67740,0.00070
1774332909.316613,0.63000,-0.63000,0.00000,23.94000,4.74030,0.00070
1774332909.316613,0.63000,-0.63000,0.00000,23.94000,4.80310,0.00070
1774332909.316613,0.62000,-0.62000,0.00000,23.94000,4.86590,0.00070
1774332909.316613,0.59000,-0.59000,0.00000,23.93000,4.92870,0.00070
1774332909.316613,0.58000,-0.58000,0.00000,23.94000,4.99160,0.00070
1774332909.316613,0.54000,-0.55000,0.00000,23.94000,5.05440,0.00070
1774332909.316613,0.50000,-0.52000,0.01000,23.94000,5.11720,0.00070
1774332909.316613,0.45000,-0.50000,0.05000,23.94000,5.18010,0.00070
1774332909.316613,0.33000,-0.50000,0.16000,23.94000,5.24290,0.00070
1774332909.316613,0.22000,-0.50000,0.28000,23.96000,5.30570,0.00070
1774332909.316613,0.11000,-0.50000,0.38000,23.94000,5.36850,0.00070
1774332909.316613,0.05000,-0.51000,0.45000,23.94000,5.43140,0.00070
1774332909.316613,0.02000,-0.53000,0.50000,23.94000,5.49420,0.00070
1774332909.316613,0.02000,-0.56000,0.53000,23.94000,5.55700,0.00070
1774332909.335613,0.02000,-0.58000,0.56000,23.94000,5.61990,0.00070
1774332909.335613,0.02000,-0.61000,0.58000,23.94000,5.68270,0.00070
1774332909.335613,0.02000,-0.62000,0.59000,23.94000,5.74550,0.00070
1774332909.335613,0.02000,-0.63000,0.60000,23.94000,5.80830,0.00070
1774332909.335613,0.02000,-0.62000,0.60000,23.94000,5.87120,0.00070
1774332909.335613,0.01000,-0.62000,0.60000,23.94000,5.93400,0.00070
1774332909.335613,0.00000,-0.60000,0.59000,23.94000,5.99680,0.00070
1774332909.335613,-0.01000,-0.55000,0.57000,23.94000,6.05970,0.00070
1774332909.335613,-0.01000,-0.52000,0.54000,23.94000,6.12250,0.00070
1774332909.335613,-0.02000,-0.48000,0.51000,23.96000,6.18530,0.00070
1774332909.335613,-0.06000,-0.41000,0.48000,23.94000,6.24810,0.00070
1774332909.335613,-0.16000,-0.30000,0.47000,23.94000,0.02780,0.00070
1774332909.335613,-0.25000,-0.20000,0.45000,23.96000,0.09060,0.00070
1774332909.335613,-0.31000,-0.11000,0.42000,23.94000,0.15340,0.00070
1774332909.335613,-0.34000,-0.06000,0.40000,23.94000,0.21630,0.00070
1774332909.335613,-0.36000,-0.05000,0.42000,23.94000,0.27910,0.00070
1774332909.373612,-0.39000,-0.04000,0.43000,23.94000,0.34190,0.00070
1774332909.373612,-0.43000,-0.03000,0.47000,23.94000,0.40480,0.00070
1774332909.373612,-0.49000,-0.02000,0.51000,23.94000,0.46760,0.00070
1774332909.373612,-0.52000,-0.02000,0.54000,23.94000,0.53040,0.00070
1774332909.373612,-0.55000,-0.02000,0.57000,23.96000,0.59330,0.00070
1774332909.373612,-0.55000,-0.02000,0.58000,23.94000,0.65610,0.00070
1774332909.373612,-0.56000,-0.02000,0.59000,23.94000,0.71890,0.00070
1774332909.373612,-0.56000,-0.02000,0.58000,23.94000,0.78180,0.00070
1774332909.373612,-0.55000,-0.02000,0.58000,23.94000,0.84460,0.00070
1774332909.373612,-0.55000,-0.02000,0.57000,23.96000,0.90740,0.00070
1774332909.373612,-0.52000,-0.01000,0.53000,23.94000,0.97030,0.00070
1774332909.373612,-0.50000,0.03000,0.47000,23.96000,1.03310,0.00070
1774332909.373612,-0.50000,0.15000,0.35000,23.94000,1.09590,0.00070
1774332909.373612,-0.50000,0.27000,0.22000,23.94000,1.15880,0.00070
1774332909.373612,-0.50000,0.39000,0.11000,23.96000,1.22160,0.00070
1774332909.373612,-0.52000,0.48000,0.04000,23.94000,1.28440,0.00070
1774332909.373612,-0.56000,0.52000,0.04000,23.96000,1.34730,0.00070
1774332909.373612,-0.59000,0.56000,0.03000,23.94000,1.41010,0.00070
1774332909.373612,-0.61000,0.58000,0.02000,23.94000,1.47290,0.00070
1774332909.373612,-0.64000,0.61000,0.02000,23.94000,1.53580,0.00070
1774332909.373612,-0.64000,0.62000,0.02000,23.93000,1.59860,0.00070
1774332909.373612,-0.64000,0.63000,0.01000,23.94000,1.66140,0.00070
1774332909.373612,-0.62000,0.61000,0.01000,23.94000,1.72420,0.00070
1774332909.373612,-0.61000,0.60000,0.00000,23.94000,1.78710,0.00070
1774332909.373612,-0.59000,0.60000,0.00000,23.94000,1.84990,0.00070
1774332909.374634,-0.55000,0.57000,-0.01000,23.94000,1.91270,0.00070
1774332909.374634,-0.50000,0.53000,-0.02000,23.94000,1.97560,0.00070
1774332909.374634,-0.43000,0.50000,-0.06000,23.94000,2.03840,0.00070
1774332909.374634,-0.30000,0.51000,-0.20000,23.96000,2.10120,0.00070
1774332909.374634,-0.18000,0.50000,-0.31000,23.94000,2.16410,0.00070
1774332909.374634,-0.07000,0.50000,-0.43000,23.94000,2.22690,0.00070
1774332909.374634,-0.05000,0.54000,-0.48000,23.93000,2.28970,0.00070
1774332909.383030,-0.03000,0.55000,-0.52000,23.94000,2.35260,0.00070
1774332909.383030,-0.02000,0.58000,-0.55000,23.96000,2.41540,0.00070
1774332909.383030,-0.01000,0.59000,-0.58000,23.94000,2.47820,0.00070
1774332909.383030,-0.01000,0.60000,-0.59000,23.94000,2.54110,0.00070
1774332909.383030,0.00000,0.61000,-0.61000,23.94000,2.60390,0.00070
1774332909.383030,0.00000,0.61000,-0.61000,23.94000,2.66670,0.00070
1774332909.383030,0.00000,0.60000,-0.60000,23.94000,2.72960,0.00070
1774332909.383030,0.00000,0.60000,-0.59000,23.94000,2.79240,0.00070
1774332909.383030,0.00000,0.59000,-0.58000,23.94000,2.85520,0.00070
1774332909.383030,0.00000,0.55000,-0.55000,23.94000,2.91810,0.00070
1774332909.383030,0.00000,0.52000,-0.52000,23.94000,2.98090,0.00070
1774332909.383030,0.01000,0.47000,-0.48000,23.94000,3.04370,0.00070
1774332909.383030,0.06000,0.40000,-0.47000,23.94000,3.10660,0.00070
1774332909.383030,0.16000,0.29000,-0.46000,23.94000,3.16940,0.00070
1774332909.383030,0.26000,0.18000,-0.45000,23.94000,3.23220,0.00070
1774332909.383030,0.34000,0.08000,-0.43000,23.94000,3.29510,0.00070
1774332909.397040,0.37000,0.04000,-0.41000,23.94000,3.35790,0.00070
1774332909.397040,0.38000,0.03000,-0.41000,23.94000,3.42070,0.00070
1774332909.397040,0.37000,0.03000,-0.41000,23.96000,3.48360,0.00070
1774332909.397040,0.39000,0.03000,-0.43000,23.94000,3.54640,0.00070
1774332909.397040,0.42000,0.04000,-0.46000,23.94000,3.60920,0.00070
1774332909.397040,0.45000,0.04000,-0.50000,23.94000,3.67210,0.00070
1774332909.397040,0.49000,0.04000,-0.53000,23.94000,3.73490,0.00070
1774332909.397040,0.50000,0.03000,-0.54000,23.94000,3.79770,0.00070
1774332909.397040,0.52000,0.02000,-0.55000,23.94000,3.86060,0.00070
1774332909.397040,0.53000,0.01000,-0.55000,23.96000,3.92340,0.00070
1774332909.397040,0.53000,0.00000,-0.54000,23.94000,3.98620,0.00070
1774332909.397040,0.52000,0.00000,-0.52000,23.94000,4.04910,0.00070
1774332909.397040,0.49000,0.00000,-0.49000,23.96000,4.11190,0.00070
1774332909.397040,0.48000,-0.01000,-0.46000,23.94000,4.17470,0.00070
1774332909.397040,0.46000,-0.05000,-0.40000,23.94000,4.23750,0.00070
1774332909.397040,0.49000,-0.17000,-0.31000,23.94000,4.30040,0.00070
1774332909.414546,0.51000,-0.29000,-0.22000,23.96000,4.36320,0.00070
1774332909.414546,0.53000,-0.42000,-0.10000,23.94000,4.42600,0.00070
1774332909.414546,0.56000,-0.50000,-0.05000,23.94000,4.48890,0.00070
1774332909.414546,0.61000,-0.57000,-0.04000,23.94000,4.55170,0.00070
1774332909.414546,0.62000,-0.59000,-0.02000,23.93000,4.61450,0.00070
1774332909.414546,0.65000,-0.64000,-0.01000,23.94000,4.67730,0.00070
1774332909.414546,0.66000,-0.65000,0.00000,23.96000,4.74020,0.00070
1774332909.414546,0.66000,-0.65000,0.00000,23.94000,4.80300,0.00070
1774332909.414546,0.64000,-0.64000,0.00000,23.94000,4.86580,0.00070
1774332909.414546,0.61000,-0.61000,0.00000,23.94000,4.92870,0.00070
1774332909.414546,0.59000,-0.60000,0.00000,23.94000,4.99150,0.00070
1774332909.414546,0.53000,-0.54000,0.01000,23.94000,5.05430,0.00070
1774332909.414546,0.47000,-0.51000,0.04000,23.94000,5.11710,0.00070
1774332909.414546,0.37000,-0.52000,0.15000,23.96000,5.18000,0.00070
1774332909.414546,0.26000,-0.53000,0.26000,23.94000,5.24280,0.00070
1774332909.414546,0.15000,-0.51000,0.35000,23.96000,5.30560,0.00070
1774332909.443557,0.06000,-0.52000,0.45000,23.94000,5.36840,0.00070
1774332909.443557,0.03000,-0.53000,0.49000,23.94000,5.43130,0.00070
1774332909.443557,0.03000,-0.55000,0.52000,23.94000,5.49410,0.00070
1774332909.443557,0.03000,-0.57000,0.54000,23.94000,5.55690,0.00070
1774332909.443557,0.02000,-0.58000,0.55000,23.94000,5.61980,0.00070
1774332909.443557,0.03000,-0.59000,0.56000,23.94000,5.68260,0.00070
1774332909.443557,0.03000,-0.60000,0.57000,23.94000,5.74540,0.00070
1774332909.443557,0.03000,-0.62000,0.58000,23.94000,5.80820,0.00070
1774332909.443557,0.02000,-0.61000,0.58000,23.94000,5.87110,0.00070
1774332909.443557,0.01000,-0.60000,0.59000,23.93000,5.93390,0.00070
1774332909.443557,0.00000,-0.59000,0.59000,23.94000,5.99670,0.00070
1774332909.443557,-0.01000,-0.55000,0.56000,23.94000,6.05960,0.00070
1774332909.443557,-0.01000,-0.52000,0.53000,23.94000,6.12240,0.00070
1774332909.443557,-0.02000,-0.47000,0.50000,23.94000,6.18520,0.00070
1774332909.443557,-0.07000,-0.40000,0.48000,23.94000,6.24800,0.00070
1774332909.443557,-0.19000,-0.28000,0.48000,23.94000,0.02770,0.00070
1774332909.443557,-0.28000,-0.17000,0.46000,23.96000,0.09050,0.00070
1774332909.443557,-0.37000,-0.06000,0.44000,23.94000,0.15330,0.00070
1774332909.443557,-0.39000,-0.04000,0.44000,23.94000,0.21620,0.00070
1774332909.443557,-0.41000,-0.03000,0.45000,23.94000,0.27900,0.00070
1774332909.443557,-0.41000,-0.03000,0.44000,23.94000,0.34180,0.00070
1774332909.443557,-0.41000,-0.02000,0.44000,23.94000,0.40470,0.00070
1774332909.443557,-0.43000,-0.01000,0.45000,23.94000,0.46750,0.00070
1774332909.443557,-0.45000,-0.02000,0.47000,23.94000,0.53030,0.00070
1774332909.443557,-0.48000,-0.02000,0.51000,23.94000,0.59320,0.00070
1774332909.451548,-0.50000,-0.02000,0.53000,23.94000,0.65600,0.00070
1774332909.451548,-0.52000,-0.02000,0.54000,23.94000,0.71880,0.00070
1774332909.451548,-0.52000,-0.01000,0.54000,23.94000,0.78170,0.00070
1774332909.451548,-0.52000,-0.01000,0.54000,23.94000,0.84450,0.00070
1774332909.451548,-0.50000,-0.01000,0.52000,23.94000,0.90730,0.00070
1774332909.451548,-0.47000,-0.01000,0.49000,23.94000,0.97020,0.00070
1774332909.451548,-0.46000,0.01000,0.45000,23.94000,1.03300,0.00070
1774332909.461548,-0.44000,0.05000,0.38000,23.93000,1.09580,0.00070
1774332909.461548,-0.46000,0.17000,0.28000,23.94000,1.15870,0.00070
1774332909.461548,-0.48000,0.28000,0.19000,23.94000,1.22150,0.00070
1774332909.461548,-0.50000,0.39000,0.10000,23.94000,1.28430,0.00070
1774332909.461548,-0.53000,0.48000,0.05000,23.94000,1.34720,0.00070
1774332909.461548,-0.58000,0.53000,0.05000,23.94000,1.41000,0.00070
1774332909.461548,-0.62000,0.57000,0.04000,23.94000,1.47280,0.00070
1774332909.462550,-0.67000,0.62000,0.04000,23.96000,1.53570,0.00070
1774332909.462550,-0.68000,0.64000,0.04000,23.94000,1.59850,0.00070
1774332909.462550,-0.69000,0.66000,0.03000,23.94000,1.66130,0.00070
1774332909.462550,-0.68000,0.66000,0.02000,23.93000,1.72420,0.00070
1774332909.462550,-0.65000,0.64000,0.00000,23.93000,1.78700,0.00070
1774332909.462550,-0.60000,0.61000,-0.01000,23.94000,1.84980,0.00070
1774332909.462550,-0.52000,0.56000,-0.03000,23.94000,1.91270,0.00070
1774332909.462550,-0.43000,0.51000,-0.08000,23.94000,1.97550,0.00070
1774332909.462550,-0.30000,0.53000,-0.22000,23.96000,2.03830,0.00070
1774332909.477546,-0.20000,0.54000,-0.33000,23.94000,2.10120,0.00070
1774332909.477546,-0.11000,0.52000,-0.41000,23.94000,2.16400,0.00070
1774332909.477546,-0.05000,0.53000,-0.47000,23.94000,2.22680,0.00070
1774332909.477546,-0.04000,0.54000,-0.49000,23.94000,2.28970,0.00070
1774332909.477546,-0.03000,0.56000,-0.53000,23.96000,2.35250,0.00070
1774332909.477546,-0.02000,0.57000,-0.55000,23.94000,2.41530,0.00070
1774332909.477546,-0.01000,0.59000,-0.58000,23.94000,2.47810,0.00070
1774332909.477546,-0.01000,0.60000,-0.59000,23.94000,2.54100,0.00070
1774332909.477546,0.00000,0.60000,-0.60000,23.94000,2.60380,0.00070
1774332909.477546,0.00000,0.61000,-0.60000,23.94000,2.66660,0.00070
1774332909.477546,0.00000,0.60000,-0.60000,23.93000,2.72950,0.00070
1774332909.477546,0.00000,0.60000,-0.60000,23.94000,2.79230,0.00070
1774332909.477546,0.00000,0.58000,-0.57000,23.96000,2.85510,0.00070
1774332909.478558,0.00000,0.54000,-0.55000,23.94000,2.91800,0.00070
1774332909.478558,0.00000,0.51000,-0.52000,23.94000,2.98080,0.00070
1774332909.478558,0.02000,0.46000,-0.49000,23.94000,3.04360,0.00070
1774332909.496553,0.09000,0.39000,-0.48000,23.94000,3.10650,0.00070
1774332909.496553,0.20000,0.27000,-0.47000,23.94000,3.16930,0.00070
1774332909.496553,0.30000,0.16000,-0.46000,23.94000,3.23210,0.00070
1774332909.496553,0.39000,0.05000,-0.45000,23.94000,3.29500,0.00070
1774332909.496553,0.43000,0.02000,-0.45000,23.94000,3.35780,0.00070
1774332909.496553,0.45000,0.02000,-0.47000,23.94000,3.42060,0.00070
1774332909.496553,0.44000,0.02000,-0.46000,23.94000,3.48350,0.00070
1774332909.496553,0.43000,0.02000,-0.46000,23.94000,3.54630,0.00070
1774332909.496553,0.41000,0.03000,-0.44000,23.94000,3.60910,0.00070
1774332909.496553,0.38000,0.03000,-0.42000,23.94000,3.67200,0.00070
1774332909.496553,0.37000,0.04000,-0.41000,23.94000,3.73480,0.00070
1774332909.496553,0.38000,0.03000,-0.42000,23.94000,3.79760,0.00070
1774332909.496553,0.42000,0.02000,-0.44000,23.96000,3.86050,0.00070
1774332909.496553,0.44000,0.02000,-0.46000,23.94000,3.92330,0.00070
1774332909.496553,0.46000,0.01000,-0.47000,23.94000,3.98610,0.00070
1774332909.496553,0.46000,0.00000,-0.46000,23.94000,4.04900,0.00070
1774332909.523827,0.43000,0.00000,-0.44000,23.94000,4.11180,0.00070
1774332909.523827,0.41000,-0.01000,-0.40000,23.96000,4.17460,0.00070
1774332909.523827,0.39000,-0.04000,-0.35000,23.94000,4.23740,0.00070
1774332909.523827,0.40000,-0.13000,-0.27000,23.93000,4.30030,0.00070
1774332909.523827,0.41000,-0.23000,-0.17000,23.94000,4.36310,0.00070
1774332909.523827,0.43000,-0.33000,-0.09000,23.94000,4.42590,0.00070
1774332909.523827,0.47000,-0.41000,-0.06000,23.94000,4.48880,0.00070
1774332909.523827,0.54000,-0.49000,-0.05000,23.94000,4.55160,0.00070
1774332909.523827,0.58000,-0.53000,-0.04000,23.94000,4.61440,0.00070
1774332909.523827,0.63000,-0.61000,-0.02000,23.94000,4.67720,0.00070
1774332909.523827,0.66000,-0.64000,-0.02000,23.94000,4.74010,0.00070
1774332909.523827,0.67000,-0.65000,-0.02000,23.96000,4.80290,0.00070
1774332909.523827,0.69000,-0.67000,-0.02000,23.94000,4.86570,0.00070
1774332909.523827,0.67000,-0.65000,-0.01000,23.94000,4.92860,0.00070
1774332909.523827,0.65000,-0.65000,0.00000,23.94000,4.99140,0.00070
1774332909.523827,0.60000,-0.60000,0.00000,23.94000,5.05420,0.00070
1774332909.523827,0.53000,-0.56000,0.02000,23.94000,5.11700,0.00070
1774332909.523827,0.43000,-0.53000,0.09000,23.94000,5.17990,0.00070
1774332909.523827,0.30000,-0.53000,0.23000,23.94000,5.24270,0.00070
1774332909.523827,0.18000,-0.53000,0.34000,23.94000,5.30550,0.00070
1774332909.523827,0.09000,-0.53000,0.43000,23.94000,5.36840,0.00070
1774332909.523827,0.04000,-0.54000,0.49000,23.94000,5.43120,0.00070
1774332909.523827,0.03000,-0.57000,0.54000,23.94000,5.49400,0.00070
1774332909.523827,0.02000,-0.60000,0.58000,23.94000,5.55680,0.00070
1774332909.523827,0.02000,-0.63000,0.60000,23.94000,5.61970,0.00070
1774332909.523827,0.01000,-0.64000,0.63000,23.94000,5.68250,0.00070
1774332909.523827,0.02000,-0.66000,0.64000,23.94000,5.74530,0.00070
1774332909.523827,0.01000,-0.66000,0.64000,23.94000,5.80820,0.00070
1774332909.523827,0.00000,-0.64000,0.64000,23.94000,5.87100,0.00070
1774332909.523827,0.00000,-0.63000,0.63000,23.94000,5.93380,0.00070
1774332909.523827,-0.01000,-0.61000,0.62000,23.94000,5.99660,0.00070
1774332909.523827,-0.01000,-0.57000,0.59000,23.94000,6.05950,0.00070
1774332909.540826,-0.03000,-0.52000,0.56000,23.94000,6.12230,0.00070
1774332909.540826,-0.06000,-0.46000,0.53000,23.94000,6.18510,0.00070
1774332909.540826,-0.17000,-0.36000,0.54000,23.96000,6.24790,0.00070
1774332909.540826,-0.27000,-0.25000,0.52000,23.94000,0.02760,0.00070
1774332909.540826,-0.36000,-0.14000,0.50000,23.94000,0.09040,0.00070
1774332909.540826,-0.43000,-0.05000,0.48000,23.94000,0.15330,0.00070
1774332909.540826,-0.44000,-0.04000,0.48000,23.94000,0.21610,0.00070
1774332909.540826,-0.46000,-0.02000,0.49000,23.96000,0.27890,0.00070
1774332909.540826,-0.47000,-0.01000,0.49000,23.94000,0.34180,0.00070
1774332909.540826,-0.48000,0.00000,0.49000,23.96000,0.40460,0.00070
1774332909.540826,-0.49000,0.00000,0.49000,23.94000,0.46740,0.00070
1774332909.540826,-0.47000,0.00000,0.47000,23.94000,0.53020,0.00070
1774332909.540826,-0.44000,0.00000,0.45000,23.94000,0.59310,0.00070
1774332909.540826,-0.41000,-0.01000,0.42000,23.94000,0.65590,0.00070
1774332909.540826,-0.40000,-0.01000,0.41000,23.94000,0.71870,0.00070
1774332909.540826,-0.39000,-0.01000,0.41000,23.94000,0.78160,0.00070
1774332909.554481,-0.39000,-0.01000,0.41000,23.94000,0.84440,0.00070
1774332909.554481,-0.39000,-0.01000,0.41000,23.94000,0.90720,0.00070
1774332909.554481,-0.37000,-0.02000,0.39000,23.94000,0.97010,0.00070
1774332909.554481,-0.37000,0.00000,0.36000,23.96000,1.03290,0.00070
1774332909.554481,-0.36000,0.06000,0.29000,23.94000,1.09570,0.00070
1774332909.554481,-0.37000,0.17000,0.19000,23.96000,1.15860,0.00070
1774332909.554481,-0.36000,0.25000,0.10000,23.94000,1.22140,0.00070
1774332909.554481,-0.36000,0.30000,0.05000,23.94000,1.28420,0.00070
1774332909.554481,-0.38000,0.33000,0.05000,23.96000,1.34710,0.00070
1774332909.554481,-0.42000,0.37000,0.05000,23.94000,1.40990,0.00070
1774332909.554481,-0.49000,0.43000,0.05000,23.96000,1.47270,0.00070
1774332909.554481,-0.56000,0.50000,0.05000,23.94000,1.53560,0.00070
1774332909.554481,-0.62000,0.56000,0.05000,23.94000,1.59840,0.00070
1774332909.554481,-0.65000,0.61000,0.04000,23.94000,1.66120,0.00070
1774332909.554481,-0.66000,0.63000,0.03000,23.94000,1.72410,0.00070
1774332909.554481,-0.67000,0.65000,0.02000,23.96000,1.78690,0.00070
1774332909.573483,-0.67000,0.66000,0.00000,23.93000,1.84970,0.00070
1774332909.573483,-0.62000,0.63000,0.00000,23.94000,1.91260,0.00070
1774332909.573483,-0.56000,0.58000,-0.02000,23.94000,1.97540,0.00070
1774332909.573483,-0.46000,0.53000,-0.06000,23.96000,2.03820,0.00070
1774332909.573483,-0.32000,0.53000,-0.21000,23.96000,2.10110,0.00070
1774332909.573483,-0.19000,0.52000,-0.33000,23.94000,2.16390,0.00070
1774332909.573483,-0.09000,0.52000,-0.43000,23.93000,2.22670,0.00070
1774332909.573483,-0.05000,0.54000,-0.49000,23.94000,2.28960,0.00070
1774332909.573483,-0.04000,0.57000,-0.53000,23.94000,2.35240,0.00070
1774332909.573483,-0.03000,0.60000,-0.56000,23.94000,2.41520,0.00070
1774332909.573483,-0.02000,0.61000,-0.59000,23.94000,2.47810,0.00070
1774332909.573483,0.00000,0.64000,-0.63000,23.94000,2.54090,0.00070
1774332909.573483,-0.01000,0.64000,-0.63000,23.94000,2.60370,0.00070
1774332909.573483,0.00000,0.64000,-0.64000,23.94000,2.66660,0.00070
1774332909.573483,0.00000,0.63000,-0.62000,23.94000,2.72940,0.00070
1774332909.573483,0.00000,0.63000,-0.63000,23.94000,2.79220,0.00070
1774332909.595535,-0.01000,0.61000,-0.59000,23.94000,2.85510,0.00070
1774332909.595535,0.00000,0.58000,-0.58000,23.94000,2.91790,0.00070
1774332909.595535,0.00000,0.55000,-0.55000,23.94000,2.98070,0.00070
1774332909.595535,0.00000,0.50000,-0.51000,23.94000,3.04360,0.00070
1774332909.595535,0.03000,0.45000,-0.48000,23.94000,3.10640,0.00070
1774332909.595535,0.12000,0.35000,-0.47000,23.94000,3.16920,0.00070
1774332909.595535,0.22000,0.24000,-0.47000,23.94000,3.23200,0.00070
1774332909.595535,0.33000,0.12000,-0.46000,23.94000,3.29490,0.00070
1774332909.595535,0.41000,0.05000,-0.46000,23.94000,3.35770,0.00070
1774332909.595535,0.46000,0.03000,-0.50000,23.96000,3.42050,0.00070
1774332909.595535,0.49000,0.03000,-0.52000,23.94000,3.48340,0.00070
1774332909.595535,0.51000,0.03000,-0.55000,23.94000,3.54620,0.00070
1774332909.595535,0.55000,0.02000,-0.58000,23.93000,3.60900,0.00070
1774332909.595535,0.55000,0.03000,-0.59000,23.94000,3.67190,0.00070
1774332909.595535,0.57000,0.02000,-0.60000,23.94000,3.73470,0.00070
1774332909.595535,0.56000,0.01000,-0.58000,23.94000,3.79750,0.00070
1774332909.620971,0.56000,0.00000,-0.57000,23.94000,3.86040,0.00070
1774332909.620971,0.55000,0.00000,-0.54000,23.94000,3.92320,0.00070
1774332909.620971,0.53000,-0.01000,-0.52000,23.94000,3.98600,0.00070
1774332909.620971,0.50000,-0.02000,-0.48000,23.96000,4.04890,0.00070
1774332909.620971,0.46000,-0.02000,-0.44000,23.94000,4.11170,0.00070
1774332909.620971,0.44000,-0.07000,-0.37000,23.94000,4.17450,0.00070
1774332909.620971,0.43000,-0.16000,-0.27000,23.96000,4.23740,0.00070
1774332909.620971,0.42000,-0.23000,-0.18000,23.94000,4.30020,0.00070
1774332909.620971,0.41000,-0.30000,-0.10000,23.94000,4.36300,0.00070
1774332909.620971,0.42000,-0.36000,-0.06000,23.94000,4.42580,0.00070
1774332909.620971,0.45000,-0.40000,-0.05000,23.94000,4.48870,0.00070
1774332909.620971,0.49000,-0.45000,-0.04000,23.94000,4.55150,0.00070
1774332909.620971,0.53000,-0.49000,-0.03000,23.94000,4.61430,0.00070
1774332909.620971,0.57000,-0.54000,-0.02000,23.94000,4.67720,0.00070
1774332909.620971,0.60000,-0.58000,-0.01000,23.94000,4.74000,0.00070
1774332909.620971,0.62000,-0.61000,-0.01000,23.94000,4.80280,0.00070
1774332909.620971,0.62000,-0.61000,-0.01000,23.96000,4.86560,0.00070
1774332909.620971,0.62000,-0.60000,-0.01000,23.94000,4.92850,0.00070
1774332909.620971,0.60000,-0.59000,-0.01000,23.94000,4.99130,0.00070
1774332909.620971,0.58000,-0.57000,0.00000,23.94000,5.05410,0.00070
1774332909.620971,0.55000,-0.55000,0.00000,23.94000,5.11690,0.00070
1774332909.620971,0.47000,-0.51000,0.03000,23.94000,5.17980,0.00070
1774332909.620971,0.35000,-0.52000,0.16000,23.94000,5.24260,0.00070
1774332909.620971,0.23000,-0.52000,0.28000,23.94000,5.30540,0.00070
1774332909.620971,0.12000,-0.52000,0.39000,23.94000,5.36830,0.00070
1774332909.620971,0.05000,-0.53000,0.47000,23.94000,5.43110,0.00070
1774332909.620971,0.03000,-0.55000,0.52000,23.94000,5.49390,0.00070
1774332909.620971,0.03000,-0.58000,0.55000,23.94000,5.55670,0.00070
1774332909.620971,0.02000,-0.61000,0.58000,23.94000,5.61960,0.00070
1774332909.620971,0.02000,-0.64000,0.61000,23.94000,5.68240,0.00070
1774332909.620971,0.02000,-0.65000,0.62000,23.94000,5.74520,0.00070
1774332909.620971,0.03000,-0.66000,0.63000,23.93000,5.80810,0.00070
1774332909.635972,0.02000,-0.64000,0.62000,23.94000,5.87090,0.00070
1774332909.635972,0.01000,-0.64000,0.62000,23.94000,5.93370,0.00070
1774332909.635972,0.00000,-0.61000,0.60000,23.94000,5.99650,0.00070
1774332909.635972,-0.01000,-0.56000,0.57000,23.96000,6.05940,0.00070
1774332909.635972,-0.01000,-0.53000,0.54000,23.94000,6.12220,0.00070
1774332909.635972,-0.02000,-0.48000,0.51000,23.93000,6.18500,0.00070
1774332909.635972,-0.05000,-0.42000,0.48000,23.93000,6.24790,0.00070
1774332909.635972,-0.14000,-0.32000,0.46000,23.94000,0.02750,0.00070
1774332909.635972,-0.22000,-0.22000,0.45000,23.96000,0.09030,0.00070
1774332909.635972,-0.29000,-0.13000,0.43000,23.94000,0.15320,0.00070
1774332909.635972,-0.35000,-0.06000,0.41000,23.94000,0.21600,0.00070
1774332909.635972,-0.39000,-0.05000,0.44000,23.94000,0.27880,0.00070
1774332909.635972,-0.42000,-0.04000,0.47000,23.94000,0.34170,0.00070
1774332909.635972,-0.46000,-0.03000,0.50000,23.94000,0.40450,0.00070
1774332909.635972,-0.50000,-0.03000,0.54000,23.94000,0.46730,0.00070
1774332909.635972,-0.54000,-0.02000,0.57000,23.94000,0.53020,0.00070
1774332909.653971,-0.58000,-0.02000,0.60000,23.94000,0.59300,0.00070
1774332909.653971,-0.58000,-0.01000,0.60000,23.94000,0.65580,0.00070
1774332909.653971,-0.58000,-0.01000,0.60000,23.94000,0.71860,0.00070
1774332909.653971,-0.57000,-0.01000,0.58000,23.94000,0.78150,0.00070
1774332909.653971,-0.55000,-0.01000,0.56000,23.94000,0.84430,0.00070
1774332909.653971,-0.53000,0.00000,0.53000,23.94000,0.90710,0.00070
1774332909.653971,-0.49000,0.00000,0.48000,23.94000,0.97000,0.00070
1774332909.653971,-0.47000,0.04000,0.42000,23.94000,1.03280,0.00070
1774332909.653971,-0.47000,0.15000,0.32000,23.94000,1.09560,0.00070
1774332909.653971,-0.48000,0.26000,0.22000,23.96000,1.15850,0.00070
1774332909.653971,-0.48000,0.36000,0.12000,23.94000,1.22130,0.00070
1774332909.653971,-0.49000,0.44000,0.05000,23.94000,1.28410,0.00070
1774332909.653971,-0.53000,0.49000,0.04000,23.94000,1.34700,0.00070
1774332909.653971,-0.58000,0.53000,0.04000,23.93000,1.40980,0.00070
1774332909.653971,-0.60000,0.57000,0.03000,23.93000,1.47260,0.00070
1774332909.653971,-0.64000,0.61000,0.03000,23.94000,1.53550,0.00070
1774332909.682395,-0.64000,0.61000,0.02000,23.94000,1.59830,0.00070
1774332909.682395,-0.64000,0.62000,0.01000,23.94000,1.66110,0.00070
1774332909.682395,-0.62000,0.61000,0.00000,23.94000,1.72400,0.00070
1774332909.682395,-0.60000,0.60000,0.00000,23.94000,1.78680,0.00070
1774332909.682395,-0.58000,0.59000,-0.01000,23.94000,1.84960,0.00070
1774332909.682395,-0.54000,0.56000,-0.01000,23.94000,1.91250,0.00070
1774332909.682395,-0.50000,0.53000,-0.02000,23.94000,1.97530,0.00070
1774332909.682395,-0.44000,0.50000,-0.05000,23.94000,2.03810,0.00070
1774332909.682395,-0.33000,0.50000,-0.16000,23.96000,2.10100,0.00070
1774332909.682395,-0.21000,0.50000,-0.28000,23.94000,2.16380,0.00070
1774332909.682395,-0.10000,0.49000,-0.39000,23.96000,2.22660,0.00070
1774332909.682395,-0.05000,0.51000,-0.46000,23.93000,2.28950,0.00070
1774332909.682395,-0.04000,0.54000,-0.49000,23.94000,2.35230,0.00070
1774332909.682395,-0.02000,0.56000,-0.53000,23.94000,2.41510,0.00070
1774332909.682395,-0.02000,0.59000,-0.56000,23.94000,2.47800,0.00070
1774332909.682395,-0.01000,0.60000,-0.59000,23.94000,2.54080,0.00070
1774332909.699425,-0.01000,0.61000,-0.60000,23.94000,2.60360,0.00070
1774332909.699425,0.00000,0.61000,-0.61000,23.93000,2.66650,0.00070
1774332909.699425,0.00000,0.61000,-0.60000,23.94000,2.72930,0.00070
1774332909.699425,0.00000,0.61000,-0.61000,23.93000,2.79210,0.00070
1774332909.700427,-0.01000,0.60000,-0.59000,23.98000,2.85500,0.00070
1774332909.700427,0.00000,0.56000,-0.56000,23.94000,2.91780,0.00070
1774332909.700427,0.00000,0.52000,-0.52000,23.93000,2.98060,0.00070
1774332909.700427,0.02000,0.48000,-0.50000,23.94000,3.04350,0.00070
1774332909.700427,0.08000,0.40000,-0.48000,23.94000,3.10630,0.00070
1774332909.700427,0.18000,0.29000,-0.48000,23.93000,3.16910,0.00070
1774332909.700427,0.27000,0.18000,-0.45000,23.94000,3.23200,0.00070
1774332909.700427,0.34000,0.09000,-0.43000,23.94000,3.29480,0.00070
1774332909.700427,0.36000,0.04000,-0.41000,23.94000,3.35760,0.00070
1774332909.700427,0.37000,0.04000,-0.41000,23.96000,3.42050,0.00070
1774332909.700427,0.37000,0.04000,-0.42000,23.96000,3.48330,0.00070
1774332909.700427,0.40000,0.04000,-0.44000,23.94000,3.54610,0.00070
1774332909.700427,0.45000,0.04000,-0.50000,23.93000,3.60900,0.00070
1774332909.700427,0.48000,0.04000,-0.53000,23.94000,3.67180,0.00070
1774332909.700427,0.52000,0.04000,-0.56000,23.94000,3.73460,0.00070
1774332909.700427,0.53000,0.03000,-0.57000,23.94000,3.79750,0.00070
1774332909.700427,0.54000,0.02000,-0.57000,23.94000,3.86030,0.00070
1774332909.700427,0.55000,0.01000,-0.57000,23.94000,3.92310,0.00070
1774332909.700427,0.54000,0.00000,-0.55000,23.94000,3.98590,0.00070
1774332909.700427,0.54000,0.00000,-0.55000,23.96000,4.04880,0.00070
1774332909.700427,0.52000,0.00000,-0.52000,23.94000,4.11160,0.00070
1774332909.700427,0.49000,-0.02000,-0.47000,23.94000,4.17440,0.00070
1774332909.700427,0.49000,-0.11000,-0.37000,23.94000,4.23730,0.00070
1774332909.700427,0.50000,-0.25000,-0.24000,23.94000,4.30010,0.00070
1774332909.700427,0.50000,-0.37000,-0.12000,23.96000,4.36290,0.00070
1774332909.700427,0.51000,-0.46000,-0.05000,23.93000,4.42570,0.00070
1774332909.700427,0.56000,-0.52000,-0.04000,23.96000,4.48860,0.00070
1774332909.700427,0.60000,-0.57000,-0.03000,23.93000,4.55140,0.00070
1774332909.715467,0.61000,-0.59000,-0.02000,23.93000,4.61420,0.00070
1774332909.715467,0.62000,-0.62000,0.00000,23.94000,4.67710,0.00070
1774332909.715467,0.64000,-0.63000,0.00000,23.94000,4.73990,0.00070
1774332909.715467,0.65000,-0.64000,0.00000,23.93000,4.80270,0.00070
1774332909.715467,0.64000,-0.63000,0.00000,23.94000,4.86550,0.00070
1774332909.715467,0.63000,-0.62000,0.00000,23.94000,4.92840,0.00070
1774332909.715467,0.60000,-0.60000,0.00000,23.96000,4.99120,0.00070
1774332909.715467,0.55000,-0.56000,0.00000,23.94000,5.05400,0.00070
1774332909.715467,0.50000,-0.52000,0.02000,23.96000,5.11690,0.00070
1774332909.715467,0.39000,-0.51000,0.11000,23.94000,5.17970,0.00070
1774332909.715467,0.27000,-0.52000,0.25000,23.94000,5.24250,0.00070
1774332909.715467,0.16000,-0.52000,0.36000,23.94000,5.30530,0.00070
1774332909.715467,0.06000,-0.51000,0.45000,23.94000,5.36820,0.00070
1774332909.715467,0.03000,-0.54000,0.51000,23.94000,5.43100,0.00070
1774332909.715467,0.02000,-0.56000,0.53000,23.94000,5.49380,0.00070
1774332909.715467,0.01000,-0.58000,0.56000,23.94000,5.55670,0.00070
1774332909.732398,0.02000,-0.60000,0.58000,23.94000,5.61950,0.00070
1774332909.732398,0.01000,-0.61000,0.59000,23.94000,5.68230,0.00070
1774332909.732398,0.01000,-0.62000,0.60000,23.93000,5.74510,0.00070
1774332909.732398,0.01000,-0.63000,0.61000,23.94000,5.80800,0.00070
1774332909.732398,0.02000,-0.61000,0.59000,23.93000,5.87080,0.00070
1774332909.732398,0.00000,-0.60000,0.59000,23.93000,5.93360,0.00070
1774332909.732398,0.00000,-0.59000,0.58000,23.94000,5.99640,0.00070
1774332909.732398,0.00000,-0.55000,0.55000,23.94000,6.05930,0.00070
1774332909.732398,-0.02000,-0.50000,0.52000,23.94000,6.12210,0.00070
1774332909.732398,-0.01000,-0.46000,0.48000,23.94000,6.18490,0.00070
1774332909.732398,-0.05000,-0.40000,0.46000,23.94000,6.24780,0.00070
1774332909.732398,-0.16000,-0.29000,0.45000,23.96000,0.02740,0.00070
1774332909.732398,-0.26000,-0.18000,0.44000,23.94000,0.09020,0.00070
1774332909.732398,-0.34000,-0.07000,0.41000,23.94000,0.15310,0.00070
1774332909.732398,-0.38000,-0.04000,0.42000,23.94000,0.21590,0.00070
1774332909.732398,-0.38000,-0.03000,0.42000,23.93000,0.27870,0.00070
1774332909.768056,-0.38000,-0.03000,0.41000,23.94000,0.34160,0.00070
1774332909.768056,-0.38000,-0.02000,0.41000,23.96000,0.40440,0.00070
1774332909.768056,-0.41000,-0.01000,0.43000,23.94000,0.46720,0.00070
1774332909.768056,-0.44000,-0.02000,0.46000,23.94000,0.53010,0.00070
1774332909.768056,-0.47000,-0.02000,0.49000,23.94000,0.59290,0.00070
1774332909.768056,-0.49000,-0.02000,0.51000,23.94000,0.65570,0.00070
1774332909.768056,-0.50000,-0.03000,0.53000,23.94000,0.71860,0.00070
1774332909.768056,-0.51000,-0.02000,0.54000,23.94000,0.78140,0.00070
1774332909.768056,-0.51000,-0.02000,0.54000,23.94000,0.84420,0.00070
1774332909.768056,-0.50000,-0.02000,0.52000,23.94000,0.90700,0.00070
1774332909.768056,-0.47000,-0.02000,0.50000,23.94000,0.96990,0.00070
1774332909.768056,-0.46000,0.00000,0.46000,23.93000,1.03270,0.00070
1774332909.768056,-0.45000,0.04000,0.40000,23.94000,1.09550,0.00070
1774332909.768056,-0.48000,0.15000,0.32000,23.94000,1.15840,0.00070
1774332909.768056,-0.50000,0.27000,0.23000,23.94000,1.22120,0.00070
1774332909.768056,-0.53000,0.40000,0.12000,23.96000,1.28400,0.00070
1774332909.772022,-0.56000,0.50000,0.05000,23.93000,1.34690,0.00070
1774332909.772022,-0.61000,0.56000,0.04000,23.94000,1.40970,0.00070
1774332909.772022,-0.63000,0.58000,0.04000,23.94000,1.47250,0.00070
1774332909.772022,-0.66000,0.62000,0.03000,23.94000,1.53540,0.00070
1774332909.772022,-0.67000,0.64000,0.03000,23.94000,1.59820,0.00070
1774332909.772022,-0.67000,0.64000,0.02000,23.94000,1.66100,0.00070
1774332909.772022,-0.65000,0.64000,0.00000,23.93000,1.72390,0.00070
1774332909.772022,-0.63000,0.62000,0.00000,23.94000,1.78670,0.00070
1774332909.772022,-0.59000,0.60000,-0.01000,23.94000,1.84950,0.00070
1774332909.772022,-0.52000,0.56000,-0.03000,23.94000,1.91240,0.00070
1774332909.772022,-0.47000,0.52000,-0.05000,23.94000,1.97520,0.00070
1774332909.772022,-0.36000,0.51000,-0.15000,23.96000,2.03800,0.00070
1774332909.772022,-0.24000,0.52000,-0.27000,23.94000,2.10090,0.00070
1774332909.772022,-0.14000,0.51000,-0.37000,23.96000,2.16370,0.00070
1774332909.772022,-0.06000,0.51000,-0.45000,23.94000,2.22650,0.00070
1774332909.772022,-0.04000,0.54000,-0.49000,23.94000,2.28940,0.00070
1774332909.778024,-0.03000,0.56000,-0.52000,23.94000,2.35220,0.00070
1774332909.778024,-0.02000,0.57000,-0.54000,23.94000,2.41500,0.00070
1774332909.778024,-0.01000,0.58000,-0.56000,23.94000,2.47790,0.00070
1774332909.778024,-0.01000,0.58000,-0.57000,23.94000,2.54070,0.00070
1774332909.778024,0.00000,0.59000,-0.58000,23.94000,2.60350,0.00070
1774332909.778024,0.00000,0.60000,-0.60000,23.96000,2.66640,0.00070
1774332909.778024,-0.01000,0.61000,-0.59000,23.94000,2.72920,0.00070
1774332909.778024,0.00000,0.60000,-0.60000,23.96000,2.79200,0.00070
1774332909.778024,0.00000,0.59000,-0.58000,23.94000,2.85490,0.00070
1774332909.778024,0.00000,0.56000,-0.56000,23.96000,2.91770,0.00070
1774332909.778024,0.00000,0.52000,-0.53000,23.93000,2.98050,0.00070
1774332909.778024,0.02000,0.47000,-0.50000,23.94000,3.04340,0.00070
1774332909.778024,0.09000,0.39000,-0.49000,23.94000,3.10620,0.00070
1774332909.778024,0.20000,0.28000,-0.48000,23.94000,3.16900,0.00070
1774332909.778024,0.31000,0.16000,-0.47000,23.94000,3.23190,0.00070
1774332909.778024,0.39000,0.06000,-0.45000,23.94000,3.29470,0.00070
1774332909.810537,0.41000,0.03000,-0.44000,23.96000,3.35750,0.00070
1774332909.810537,0.43000,0.03000,-0.46000,23.94000,3.42040,0.00070
1774332909.810537,0.42000,0.02000,-0.44000,23.96000,3.48320,0.00070
1774332909.810537,0.41000,0.03000,-0.44000,23.94000,3.54600,0.00070
1774332909.810537,0.41000,0.04000,-0.45000,23.96000,3.60890,0.00070
1774332909.810537,0.42000,0.04000,-0.47000,23.94000,3.67170,0.00070
1774332909.810537,0.45000,0.04000,-0.49000,23.94000,3.73450,0.00070
1774332909.810537,0.47000,0.03000,-0.51000,23.94000,3.79740,0.00070
1774332909.810537,0.50000,0.02000,-0.53000,23.94000,3.86020,0.00070
1774332909.810537,0.51000,0.01000,-0.53000,23.94000,3.92300,0.00070
1774332909.810537,0.52000,0.00000,-0.53000,23.94000,3.98590,0.00070
1774332909.810537,0.50000,0.00000,-0.50000,23.94000,4.04870,0.00070
1774332909.810537,0.46000,0.00000,-0.46000,23.94000,4.11150,0.00070
1774332909.810537,0.44000,-0.02000,-0.42000,23.96000,4.17430,0.00070
1774332909.810537,0.42000,-0.05000,-0.37000,23.96000,4.23720,0.00070
1774332909.810537,0.43000,-0.15000,-0.28000,23.94000,4.30000,0.00070
1774332909.810537,0.45000,-0.26000,-0.19000,23.94000,4.36280,0.00070
1774332909.810537,0.47000,-0.36000,-0.10000,23.94000,4.42570,0.00070
1774332909.810537,0.52000,-0.46000,-0.06000,23.94000,4.48850,0.00070
1774332909.810537,0.57000,-0.52000,-0.05000,23.94000,4.55130,0.00070
1774332909.810537,0.60000,-0.57000,-0.03000,23.94000,4.61410,0.00070
1774332909.810537,0.64000,-0.61000,-0.02000,23.94000,4.67700,0.00070
1774332909.810537,0.67000,-0.65000,-0.02000,23.96000,4.73980,0.00070
1774332909.810537,0.70000,-0.67000,-0.02000,23.94000,4.80260,0.00070
1774332909.810537,0.68000,-0.66000,-0.01000,23.93000,4.86540,0.00070
1774332909.810537,0.66000,-0.65000,0.00000,23.94000,4.92830,0.00070
1774332909.810537,0.60000,-0.61000,0.00000,23.94000,4.99110,0.00070
1774332909.810537,0.53000,-0.55000,0.01000,23.94000,5.05390,0.00070
1774332909.810537,0.43000,-0.51000,0.08000,23.94000,5.11680,0.00070
1774332909.810537,0.31000,-0.53000,0.21000,23.94000,5.17960,0.00070
1774332909.810537,0.19000,-0.54000,0.34000,23.94000,5.24240,0.00070
1774332909.810537,0.11000,-0.53000,0.41000,23.96000,5.30520,0.00070
1774332909.840564,0.05000,-0.53000,0.47000,23.94000,5.36810,0.00070
1774332909.840564,0.03000,-0.54000,0.50000,23.94000,5.43090,0.00070
1774332909.840564,0.02000,-0.55000,0.53000,23.94000,5.49370,0.00070
1774332909.840564,0.02000,-0.58000,0.56000,23.94000,5.55660,0.00070
1774332909.840564,0.02000,-0.61000,0.58000,23.93000,5.61940,0.00070
1774332909.840564,0.02000,-0.62000,0.59000,23.94000,5.68220,0.00070
1774332909.840564,0.02000,-0.63000,0.60000,23.94000,5.74500,0.00070
1774332909.840564,0.01000,-0.62000,0.60000,23.94000,5.80790,0.00070
1774332909.840564,0.01000,-0.62000,0.60000,23.96000,5.87070,0.00070
1774332909.840564,0.00000,-0.61000,0.60000,23.93000,5.93350,0.00070
1774332909.840564,0.00000,-0.59000,0.59000,23.94000,5.99640,0.00070
1774332909.840564,-0.01000,-0.54000,0.56000,23.94000,6.05920,0.00070
1774332909.840564,-0.02000,-0.51000,0.53000,23.94000,6.12200,0.00070
1774332909.840564,-0.02000,-0.46000,0.49000,23.96000,6.18480,0.00070
1774332909.840564,-0.09000,-0.39000,0.48000,23.94000,6.24770,0.00070
1774332909.840564,-0.20000,-0.27000,0.47000,23.94000,0.02730,0.00070
1774332909.853536,-0.30000,-0.16000,0.46000,23.94000,0.09010,0.00070
1774332909.853536,-0.40000,-0.05000,0.45000,23.93000,0.15300,0.00070
1774332909.853536,-0.42000,-0.04000,0.46000,23.94000,0.21580,0.00070
1774332909.853536,-0.44000,-0.03000,0.47000,23.93000,0.27860,0.00070
1774332909.853536,-0.44000,-0.02000,0.46000,23.93000,0.34150,0.00070
1774332909.853536,-0.43000,-0.01000,0.44000,23.94000,0.40430,0.00070
1774332909.853536,-0.42000,0.00000,0.42000,23.94000,0.46710,0.00070
1774332909.853536,-0.39000,-0.01000,0.40000,23.93000,0.53000,0.00070
1774332909.853536,-0.38000,-0.01000,0.40000,23.93000,0.59280,0.00070
1774332909.853536,-0.39000,-0.02000,0.42000,23.94000,0.65560,0.00070
1774332909.853536,-0.42000,-0.02000,0.45000,23.94000,0.71850,0.00070
1774332909.853536,-0.44000,-0.02000,0.47000,23.94000,0.78130,0.00070
1774332909.853536,-0.45000,-0.02000,0.48000,23.94000,0.84410,0.00070
1774332909.853536,-0.45000,-0.02000,0.47000,23.96000,0.90700,0.00070
1774332909.853536,-0.43000,-0.02000,0.45000,23.93000,0.96980,0.00070
1774332909.853536,-0.41000,0.00000,0.40000,23.94000,1.03260,0.00070
1774332909.859538,-0.39000,0.04000,0.35000,23.94000,1.09550,0.00070
1774332909.859538,-0.40000,0.14000,0.26000,23.93000,1.15830,0.00070
1774332909.859538,-0.41000,0.23000,0.17000,23.96000,1.22110,0.00070
1774332909.859538,-0.43000,0.33000,0.09000,23.94000,1.28390,0.00070
1774332909.859538,-0.47000,0.41000,0.05000,23.94000,1.34680,0.00070
1774332909.859538,-0.54000,0.48000,0.06000,23.94000,1.40960,0.00070
1774332909.859538,-0.58000,0.53000,0.05000,23.94000,1.47240,0.00070
1774332909.859538,-0.64000,0.59000,0.05000,23.94000,1.53530,0.00070
1774332909.859538,-0.67000,0.62000,0.04000,23.94000,1.59810,0.00070
1774332909.859538,-0.68000,0.64000,0.03000,23.94000,1.66090,0.00070
1774332909.859538,-0.68000,0.65000,0.02000,23.93000,1.72380,0.00070
1774332909.859538,-0.68000,0.66000,0.01000,23.94000,1.78660,0.00070
1774332909.859538,-0.65000,0.65000,0.00000,23.94000,1.84940,0.00070
1774332909.859538,-0.59000,0.61000,-0.01000,23.94000,1.91230,0.00070
1774332909.859538,-0.53000,0.56000,-0.03000,23.94000,1.97510,0.00070
1774332909.859538,-0.43000,0.52000,-0.08000,23.94000,2.03790,0.00070
1774332909.873546,-0.31000,0.53000,-0.22000,23.94000,2.10080,0.00070
1774332909.873546,-0.19000,0.52000,-0.33000,23.96000,2.16360,0.00070
1774332909.873546,-0.09000,0.53000,-0.43000,23.94000,2.22640,0.00070
1774332909.873546,-0.05000,0.54000,-0.48000,23.94000,2.28930,0.00070
1774332909.873546,-0.03000,0.57000,-0.53000,23.94000,2.35210,0.00070
1774332909.873546,-0.03000,0.60000,-0.57000,23.94000,2.41490,0.00070
1774332909.873546,-0.01000,0.62000,-0.61000,23.96000,2.47780,0.00070
1774332909.873546,0.00000,0.64000,-0.63000,23.94000,2.54060,0.00070
1774332909.873546,0.00000,0.64000,-0.64000,23.94000,2.60340,0.00070
1774332909.873546,0.00000,0.65000,-0.65000,23.94000,2.66630,0.00070
1774332909.873546,0.00000,0.63000,-0.64000,23.94000,2.72910,0.00070
1774332909.873546,0.00000,0.63000,-0.63000,23.94000,2.79190,0.00070
1774332909.873546,0.01000,0.61000,-0.62000,23.93000,2.85480,0.00070
1774332909.873546,0.01000,0.56000,-0.58000,23.96000,2.91760,0.00070
1774332909.873546,0.02000,0.53000,-0.55000,23.94000,2.98040,0.00070
1774332909.873546,0.08000,0.45000,-0.54000,23.94000,3.04330,0.00070
1774332909.889537,0.18000,0.36000,-0.54000,23.94000,3.10610,0.00070
1774332909.889537,0.28000,0.25000,-0.53000,23.96000,3.16890,0.00070
1774332909.889537,0.36000,0.14000,-0.50000,23.93000,3.23180,0.00070
1774332909.889537,0.43000,0.05000,-0.48000,23.94000,3.29460,0.00070
1774332909.889537,0.45000,0.02000,-0.47000,23.94000,3.35740,0.00070
1774332909.889537,0.45000,0.02000,-0.48000,23.94000,3.42030,0.00070
1774332909.889537,0.47000,0.01000,-0.49000,23.94000,3.48310,0.00070
1774332909.889537,0.48000,0.02000,-0.50000,23.94000,3.54590,0.00070
1774332909.889537,0.48000,0.01000,-0.50000,23.93000,3.60880,0.00070
1774332909.889537,0.45000,0.02000,-0.48000,23.94000,3.67160,0.00070
1774332909.889537,0.44000,0.02000,-0.46000,23.94000,3.73440,0.00070
1774332909.889537,0.40000,0.02000,-0.42000,23.94000,3.79730,0.00070
1774332909.889537,0.39000,0.01000,-0.41000,23.94000,3.86010,0.00070
1774332909.889537,0.39000,0.01000,-0.41000,23.94000,3.92290,0.00070
1774332909.889537,0.40000,0.00000,-0.41000,23.94000,3.98580,0.00070
1774332909.889537,0.39000,0.00000,-0.39000,23.94000,4.04860,0.00070
1774332909.916506,0.38000,0.00000,-0.38000,23.94000,4.11140,0.00070
1774332909.916506,0.36000,-0.01000,-0.35000,23.94000,4.17420,0.00070
1774332909.916506,0.36000,-0.07000,-0.29000,23.94000,4.23710,0.00070
1774332909.916506,0.37000,-0.18000,-0.18000,23.94000,4.29990,0.00070
1774332909.916506,0.35000,-0.25000,-0.10000,23.94000,4.36270,0.00070
1774332909.916506,0.36000,-0.30000,-0.06000,23.94000,4.42560,0.00070
1774332909.916506,0.38000,-0.32000,-0.05000,23.94000,4.48840,0.00070
1774332909.916506,0.43000,-0.37000,-0.05000,23.94000,4.55120,0.00070
1774332909.916506,0.47000,-0.42000,-0.05000,23.94000,4.61400,0.00070
1774332909.916506,0.54000,-0.50000,-0.03000,23.96000,4.67690,0.00070
1774332909.916506,0.59000,-0.56000,-0.03000,23.93000,4.73970,0.00070
1774332909.916506,0.64000,-0.61000,-0.02000,23.96000,4.80250,0.00070
1774332909.916506,0.65000,-0.62000,-0.02000,23.94000,4.86540,0.00070
1774332909.916506,0.67000,-0.64000,-0.02000,23.94000,4.92820,0.00070
1774332909.916506,0.67000,-0.65000,-0.02000,23.94000,4.99100,0.00070
1774332909.916506,0.63000,-0.62000,0.00000,23.94000,5.05380,0.00070
1774332909.925046,0.56000,-0.57000,0.00000,23.94000,5.11670,0.00070
1774332909.925046,0.46000,-0.53000,0.06000,23.93000,5.17950,0.00070
1774332909.925046,0.33000,-0.54000,0.20000,23.94000,5.24230,0.00070
1774332909.925046,0.21000,-0.53000,0.32000,23.94000,5.30520,0.00070
1774332909.925046,0.11000,-0.54000,0.42000,23.94000,5.36800,0.00070
1774332909.925046,0.05000,-0.55000,0.49000,23.94000,5.43080,0.00070
1774332909.925046,0.03000,-0.57000,0.53000,23.94000,5.49360,0.00070
1774332909.925046,0.03000,-0.61000,0.57000,23.94000,5.55650,0.00070
1774332909.925046,0.03000,-0.63000,0.60000,23.96000,5.61930,0.00070
1774332909.925046,0.03000,-0.65000,0.62000,23.94000,5.68210,0.00070
1774332909.925046,0.02000,-0.66000,0.63000,23.93000,5.74490,0.00070
1774332909.925046,0.02000,-0.66000,0.63000,23.93000,5.80780,0.00070
1774332909.925046,0.01000,-0.64000,0.63000,23.94000,5.87060,0.00070
1774332909.925046,0.01000,-0.64000,0.62000,23.94000,5.93340,0.00070
1774332909.925046,0.00000,-0.62000,0.62000,23.94000,5.99630,0.00070
1774332909.925046,0.00000,-0.59000,0.59000,23.94000,6.05910,0.00070
1774332909.963129,0.00000,-0.54000,0.55000,23.94000,6.12190,0.00070
1774332909.963129,-0.01000,-0.50000,0.52000,23.94000,6.18470,0.00070
1774332909.963129,-0.03000,-0.46000,0.49000,23.96000,6.24760,0.00070
1774332909.964082,-0.12000,-0.35000,0.48000,23.94000,0.02720,0.00070
1774332909.964082,-0.24000,-0.23000,0.48000,23.94000,0.09000,0.00070
1774332909.964082,-0.35000,-0.11000,0.47000,23.94000,0.15290,0.00070
1774332909.964082,-0.42000,-0.05000,0.47000,23.94000,0.21570,0.00070
1774332909.964082,-0.47000,-0.04000,0.51000,23.94000,0.27850,0.00070
1774332909.964082,-0.51000,-0.02000,0.53000,23.94000,0.34140,0.00070
1774332909.964082,-0.54000,-0.01000,0.55000,23.94000,0.40420,0.00070
1774332909.964082,-0.56000,0.00000,0.57000,23.93000,0.46700,0.00070
1774332909.964082,-0.58000,0.00000,0.58000,23.94000,0.52990,0.00070
1774332909.964082,-0.58000,0.00000,0.58000,23.96000,0.59270,0.00070
1774332909.964082,-0.57000,0.00000,0.58000,23.94000,0.65550,0.00070
1774332909.964082,-0.56000,0.00000,0.57000,23.94000,0.71840,0.00070
1774332909.964082,-0.54000,0.00000,0.54000,23.94000,0.78120,0.00070
1774332909.972045,-0.52000,0.00000,0.52000,23.93000,0.84400,0.00070
1774332909.972045,-0.49000,0.00000,0.49000,23.94000,0.90690,0.00070
1774332909.972045,-0.46000,0.02000,0.43000,23.94000,0.96970,0.00070
1774332909.972045,-0.45000,0.10000,0.35000,23.94000,1.03250,0.00070
1774332909.972045,-0.44000,0.19000,0.24000,23.96000,1.09540,0.00070
1774332909.972045,-0.42000,0.27000,0.15000,23.96000,1.15820,0.00070
1774332909.972045,-0.39000,0.32000,0.07000,23.94000,1.22100,0.00070
1774332909.972045,-0.40000,0.35000,0.04000,23.94000,1.28390,0.00070
1774332909.972045,-0.41000,0.37000,0.04000,23.94000,1.34670,0.00070
1774332909.972045,-0.46000,0.41000,0.04000,23.94000,1.40950,0.00070
1774332909.972045,-0.49000,0.45000,0.04000,23.94000,1.47240,0.00070
1774332909.972045,-0.55000,0.50000,0.04000,23.94000,1.53520,0.00070
1774332909.972045,-0.59000,0.54000,0.04000,23.94000,1.59800,0.00070
1774332909.972045,-0.61000,0.58000,0.03000,23.94000,1.66090,0.00070
1774332909.972045,-0.62000,0.59000,0.02000,23.96000,1.72370,0.00070
1774332909.972045,-0.60000,0.59000,0.01000,23.94000,1.78650,0.00070
1774332909.972045,-0.60000,0.60000,0.00000,23.94000,1.84940,0.00070
1774332909.972045,-0.57000,0.58000,0.00000,23.94000,1.91220,0.00070
1774332909.972045,-0.54000,0.55000,-0.01000,23.94000,1.97500,0.00070
1774332909.972045,-0.48000,0.51000,-0.02000,23.94000,2.03780,0.00070
1774332909.972045,-0.37000,0.51000,-0.13000,23.94000,2.10070,0.00070
1774332909.972045,-0.24000,0.51000,-0.27000,23.94000,2.16350,0.00070
1774332909.972045,-0.12000,0.51000,-0.38000,23.94000,2.22630,0.00070
1774332909.972045,-0.06000,0.52000,-0.45000,23.93000,2.28920,0.00070
1774332909.972045,-0.04000,0.55000,-0.50000,23.94000,2.35200,0.00070
1774332909.972045,-0.03000,0.58000,-0.54000,23.94000,2.41480,0.00070
1774332909.972045,-0.02000,0.60000,-0.58000,23.94000,2.47770,0.00070
1774332909.972045,-0.02000,0.63000,-0.60000,23.94000,2.54050,0.00070
1774332909.972045,-0.01000,0.64000,-0.62000,23.94000,2.60330,0.00070
1774332909.972045,0.00000,0.64000,-0.63000,23.93000,2.66620,0.00070
1774332909.972045,-0.01000,0.63000,-0.62000,23.94000,2.72900,0.00070
1774332909.972045,0.00000,0.63000,-0.62000,23.94000,2.79180,0.00070
1774332909.986048,0.00000,0.61000,-0.61000,23.94000,2.85470,0.00070
1774332909.986048,0.00000,0.58000,-0.57000,23.94000,2.91750,0.00070
1774332909.986048,0.00000,0.54000,-0.54000,23.96000,2.98030,0.00070
1774332909.986048,0.00000,0.49000,-0.50000,23.94000,3.04320,0.00070
1774332909.986048,0.04000,0.43000,-0.48000,23.93000,3.10600,0.00070
1774332909.986048,0.13000,0.34000,-0.47000,23.94000,3.16880,0.00070
1774332909.986048,0.22000,0.23000,-0.46000,23.96000,3.23170,0.00070
1774332909.986048,0.31000,0.13000,-0.44000,23.94000,3.29450,0.00070
1774332909.986048,0.38000,0.05000,-0.44000,23.94000,3.35730,0.00070
1774332909.986048,0.42000,0.04000,-0.46000,23.94000,3.42020,0.00070
1774332909.986048,0.44000,0.04000,-0.49000,23.94000,3.48300,0.00070
1774332909.986048,0.48000,0.04000,-0.53000,23.94000,3.54580,0.00070
1774332909.986048,0.52000,0.04000,-0.57000,23.94000,3.60870,0.00070
1774332909.986048,0.55000,0.04000,-0.60000,23.96000,3.67150,0.00070
1774332909.986048,0.57000,0.03000,-0.61000,23.94000,3.73430,0.00070
1774332909.986048,0.58000,0.02000,-0.60000,23.94000,3.79720,0.00070
1774332910.003056,0.58000,0.01000,-0.60000,23.94000,3.86000,0.00070
1774332910.003056,0.57000,0.00000,-0.57000,23.94000,3.92280,0.00070
1774332910.003056,0.55000,0.00000,-0.54000,23.94000,3.98570,0.00070
1774332910.003056,0.53000,-0.01000,-0.51000,23.93000,4.04850,0.00070
1774332910.003056,0.49000,-0.02000,-0.47000,23.94000,4.11130,0.00070
1774332910.003056,0.46000,-0.05000,-0.40000,23.96000,4.17420,0.00070
1774332910.003056,0.47000,-0.16000,-0.30000,23.96000,4.23700,0.00070
1774332910.003056,0.47000,-0.28000,-0.19000,23.94000,4.29980,0.00070
1774332910.003056,0.47000,-0.37000,-0.10000,23.94000,4.36260,0.00070
1774332910.003056,0.49000,-0.43000,-0.05000,23.94000,4.42550,0.00070
1774332910.003056,0.52000,-0.47000,-0.05000,23.94000,4.48830,0.00070
1774332910.003056,0.57000,-0.53000,-0.04000,23.94000,4.55110,0.00070
1774332910.003056,0.59000,-0.56000,-0.02000,23.94000,4.61390,0.00070
1774332910.003056,0.61000,-0.60000,-0.01000,23.94000,4.67680,0.00070
1774332910.003056,0.63000,-0.62000,0.00000,23.94000,4.73960,0.00070
1774332910.003056,0.62000,-0.62000,0.00000,23.94000,4.80240,0.00070
1774332910.043616,0.61000,-0.61000,0.00000,23.94000,4.86530,0.00070
1774332910.043616,0.60000,-0.60000,0.00000,23.93000,4.92810,0.00070
1774332910.043616,0.59000,-0.59000,0.00000,23.94000,4.99090,0.00070
1774332910.043616,0.55000,-0.55000,0.00000,23.94000,5.05370,0.00070
1774332910.043616,0.51000,-0.52000,0.01000,23.94000,5.11660,0.00070
1774332910.043616,0.45000,-0.50000,0.04000,23.96000,5.17940,0.00070
1774332910.043616,0.34000,-0.50000,0.16000,23.94000,5.24220,0.00070
1774332910.043616,0.23000,-0.50000,0.27000,23.94000,5.30510,0.00070
1774332910.043616,0.12000,-0.50000,0.38000,23.94000,5.36790,0.00070
1774332910.043616,0.04000,-0.50000,0.46000,23.94000,5.43070,0.00070
1774332910.043616,0.03000,-0.53000,0.50000,23.94000,5.49350,0.00070
1774332910.043616,0.03000,-0.57000,0.53000,23.94000,5.55640,0.00070
1774332910.043616,0.03000,-0.59000,0.56000,23.94000,5.61920,0.00070
1774332910.043616,0.03000,-0.61000,0.58000,23.94000,5.68200,0.00070
1774332910.043616,0.02000,-0.62000,0.59000,23.96000,5.74490,0.00070
1774332910.043616,0.03000,-0.64000,0.61000,23.94000,5.80770,0.00070
1774332910.043616,0.02000,-0.63000,0.61000,23.94000,5.87050,0.00070
1774332910.043616,0.00000,-0.62000,0.61000,23.94000,5.93330,0.00070
1774332910.043616,0.00000,-0.61000,0.60000,23.93000,5.99620,0.00070
1774332910.043616,0.00000,-0.57000,0.57000,23.94000,6.05900,0.00070
1774332910.043616,-0.01000,-0.52000,0.54000,23.93000,6.12180,0.00070
1774332910.043616,-0.02000,-0.47000,0.50000,23.96000,6.18470,0.00070
1774332910.043616,-0.08000,-0.40000,0.49000,23.94000,6.24750,0.00070
1774332910.043616,-0.17000,-0.30000,0.48000,23.94000,0.02710,0.00070
1774332910.043616,-0.26000,-0.19000,0.45000,23.94000,0.09000,0.00070
1774332910.043616,-0.33000,-0.09000,0.43000,23.94000,0.15280,0.00070
1774332910.044618,-0.35000,-0.05000,0.41000,23.96000,0.21560,0.00070
1774332910.044618,-0.36000,-0.04000,0.41000,23.94000,0.27840,0.00070
1774332910.044618,-0.38000,-0.04000,0.42000,23.93000,0.34130,0.00070
1774332910.044618,-0.42000,-0.03000,0.45000,23.96000,0.40410,0.00070
1774332910.044618,-0.48000,-0.02000,0.50000,23.96000,0.46690,0.00070
1774332910.044618,-0.50000,-0.02000,0.53000,23.94000,0.52980,0.00070
1774332910.060618,-0.54000,-0.02000,0.56000,23.94000,0.59260,0.00070
1774332910.060618,-0.55000,-0.02000,0.57000,23.94000,0.65540,0.00070
1774332910.060618,-0.56000,-0.02000,0.58000,23.96000,0.71830,0.00070
1774332910.060618,-0.55000,-0.02000,0.58000,23.94000,0.78110,0.00070
1774332910.060618,-0.55000,-0.02000,0.57000,23.94000,0.84390,0.00070
1774332910.060618,-0.54000,-0.02000,0.56000,23.94000,0.90680,0.00070
1774332910.060618,-0.51000,-0.01000,0.53000,23.94000,0.96960,0.00070
1774332910.060618,-0.50000,0.02000,0.47000,23.96000,1.03240,0.00070
1774332910.060618,-0.49000,0.12000,0.36000,23.94000,1.09530,0.00070
1774332910.060618,-0.50000,0.27000,0.23000,23.96000,1.15810,0.00070
1774332910.060618,-0.50000,0.38000,0.11000,23.94000,1.22090,0.00070
1774332910.060618,-0.51000,0.46000,0.04000,23.94000,1.28380,0.00070
1774332910.060618,-0.55000,0.51000,0.04000,23.94000,1.34660,0.00070
1774332910.060618,-0.60000,0.56000,0.03000,23.94000,1.40940,0.00070
1774332910.060618,-0.61000,0.58000,0.03000,23.94000,1.47230,0.00070
1774332910.060618,-0.64000,0.61000,0.03000,23.93000,1.53510,0.00070
1774332910.077616,-0.65000,0.62000,0.03000,23.96000,1.59790,0.00070
1774332910.077616,-0.65000,0.63000,0.01000,23.94000,1.66080,0.00070
1774332910.077616,-0.63000,0.61000,0.01000,23.94000,1.72360,0.00070
1774332910.077616,-0.62000,0.62000,0.00000,23.94000,1.78640,0.00070
1774332910.077616,-0.60000,0.61000,0.00000,23.94000,1.84930,0.00070
1774332910.077616,-0.55000,0.57000,-0.01000,23.94000,1.91210,0.00070
1774332910.077616,-0.50000,0.53000,-0.03000,23.96000,1.97490,0.00070
1774332910.077616,-0.42000,0.51000,-0.08000,23.94000,2.03780,0.00070
1774332910.077616,-0.28000,0.51000,-0.22000,23.96000,2.10060,0.00070
1774332910.077616,-0.17000,0.51000,-0.34000,23.94000,2.16340,0.00070
1774332910.077616,-0.07000,0.51000,-0.44000,23.94000,2.22630,0.00070
1774332910.077616,-0.05000,0.54000,-0.49000,23.96000,2.28910,0.00070
1774332910.077616,-0.03000,0.56000,-0.52000,23.94000,2.35190,0.00070
1774332910.077616,-0.02000,0.58000,-0.56000,23.94000,2.41480,0.00070
1774332910.077616,-0.01000,0.59000,-0.58000,23.94000,2.47760,0.00070
1774332910.077616,0.00000,0.61000,-0.60000,23.94000,2.54040,0.00070
1774332910.082651,0.00000,0.61000,-0.61000,23.94000,2.60330,0.00070
1774332910.082651,0.00000,0.61000,-0.61000,23.93000,2.66610,0.00070
1774332910.082651,0.00000,0.60000,-0.60000,23.94000,2.72890,0.00070
1774332910.082651,0.00000,0.60000,-0.59000,23.94000,2.79170,0.00070
1774332910.082651,0.00000,0.58000,-0.58000,23.94000,2.85460,0.00070
1774332910.082651,0.00000,0.55000,-0.55000,23.93000,2.91740,0.00070
1774332910.082651,0.00000,0.51000,-0.51000,23.93000,2.98020,0.00070
1774332910.082651,0.00000,0.47000,-0.48000,23.94000,3.04310,0.00070
1774332910.082651,0.05000,0.40000,-0.46000,23.94000,3.10590,0.00070
1774332910.082651,0.16000,0.29000,-0.46000,23.94000,3.16870,0.00070
1774332910.082651,0.26000,0.18000,-0.44000,23.94000,3.23160,0.00070
1774332910.082651,0.34000,0.07000,-0.42000,23.94000,3.29440,0.00070
1774332910.082651,0.37000,0.03000,-0.41000,23.94000,3.35720,0.00070
1774332910.082651,0.38000,0.03000,-0.41000,23.96000,3.42010,0.00070
1774332910.082651,0.38000,0.03000,-0.41000,23.94000,3.48290,0.00070
1774332910.082651,0.38000,0.03000,-0.42000,23.94000,3.54570,0.00070
1774332910.118206,0.41000,0.04000,-0.45000,23.94000,3.60860,0.00070
1774332910.118206,0.43000,0.04000,-0.48000,23.94000,3.67140,0.00070
1774332910.118206,0.47000,0.04000,-0.52000,23.94000,3.73420,0.00070
1774332910.118206,0.49000,0.03000,-0.53000,23.93000,3.79710,0.00070
1774332910.118206,0.51000,0.03000,-0.54000,23.94000,3.85990,0.00070
1774332910.118206,0.52000,0.02000,-0.54000,23.94000,3.92270,0.00070
1774332910.118206,0.52000,0.01000,-0.53000,23.94000,3.98560,0.00070
1774332910.118206,0.52000,0.00000,-0.52000,23.96000,4.04840,0.00070
1774332910.118206,0.49000,0.00000,-0.49000,23.94000,4.11120,0.00070
1774332910.118206,0.47000,-0.01000,-0.46000,23.94000,4.17410,0.00070
1774332910.118206,0.45000,-0.04000,-0.40000,23.94000,4.23690,0.00070
1774332910.118206,0.48000,-0.16000,-0.32000,23.94000,4.29970,0.00070
1774332910.118206,0.50000,-0.28000,-0.22000,23.94000,4.36250,0.00070
1774332910.118206,0.52000,-0.41000,-0.11000,23.94000,4.42540,0.00070
1774332910.118206,0.55000,-0.50000,-0.05000,23.94000,4.48820,0.00070
1774332910.118206,0.60000,-0.56000,-0.04000,23.94000,4.55100,0.00070
1774332910.118206,0.62000,-0.60000,-0.02000,23.94000,4.61390,0.00070
1774332910.118206,0.65000,-0.64000,-0.01000,23.93000,4.67670,0.00070
1774332910.118206,0.66000,-0.65000,-0.01000,23.94000,4.73950,0.00070
1774332910.118206,0.65000,-0.65000,0.00000,23.94000,4.80230,0.00070
1774332910.118206,0.64000,-0.63000,0.00000,23.96000,4.86520,0.00070
1774332910.118206,0.62000,-0.62000,0.00000,23.94000,4.92800,0.00070
1774332910.118206,0.58000,-0.59000,0.00000,23.96000,4.99080,0.00070
1774332910.118206,0.53000,-0.55000,0.01000,23.94000,5.05370,0.00070
1774332910.118206,0.47000,-0.52000,0.04000,23.96000,5.11650,0.00070
1774332910.118206,0.37000,-0.52000,0.15000,23.94000,5.17930,0.00070
1774332910.118206,0.26000,-0.53000,0.26000,23.96000,5.24210,0.00070
1774332910.118206,0.15000,-0.51000,0.36000,23.94000,5.30500,0.00070
1774332910.118206,0.06000,-0.51000,0.45000,23.94000,5.36780,0.00070
1774332910.118206,0.03000,-0.53000,0.49000,23.96000,5.43060,0.00070
1774332910.118206,0.02000,-0.55000,0.52000,23.93000,5.49340,0.00070
1774332910.118206,0.03000,-0.57000,0.54000,23.94000,5.55630,0.00070
1774332910.133206,0.03000,-0.59000,0.55000,23.94000,5.61910,0.00070
1774332910.133206,0.03000,-0.59000,0.56000,23.94000,5.68190,0.00070
1774332910.133206,0.03000,-0.61000,0.57000,23.94000,5.74480,0.00070
1774332910.133206,0.03000,-0.62000,0.59000,23.94000,5.80760,0.00070
1774332910.133206,0.01000,-0.61000,0.59000,23.94000,5.87040,0.00070
1774332910.133206,0.01000,-0.61000,0.59000,23.96000,5.93320,0.00070
1774332910.133206,0.00000,-0.59000,0.58000,23.96000,5.99610,0.00070
1774332910.133206,0.00000,-0.56000,0.56000,23.94000,6.05890,0.00070
1774332910.133206,-0.01000,-0.52000,0.53000,23.96000,6.12170,0.00070
1774332910.133206,-0.02000,-0.48000,0.50000,23.94000,6.18460,0.00070
1774332910.133206,-0.08000,-0.40000,0.49000,23.94000,6.24740,0.00070
1774332910.133206,-0.19000,-0.28000,0.48000,23.94000,0.02700,0.00070
1774332910.133206,-0.29000,-0.17000,0.47000,23.94000,0.08990,0.00070
1774332910.133206,-0.37000,-0.06000,0.44000,23.94000,0.15270,0.00070
1774332910.133206,-0.40000,-0.04000,0.45000,23.94000,0.21550,0.00070
1774332910.133206,-0.41000,-0.03000,0.45000,23.94000,0.27840,0.00070
1774332910.151242,-0.41000,-0.02000,0.44000,23.96000,0.34120,0.00070
1774332910.151242,-0.41000,-0.02000,0.44000,23.94000,0.40400,0.00070
1774332910.151242,-0.42000,-0.01000,0.44000,23.94000,0.46690,0.00070
1774332910.151242,-0.44000,-0.01000,0.46000,23.94000,0.52970,0.00070
1774332910.151242,-0.47000,-0.02000,0.50000,23.94000,0.59250,0.00070
1774332910.151242,-0.49000,-0.02000,0.52000,23.96000,0.65530,0.00070
1774332910.151242,-0.51000,-0.02000,0.53000,23.94000,0.71820,0.00070
1774332910.151242,-0.52000,-0.02000,0.54000,23.94000,0.78100,0.00070
1774332910.151242,-0.52000,-0.01000,0.54000,23.94000,0.84380,0.00070
1774332910.151242,-0.50000,-0.01000,0.51000,23.94000,0.90670,0.00070
1774332910.151242,-0.46000,-0.01000,0.48000,23.94000,0.96950,0.00070
1774332910.151242,-0.45000,0.00000,0.44000,23.96000,1.03230,0.00070
1774332910.151242,-0.44000,0.05000,0.38000,23.96000,1.09520,0.00070
1774332910.151242,-0.45000,0.16000,0.28000,23.94000,1.15800,0.00070
1774332910.151242,-0.46000,0.27000,0.19000,23.96000,1.22080,0.00070
1774332910.151242,-0.49000,0.38000,0.10000,23.94000,1.28370,0.00070
1774332910.166250,-0.52000,0.47000,0.05000,23.94000,1.34650,0.00070
1774332910.166250,-0.58000,0.53000,0.05000,23.94000,1.40930,0.00070
1774332910.166250,-0.61000,0.56000,0.04000,23.93000,1.47220,0.00070
1774332910.166250,-0.66000,0.61000,0.04000,23.96000,1.53500,0.00070
1774332910.166250,-0.69000,0.64000,0.04000,23.94000,1.59780,0.00070
1774332910.166250,-0.71000,0.67000,0.03000,23.94000,1.66070,0.00070
1774332910.166250,-0.68000,0.66000,0.02000,23.94000,1.72350,0.00070
1774332910.166250,-0.65000,0.65000,0.00000,23.94000,1.78630,0.00070
1774332910.166250,-0.59000,0.61000,-0.01000,23.94000,1.84920,0.00070
1774332910.166250,-0.52000,0.56000,-0.04000,23.94000,1.91200,0.00070
1774332910.166250,-0.43000,0.51000,-0.08000,23.94000,1.97480,0.00070
1774332910.166250,-0.30000,0.52000,-0.22000,23.94000,2.03770,0.00070
1774332910.166250,-0.20000,0.53000,-0.33000,23.94000,2.10050,0.00070
1774332910.166250,-0.11000,0.52000,-0.41000,23.96000,2.16330,0.00070
1774332910.167221,-0.06000,0.53000,-0.46000,23.94000,2.22620,0.00070
1774332910.167221,-0.05000,0.54000,-0.49000,23.94000,2.28900,0.00070
1774332910.196843,-0.03000,0.55000,-0.52000,23.94000,2.35180,0.00070
1774332910.196843,-0.02000,0.58000,-0.55000,23.94000,2.41470,0.00070
1774332910.196843,-0.02000,0.60000,-0.58000,23.96000,2.47750,0.00070
1774332910.196843,-0.01000,0.61000,-0.60000,23.94000,2.54030,0.00070
1774332910.196843,0.00000,0.60000,-0.60000,23.96000,2.60320,0.00070
1774332910.196843,0.00000,0.61000,-0.61000,23.94000,2.66600,0.00070
1774332910.196843,0.00000,0.60000,-0.60000,23.94000,2.72880,0.00070
1774332910.196843,0.00000,0.60000,-0.60000,23.94000,2.79170,0.00070
1774332910.196843,0.00000,0.59000,-0.59000,23.94000,2.85450,0.00070
1774332910.196843,0.00000,0.55000,-0.55000,23.96000,2.91730,0.00070
1774332910.196843,0.00000,0.51000,-0.51000,23.94000,2.98020,0.00070
1774332910.196843,0.01000,0.46000,-0.48000,23.96000,3.04300,0.00070
1774332910.196843,0.09000,0.39000,-0.48000,23.94000,3.10580,0.00070
1774332910.197811,0.20000,0.27000,-0.47000,23.96000,3.16870,0.00070
1774332910.197811,0.30000,0.16000,-0.46000,23.96000,3.23150,0.00070
1774332910.197811,0.39000,0.05000,-0.44000,23.94000,3.29430,0.00070
1774332910.205806,0.42000,0.02000,-0.45000,23.94000,3.35720,0.00070
1774332910.205806,0.45000,0.02000,-0.47000,23.94000,3.42000,0.00070
1774332910.205806,0.44000,0.02000,-0.46000,23.94000,3.48280,0.00070
1774332910.205806,0.43000,0.02000,-0.45000,23.94000,3.54560,0.00070
1774332910.205806,0.41000,0.02000,-0.44000,23.94000,3.60850,0.00070
1774332910.205806,0.37000,0.04000,-0.41000,23.94000,3.67130,0.00070
1774332910.205806,0.36000,0.04000,-0.40000,23.96000,3.73410,0.00070
1774332910.205806,0.38000,0.03000,-0.42000,23.94000,3.79700,0.00070
1774332910.205806,0.41000,0.02000,-0.44000,23.94000,3.85980,0.00070
1774332910.205806,0.44000,0.02000,-0.47000,23.93000,3.92260,0.00070
1774332910.205806,0.46000,0.00000,-0.47000,23.93000,3.98550,0.00070
1774332910.205806,0.46000,0.00000,-0.46000,23.96000,4.04830,0.00070
1774332910.205806,0.44000,0.00000,-0.44000,23.94000,4.11110,0.00070
1774332910.205806,0.42000,-0.01000,-0.41000,23.94000,4.17400,0.00070
1774332910.205806,0.39000,-0.04000,-0.35000,23.94000,4.23680,0.00070
1774332910.205806,0.40000,-0.13000,-0.26000,23.94000,4.29960,0.00070
1774332910.219342,0.41000,-0.23000,-0.17000,23.96000,4.36240,0.00070
1774332910.219342,0.43000,-0.33000,-0.09000,23.96000,4.42530,0.00070
1774332910.219342,0.47000,-0.40000,-0.06000,23.96000,4.48810,0.00070
1774332910.219342,0.54000,-0.48000,-0.05000,23.94000,4.55090,0.00070
1774332910.219342,0.57000,-0.53000,-0.04000,23.94000,4.61380,0.00070
1774332910.220344,0.63000,-0.60000,-0.03000,23.94000,4.67660,0.00070
1774332910.220344,0.65000,-0.62000,-0.02000,23.94000,4.73940,0.00070
1774332910.220344,0.69000,-0.66000,-0.02000,23.94000,4.80220,0.00070
1774332910.220344,0.69000,-0.67000,-0.02000,23.94000,4.86510,0.00070
1774332910.220344,0.67000,-0.66000,-0.01000,23.94000,4.92790,0.00070
1774332910.220344,0.65000,-0.64000,0.00000,23.94000,4.99070,0.00070
1774332910.220344,0.60000,-0.61000,0.00000,23.94000,5.05360,0.00070
1774332910.220344,0.53000,-0.55000,0.02000,23.96000,5.11640,0.00070
1774332910.220344,0.43000,-0.53000,0.09000,23.93000,5.17920,0.00070
1774332910.220344,0.30000,-0.53000,0.22000,23.96000,5.24200,0.00070
1774332910.220344,0.18000,-0.52000,0.34000,23.94000,5.30490,0.00070
1774332910.237347,0.09000,-0.53000,0.43000,23.94000,5.36770,0.00070
1774332910.237347,0.04000,-0.54000,0.49000,23.94000,5.43050,0.00070
1774332910.237347,0.03000,-0.57000,0.54000,23.94000,5.49340,0.00070
1774332910.237347,0.02000,-0.60000,0.58000,23.94000,5.55620,0.00070
1774332910.237347,0.02000,-0.63000,0.60000,23.93000,5.61900,0.00070
1774332910.237347,0.01000,-0.65000,0.63000,23.94000,5.68180,0.00070
1774332910.237347,0.01000,-0.65000,0.63000,23.93000,5.74470,0.00070
1774332910.237347,0.01000,-0.65000,0.64000,23.94000,5.80750,0.00070
1774332910.237347,0.01000,-0.65000,0.64000,23.94000,5.87030,0.00070
1774332910.237347,0.00000,-0.64000,0.64000,23.94000,5.93320,0.00070
1774332910.237347,-0.01000,-0.60000,0.62000,23.94000,5.99600,0.00070
1774332910.237347,-0.02000,-0.57000,0.59000,23.94000,6.05880,0.00070
1774332910.237347,-0.03000,-0.52000,0.56000,23.96000,6.12160,0.00070
1774332910.237347,-0.06000,-0.47000,0.53000,23.94000,6.18450,0.00070
1774332910.237347,-0.17000,-0.36000,0.54000,23.94000,6.24730,0.00070
1774332910.237347,-0.26000,-0.25000,0.52000,23.94000,0.02690,0.00070
1774332910.242359,-0.36000,-0.14000,0.50000,23.94000,0.08980,0.00070
1774332910.242359,-0.42000,-0.05000,0.48000,23.96000,0.15260,0.00070
1774332910.242359,-0.44000,-0.04000,0.48000,23.93000,0.21540,0.00070
1774332910.242359,-0.46000,-0.02000,0.49000,23.94000,0.27830,0.00070
1774332910.242359,-0.47000,-0.01000,0.49000,23.93000,0.34110,0.00070
1774332910.242359,-0.48000,0.00000,0.49000,23.94000,0.40390,0.00070
1774332910.242359,-0.49000,0.00000,0.49000,23.96000,0.46680,0.00070
1774332910.242359,-0.47000,0.00000,0.47000,23.94000,0.52960,0.00070
1774332910.242359,-0.44000,0.00000,0.45000,23.94000,0.59240,0.00070
1774332910.242359,-0.40000,-0.01000,0.41000,23.94000,0.65530,0.00070
1774332910.242359,-0.40000,-0.01000,0.41000,23.94000,0.71810,0.00070
1774332910.242359,-0.39000,-0.01000,0.41000,23.93000,0.78090,0.00070
1774332910.242359,-0.39000,-0.01000,0.41000,23.94000,0.84370,0.00070
1774332910.242359,-0.39000,-0.02000,0.41000,23.96000,0.90660,0.00070
1774332910.242359,-0.37000,-0.02000,0.39000,23.93000,0.96940,0.00070
1774332910.242359,-0.37000,0.00000,0.36000,23.94000,1.03220,0.00070
1774332910.286978,-0.36000,0.07000,0.29000,23.94000,1.09510,0.00070
1774332910.286978,-0.37000,0.18000,0.19000,23.94000,1.15790,0.00070
1774332910.286978,-0.36000,0.25000,0.10000,23.93000,1.22070,0.00070
1774332910.286978,-0.36000,0.30000,0.05000,23.94000,1.28360,0.00070
1774332910.286978,-0.38000,0.32000,0.05000,23.96000,1.34640,0.00070
1774332910.286978,-0.42000,0.37000,0.05000,23.94000,1.40920,0.00070
1774332910.286978,-0.48000,0.42000,0.06000,23.94000,1.47210,0.00070
1774332910.286978,-0.56000,0.50000,0.06000,23.94000,1.53490,0.00070
1774332910.286978,-0.62000,0.56000,0.05000,23.94000,1.59770,0.00070
1774332910.286978,-0.65000,0.61000,0.04000,23.94000,1.66060,0.00070
1774332910.286978,-0.66000,0.62000,0.03000,23.94000,1.72340,0.00070
1774332910.286978,-0.67000,0.65000,0.02000,23.94000,1.78620,0.00070
1774332910.286978,-0.66000,0.65000,0.01000,23.93000,1.84910,0.00070
1774332910.286978,-0.61000,0.62000,-0.01000,23.94000,1.91190,0.00070
1774332910.286978,-0.55000,0.58000,-0.02000,23.94000,1.97470,0.00070
1774332910.286978,-0.46000,0.53000,-0.07000,23.93000,2.03760,0.00070
1774332910.286978,-0.31000,0.53000,-0.21000,23.94000,2.10040,0.00070
1774332910.286978,-0.19000,0.52000,-0.32000,23.94000,2.16320,0.00070
1774332910.286978,-0.09000,0.52000,-0.43000,23.94000,2.22610,0.00070
1774332910.286978,-0.05000,0.54000,-0.48000,23.94000,2.28890,0.00070
1774332910.286978,-0.04000,0.57000,-0.52000,23.94000,2.35170,0.00070
1774332910.286978,-0.03000,0.60000,-0.56000,23.96000,2.41460,0.00070
1774332910.286978,-0.02000,0.62000,-0.59000,23.94000,2.47740,0.00070
1774332910.286978,-0.01000,0.63000,-0.61000,23.94000,2.54020,0.00070
1774332910.286978,0.00000,0.64000,-0.64000,23.94000,2.60310,0.00070
1774332910.286978,0.00000,0.64000,-0.64000,23.94000,2.66590,0.00070
1774332910.286978,0.00000,0.64000,-0.63000,23.94000,2.72870,0.00070
1774332910.286978,-0.01000,0.63000,-0.62000,23.94000,2.79160,0.00070
1774332910.286978,0.00000,0.61000,-0.61000,23.94000,2.85440,0.00070
1774332910.286978,0.00000,0.58000,-0.57000,23.94000,2.91720,0.00070
1774332910.286978,0.00000,0.55000,-0.54000,23.94000,2.98010,0.00070
1774332910.286978,0.00000,0.50000,-0.50000,23.94000,3.04290,0.00070
1774332910.300024,0.03000,0.45000,-0.48000,23.94000,3.10570,0.00070
1774332910.300024,0.12000,0.35000,-0.48000,23.96000,3.16860,0.00070
1774332910.300024,0.23000,0.23000,-0.47000,23.94000,3.23140,0.00070
1774332910.300024,0.33000,0.12000,-0.46000,23.94000,3.29420,0.00070
1774332910.300024,0.42000,0.04000,-0.47000,23.94000,3.35710,0.00070
1774332910.300024,0.47000,0.03000,-0.50000,23.94000,3.41990,0.00070
1774332910.300024,0.50000,0.03000,-0.53000,23.94000,3.48270,0.00070
1774332910.300024,0.52000,0.02000,-0.55000,23.94000,3.54560,0.00070
1774332910.300024,0.55000,0.03000,-0.58000,23.94000,3.60840,0.00070
1774332910.300024,0.55000,0.03000,-0.59000,23.94000,3.67120,0.00070
1774332910.300024,0.56000,0.02000,-0.59000,23.94000,3.73410,0.00070
1774332910.300024,0.56000,0.01000,-0.58000,23.94000,3.79690,0.00070
1774332910.300024,0.56000,0.00000,-0.57000,23.96000,3.85970,0.00070
1774332910.300024,0.55000,0.00000,-0.55000,23.93000,3.92260,0.00070
1774332910.301027,0.53000,-0.01000,-0.52000,23.94000,3.98540,0.00070
1774332910.301027,0.50000,-0.02000,-0.48000,23.94000,4.04820,0.00070
1774332910.317618,0.46000,-0.02000,-0.43000,23.94000,4.11100,0.00070
1774332910.317618,0.44000,-0.07000,-0.36000,23.94000,4.17390,0.00070
1774332910.317618,0.43000,-0.17000,-0.26000,23.96000,4.23670,0.00070
1774332910.317618,0.42000,-0.25000,-0.17000,23.94000,4.29950,0.00070
1774332910.317618,0.40000,-0.31000,-0.08000,23.96000,4.36240,0.00070
1774332910.317618,0.42000,-0.36000,-0.05000,23.94000,4.42520,0.00070
1774332910.317618,0.44000,-0.38000,-0.05000,23.96000,4.48800,0.00070
1774332910.317618,0.48000,-0.44000,-0.04000,23.94000,4.55080,0.00070
1774332910.317618,0.51000,-0.48000,-0.03000,23.94000,4.61370,0.00070
1774332910.317618,0.56000,-0.54000,-0.02000,23.96000,4.67650,0.00070
1774332910.317618,0.59000,-0.57000,-0.01000,23.93000,4.73930,0.00070
1774332910.317618,0.61000,-0.60000,-0.01000,23.94000,4.80220,0.00070
1774332910.317618,0.62000,-0.60000,-0.01000,23.94000,4.86500,0.00070
1774332910.317618,0.61000,-0.59000,-0.01000,23.93000,4.92780,0.00070
1774332910.317618,0.60000,-0.59000,-0.01000,23.96000,4.99060,0.00070
1774332910.317618,0.59000,-0.57000,-0.01000,23.93000,5.05350,0.00070
1774332910.337641,0.55000,-0.54000,0.00000,23.94000,5.11630,0.00070
1774332910.337641,0.48000,-0.51000,0.02000,23.94000,5.17910,0.00070
1774332910.337641,0.37000,-0.52000,0.14000,23.94000,5.24190,0.00070
1774332910.337641,0.25000,-0.52000,0.27000,23.94000,5.30480,0.00070
1774332910.337641,0.14000,-0.52000,0.38000,23.94000,5.36760,0.00070
1774332910.337641,0.06000,-0.53000,0.46000,23.94000,5.43040,0.00070
1774332910.337641,0.03000,-0.55000,0.51000,23.94000,5.49330,0.00070
1774332910.337641,0.03000,-0.59000,0.56000,23.94000,5.55610,0.00070
1774332910.337641,0.03000,-0.61000,0.58000,23.93000,5.61890,0.00070
1774332910.337641,0.02000,-0.63000,0.61000,23.94000,5.68170,0.00070
1774332910.337641,0.02000,-0.65000,0.62000,23.94000,5.74460,0.00070
1774332910.337641,0.02000,-0.65000,0.63000,23.94000,5.80740,0.00070
1774332910.337641,0.02000,-0.65000,0.63000,23.94000,5.87020,0.00070
1774332910.337641,0.00000,-0.63000,0.62000,23.93000,5.93310,0.00070
1774332910.337641,0.00000,-0.61000,0.61000,23.94000,5.99590,0.00070
1774332910.337641,0.00000,-0.57000,0.58000,23.94000,6.05870,0.00070
1774332910.353912,-0.01000,-0.52000,0.54000,23.94000,6.12150,0.00070
1774332910.353912,-0.02000,-0.48000,0.51000,23.96000,6.18440,0.00070
1774332910.353912,-0.04000,-0.43000,0.48000,23.94000,6.24720,0.00070
1774332910.353912,-0.14000,-0.33000,0.47000,23.96000,0.02680,0.00070
1774332910.353912,-0.22000,-0.23000,0.45000,23.96000,0.08970,0.00070
1774332910.353912,-0.31000,-0.13000,0.44000,23.94000,0.15250,0.00070
1774332910.353912,-0.37000,-0.05000,0.43000,23.96000,0.21530,0.00070
1774332910.353912,-0.41000,-0.05000,0.46000,23.94000,0.27820,0.00070
1774332910.353912,-0.44000,-0.04000,0.48000,23.94000,0.34100,0.00070
1774332910.353912,-0.47000,-0.03000,0.50000,23.94000,0.40380,0.00070
1774332910.353912,-0.51000,-0.02000,0.54000,23.94000,0.46670,0.00070
1774332910.353912,-0.55000,-0.02000,0.57000,23.94000,0.52950,0.00070
1774332910.353912,-0.57000,-0.02000,0.60000,23.93000,0.59230,0.00070
1774332910.353912,-0.58000,-0.02000,0.60000,23.94000,0.65520,0.00070
1774332910.353912,-0.58000,-0.01000,0.60000,23.94000,0.71800,0.00070
1774332910.353912,-0.57000,-0.01000,0.58000,23.94000,0.78080,0.00070
1774332910.353912,-0.55000,-0.01000,0.57000,23.94000,0.84370,0.00070
1774332910.353912,-0.53000,-0.01000,0.54000,23.93000,0.90650,0.00070
1774332910.353912,-0.50000,0.00000,0.49000,23.94000,0.96930,0.00070
1774332910.353912,-0.48000,0.04000,0.43000,23.94000,1.03210,0.00070
1774332910.353912,-0.48000,0.15000,0.33000,23.94000,1.09500,0.00070
1774332910.353912,-0.48000,0.26000,0.22000,23.94000,1.15780,0.00070
1774332910.353912,-0.48000,0.36000,0.12000,23.94000,1.22060,0.00070
1774332910.353912,-0.51000,0.45000,0.05000,23.96000,1.28350,0.00070
1774332910.353912,-0.55000,0.50000,0.04000,23.94000,1.34630,0.00070
1774332910.353912,-0.58000,0.54000,0.03000,23.94000,1.40910,0.00070
1774332910.353912,-0.60000,0.57000,0.03000,23.93000,1.47200,0.00070
1774332910.353912,-0.64000,0.61000,0.02000,23.94000,1.53480,0.00070
1774332910.353912,-0.64000,0.61000,0.02000,23.93000,1.59760,0.00070
1774332910.353912,-0.63000,0.62000,0.01000,23.93000,1.66050,0.00070
1774332910.353912,-0.62000,0.61000,0.00000,23.96000,1.72330,0.00070
1774332910.353912,-0.60000,0.60000,0.00000,23.94000,1.78610,0.00070
1774332910.396917,-0.58000,0.59000,-0.01000,23.94000,1.84900,0.00070
1774332910.396917,-0.53000,0.56000,-0.02000,23.94000,1.91180,0.00070
1774332910.396917,-0.49000,0.52000,-0.03000,23.94000,1.97460,0.00070
1774332910.396917,-0.44000,0.50000,-0.05000,23.96000,2.03750,0.00070
1774332910.396917,-0.33000,0.49000,-0.16000,23.94000,2.10030,0.00070
1774332910.396917,-0.21000,0.49000,-0.27000,23.94000,2.16310,0.00070
1774332910.396917,-0.10000,0.49000,-0.39000,23.94000,2.22600,0.00070
1774332910.396917,-0.06000,0.51000,-0.44000,23.94000,2.28880,0.00070
1774332910.396917,-0.04000,0.53000,-0.49000,23.96000,2.35160,0.00070
1774332910.396917,-0.04000,0.56000,-0.52000,23.94000,2.41450,0.00070
1774332910.396917,-0.02000,0.57000,-0.55000,23.94000,2.47730,0.00070
1774332910.396917,-0.02000,0.59000,-0.57000,23.94000,2.54010,0.00070
1774332910.396917,0.00000,0.60000,-0.59000,23.94000,2.60300,0.00070
1774332910.396917,0.00000,0.61000,-0.60000,23.96000,2.66580,0.00070
1774332910.396917,-0.01000,0.61000,-0.60000,23.94000,2.72860,0.00070
1774332910.396917,-0.01000,0.61000,-0.60000,23.94000,2.79150,0.00070
1774332910.396917,0.00000,0.59000,-0.59000,23.94000,2.85430,0.00070
1774332910.396917,0.00000,0.56000,-0.56000,23.94000,2.91710,0.00070
1774332910.396917,0.00000,0.53000,-0.54000,23.93000,2.98000,0.00070
1774332910.396917,0.02000,0.48000,-0.50000,23.94000,3.04280,0.00070
1774332910.396917,0.06000,0.42000,-0.48000,23.94000,3.10560,0.00070
1774332910.396917,0.15000,0.31000,-0.47000,23.94000,3.16850,0.00070
1774332910.396917,0.23000,0.21000,-0.44000,23.96000,3.23130,0.00070
1774332910.396917,0.31000,0.11000,-0.43000,23.94000,3.29410,0.00070
1774332910.396917,0.35000,0.05000,-0.41000,23.94000,3.35700,0.00070
1774332910.396917,0.39000,0.04000,-0.43000,23.94000,3.41980,0.00070
1774332910.396917,0.41000,0.04000,-0.45000,23.94000,3.48260,0.00070
1774332910.396917,0.44000,0.04000,-0.48000,23.94000,3.54550,0.00070
1774332910.396917,0.47000,0.04000,-0.52000,23.94000,3.60830,0.00070
1774332910.396917,0.50000,0.04000,-0.55000,23.94000,3.67110,0.00070
1774332910.396917,0.53000,0.04000,-0.58000,23.94000,3.73400,0.00070
1774332910.396917,0.54000,0.03000,-0.58000,23.96000,3.79680,0.00070
1774332910.413432,0.56000,0.03000,-0.59000,23.94000,3.85960,0.00070
1774332910.413432,0.56000,0.02000,-0.59000,23.94000,3.92250,0.00070
1774332910.413432,0.58000,0.00000,-0.59000,23.94000,3.98530,0.00070
1774332910.413432,0.56000,0.00000,-0.56000,23.94000,4.04810,0.00070
1774332910.413432,0.53000,0.00000,-0.53000,23.96000,4.11090,0.00070
1774332910.413432,0.51000,-0.02000,-0.48000,23.94000,4.17380,0.00070
1774332910.413432,0.51000,-0.14000,-0.37000,23.94000,4.23660,0.00070
1774332910.413432,0.52000,-0.28000,-0.23000,23.96000,4.29940,0.00070
1774332910.413432,0.52000,-0.40000,-0.11000,23.94000,4.36230,0.00070
1774332910.413432,0.53000,-0.48000,-0.05000,23.94000,4.42510,0.00070
1774332910.413432,0.57000,-0.53000,-0.04000,23.94000,4.48790,0.00070
1774332910.413432,0.59000,-0.57000,-0.02000,23.94000,4.55070,0.00070
1774332910.413432,0.61000,-0.60000,-0.01000,23.94000,4.61360,0.00070
1774332910.413432,0.63000,-0.63000,0.00000,23.94000,4.67640,0.00070
1774332910.413432,0.64000,-0.64000,0.00000,23.96000,4.73920,0.00070
1774332910.413432,0.63000,-0.63000,0.00000,23.94000,4.80210,0.00070
1774332910.430430,0.62000,-0.62000,0.00000,23.96000,4.86490,0.00070
1774332910.430430,0.61000,-0.61000,0.00000,23.94000,4.92770,0.00070
1774332910.430430,0.59000,-0.59000,0.00000,23.94000,4.99050,0.00070
1774332910.430430,0.55000,-0.56000,0.00000,23.94000,5.05340,0.00070
1774332910.430430,0.51000,-0.52000,0.01000,23.94000,5.11620,0.00070
1774332910.430430,0.44000,-0.50000,0.05000,23.94000,5.17900,0.00070
1774332910.430430,0.33000,-0.51000,0.17000,23.94000,5.24190,0.00070
1774332910.430430,0.21000,-0.50000,0.29000,23.94000,5.30470,0.00070
1774332910.431432,0.10000,-0.50000,0.40000,23.94000,5.36750,0.00070
1774332910.431432,0.04000,-0.52000,0.47000,23.94000,5.43030,0.00070
1774332910.431432,0.02000,-0.54000,0.52000,23.93000,5.49320,0.00070
1774332910.431432,0.02000,-0.58000,0.55000,23.93000,5.55600,0.00070
1774332910.431432,0.02000,-0.60000,0.58000,23.93000,5.61880,0.00070
1774332910.431432,0.02000,-0.61000,0.59000,23.94000,5.68160,0.00070
1774332910.431432,0.02000,-0.62000,0.60000,23.94000,5.74450,0.00070
1774332910.431432,0.02000,-0.62000,0.60000,23.94000,5.80730,0.00070
1774332910.435466,0.01000,-0.61000,0.59000,23.94000,5.87010,0.00070
1774332910.435466,0.00000,-0.60000,0.60000,23.93000,5.93300,0.00070
1774332910.435466,0.00000,-0.59000,0.59000,23.94000,5.99580,0.00070
1774332910.435466,0.00000,-0.55000,0.55000,23.94000,6.05860,0.00070
1774332910.435466,-0.01000,-0.51000,0.53000,23.94000,6.12140,0.00070
1774332910.435466,-0.02000,-0.47000,0.49000,23.94000,6.18430,0.00070
1774332910.435466,-0.05000,-0.41000,0.47000,23.94000,6.24710,0.00070
1774332910.435466,-0.17000,-0.29000,0.46000,23.96000,0.02670,0.00070
1774332910.435466,-0.26000,-0.18000,0.45000,23.94000,0.08960,0.00070
1774332910.436437,-0.35000,-0.08000,0.43000,23.94000,0.15240,0.00070
1774332910.436437,-0.37000,-0.05000,0.42000,23.93000,0.21520,0.00070
1774332910.436437,-0.39000,-0.04000,0.44000,23.94000,0.27810,0.00070
1774332910.436437,-0.40000,-0.03000,0.43000,23.96000,0.34090,0.00070
1774332910.436437,-0.41000,-0.02000,0.43000,23.94000,0.40370,0.00070
1774332910.436437,-0.43000,-0.01000,0.45000,23.94000,0.46660,0.00070
1774332910.436437,-0.45000,-0.01000,0.47000,23.94000,0.52940,0.00070
1774332910.469461,-0.47000,-0.02000,0.50000,23.94000,0.59220,0.00070
1774332910.469461,-0.49000,-0.02000,0.52000,23.94000,0.65510,0.00070
1774332910.469461,-0.50000,-0.03000,0.53000,23.94000,0.71790,0.00070
1774332910.469461,-0.52000,-0.02000,0.54000,23.93000,0.78070,0.00070
1774332910.469461,-0.52000,-0.02000,0.54000,23.94000,0.84360,0.00070
1774332910.469461,-0.51000,-0.02000,0.53000,23.94000,0.90640,0.00070
1774332910.469461,-0.48000,-0.02000,0.51000,23.96000,0.96920,0.00070
1774332910.469461,-0.47000,0.00000,0.47000,23.94000,1.03210,0.00070
1774332910.469461,-0.46000,0.04000,0.42000,23.94000,1.09490,0.00070
1774332910.469461,-0.49000,0.15000,0.33000,23.94000,1.15770,0.00070
1774332910.469461,-0.52000,0.28000,0.23000,23.94000,1.22060,0.00070
1774332910.469461,-0.53000,0.42000,0.11000,23.94000,1.28340,0.00070
1774332910.469461,-0.56000,0.51000,0.05000,23.93000,1.34620,0.00070
1774332910.469461,-0.60000,0.56000,0.04000,23.94000,1.40910,0.00070
1774332910.469461,-0.63000,0.59000,0.04000,23.93000,1.47190,0.00070
1774332910.469461,-0.66000,0.63000,0.03000,23.94000,1.53470,0.00070
1774332910.469461,-0.68000,0.64000,0.03000,23.94000,1.59750,0.00070
1774332910.469461,-0.68000,0.66000,0.02000,23.94000,1.66040,0.00070
1774332910.469461,-0.64000,0.63000,0.01000,23.94000,1.72320,0.00070
1774332910.469461,-0.61000,0.61000,0.00000,23.94000,1.78600,0.00070
1774332910.469461,-0.58000,0.60000,-0.01000,23.94000,1.84890,0.00070
1774332910.469461,-0.53000,0.56000,-0.03000,23.93000,1.91170,0.00070
1774332910.469461,-0.46000,0.51000,-0.05000,23.94000,1.97450,0.00070
1774332910.469461,-0.36000,0.51000,-0.15000,23.96000,2.03740,0.00070
1774332910.469461,-0.25000,0.53000,-0.27000,23.94000,2.10020,0.00070
1774332910.469461,-0.13000,0.52000,-0.38000,23.96000,2.16300,0.00070
1774332910.469461,-0.05000,0.52000,-0.47000,23.96000,2.22590,0.00070
1774332910.469461,-0.04000,0.55000,-0.50000,23.94000,2.28870,0.00070
1774332910.469461,-0.03000,0.56000,-0.53000,23.94000,2.35150,0.00070
1774332910.469461,-0.01000,0.58000,-0.56000,23.94000,2.41440,0.00070
1774332910.469461,-0.01000,0.59000,-0.58000,23.94000,2.47720,0.00070
1774332910.469461,-0.01000,0.60000,-0.58000,23.94000,2.54000,0.00070
1774332910.494442,0.00000,0.60000,-0.60000,23.93000,2.60290,0.00070
1774332910.494442,0.00000,0.60000,-0.59000,23.94000,2.66570,0.00070
1774332910.494442,0.00000,0.59000,-0.58000,23.94000,2.72850,0.00070
1774332910.494442,0.00000,0.59000,-0.58000,23.94000,2.79140,0.00070
1774332910.494442,0.00000,0.57000,-0.57000,23.93000,2.85420,0.00070
1774332910.494442,0.00000,0.55000,-0.54000,23.94000,2.91700,0.00070
1774332910.494442,0.00000,0.52000,-0.51000,23.94000,2.97990,0.00070
1774332910.494442,0.00000,0.48000,-0.48000,23.94000,3.04270,0.00070
1774332910.494442,0.05000,0.41000,-0.46000,23.96000,3.10550,0.00070
1774332910.494442,0.16000,0.30000,-0.47000,23.94000,3.16840,0.00070
1774332910.494442,0.26000,0.19000,-0.45000,23.94000,3.23120,0.00070
1774332910.494442,0.34000,0.08000,-0.43000,23.96000,3.29400,0.00070
1774332910.494442,0.38000,0.04000,-0.42000,23.94000,3.35690,0.00070
1774332910.494442,0.40000,0.03000,-0.43000,23.96000,3.41970,0.00070
1774332910.494442,0.41000,0.03000,-0.44000,23.94000,3.48250,0.00070
1774332910.494442,0.42000,0.03000,-0.46000,23.94000,3.54540,0.00070
1774332910.512502,0.44000,0.03000,-0.48000,23.94000,3.60820,0.00070
1774332910.512502,0.45000,0.04000,-0.50000,23.94000,3.67100,0.00070
1774332910.512502,0.48000,0.04000,-0.53000,23.94000,3.73390,0.00070
1774332910.512502,0.49000,0.03000,-0.53000,23.94000,3.79670,0.00070
1774332910.512502,0.52000,0.02000,-0.55000,23.93000,3.85950,0.00070
1774332910.512502,0.53000,0.01000,-0.55000,23.94000,3.92240,0.00070
1774332910.512502,0.53000,0.00000,-0.53000,23.96000,3.98520,0.00070
1774332910.512502,0.52000,0.00000,-0.51000,23.94000,4.04800,0.00070
1774332910.512502,0.49000,0.00000,-0.49000,23.94000,4.11090,0.00070
1774332910.512502,0.47000,-0.01000,-0.45000,23.94000,4.17370,0.00070
1774332910.512502,0.45000,-0.05000,-0.40000,23.94000,4.23650,0.00070
1774332910.512502,0.47000,-0.17000,-0.30000,23.94000,4.29930,0.00070
1774332910.512502,0.49000,-0.30000,-0.19000,23.94000,4.36220,0.00070
1774332910.512502,0.50000,-0.42000,-0.08000,23.94000,4.42500,0.00070
1774332910.512502,0.54000,-0.48000,-0.05000,23.94000,4.48780,0.00070
1774332910.512502,0.60000,-0.55000,-0.04000,23.93000,4.55070,0.00070
1774332910.517523,0.61000,-0.58000,-0.03000,23.94000,4.61350,0.00070
1774332910.517523,0.65000,-0.63000,-0.02000,23.94000,4.67630,0.00070
1774332910.517523,0.68000,-0.66000,-0.02000,23.94000,4.73910,0.00070
1774332910.517523,0.68000,-0.67000,-0.01000,23.93000,4.80200,0.00070
1774332910.517523,0.68000,-0.67000,-0.01000,23.93000,4.86480,0.00070
1774332910.517523,0.65000,-0.64000,0.00000,23.94000,4.92760,0.00070
1774332910.517523,0.60000,-0.61000,0.00000,23.94000,4.99040,0.00070
1774332910.517523,0.54000,-0.55000,0.01000,23.94000,5.05330,0.00070
1774332910.517523,0.45000,-0.51000,0.06000,23.94000,5.11610,0.00070
1774332910.517523,0.33000,-0.53000,0.19000,23.96000,5.17890,0.00070
1774332910.517523,0.22000,-0.54000,0.31000,23.93000,5.24180,0.00070
1774332910.517523,0.11000,-0.53000,0.42000,23.94000,5.30460,0.00070
1774332910.517523,0.04000,-0.54000,0.50000,23.93000,5.36740,0.00070
1774332910.517523,0.01000,-0.56000,0.54000,23.94000,5.43020,0.00070
1774332910.517523,0.02000,-0.59000,0.57000,23.94000,5.49310,0.00070
1774332910.517523,0.01000,-0.61000,0.60000,23.94000,5.55590,0.00070
1774332910.555504,0.01000,-0.63000,0.61000,23.93000,5.61870,0.00070
1774332910.555504,0.02000,-0.63000,0.61000,23.94000,5.68160,0.00070
1774332910.555504,0.02000,-0.63000,0.60000,23.94000,5.74440,0.00070
1774332910.555504,0.02000,-0.63000,0.61000,23.94000,5.80720,0.00070
1774332910.555504,0.01000,-0.61000,0.59000,23.94000,5.87000,0.00070
1774332910.555504,0.00000,-0.60000,0.59000,23.94000,5.93290,0.00070
1774332910.555504,0.00000,-0.57000,0.57000,23.94000,5.99570,0.00070
1774332910.555504,0.00000,-0.54000,0.54000,23.94000,6.05850,0.00070
1774332910.555504,-0.01000,-0.50000,0.51000,23.94000,6.12140,0.00070
1774332910.555504,-0.02000,-0.45000,0.48000,23.94000,6.18420,0.00070
1774332910.555504,-0.06000,-0.39000,0.45000,23.94000,6.24700,0.00070
1774332910.555504,-0.17000,-0.28000,0.45000,23.96000,0.02670,0.00070
1774332910.555504,-0.27000,-0.16000,0.44000,23.93000,0.08950,0.00070
1774332910.555504,-0.36000,-0.06000,0.43000,23.94000,0.15230,0.00070
1774332910.555504,-0.40000,-0.04000,0.45000,23.94000,0.21510,0.00070
1774332910.555504,-0.44000,-0.03000,0.47000,23.94000,0.27800,0.00070
1774332910.555504,-0.45000,-0.01000,0.47000,23.94000,0.34080,0.00070
1774332910.555504,-0.45000,-0.01000,0.46000,23.94000,0.40360,0.00070
1774332910.555504,-0.44000,0.00000,0.45000,23.94000,0.46650,0.00070
1774332910.555504,-0.42000,0.00000,0.42000,23.94000,0.52930,0.00070
1774332910.555504,-0.40000,-0.01000,0.41000,23.94000,0.59210,0.00070
1774332910.555504,-0.38000,-0.01000,0.40000,23.96000,0.65500,0.00070
1774332910.555504,-0.39000,-0.02000,0.42000,23.94000,0.71780,0.00070
1774332910.555504,-0.41000,-0.02000,0.43000,23.94000,0.78060,0.00070
1774332910.555504,-0.42000,-0.02000,0.45000,23.94000,0.84350,0.00070
1774332910.555504,-0.43000,-0.02000,0.46000,23.94000,0.90630,0.00070
1774332910.555504,-0.41000,-0.02000,0.44000,23.94000,0.96910,0.00070
1774332910.555504,-0.40000,0.00000,0.41000,23.94000,1.03200,0.00070
1774332910.555504,-0.39000,0.03000,0.36000,23.94000,1.09480,0.00070
1774332910.555504,-0.39000,0.09000,0.30000,23.94000,1.15760,0.00070
1774332910.555504,-0.41000,0.20000,0.21000,23.94000,1.22050,0.00070
1774332910.555504,-0.44000,0.31000,0.13000,23.94000,1.28330,0.00070
1774332910.570505,-0.48000,0.42000,0.06000,23.94000,1.34610,0.00070
1774332910.570505,-0.56000,0.49000,0.06000,23.94000,1.40900,0.00070
1774332910.570505,-0.60000,0.55000,0.05000,23.94000,1.47180,0.00070
1774332910.570505,-0.65000,0.60000,0.05000,23.94000,1.53460,0.00070
1774332910.570505,-0.68000,0.63000,0.04000,23.96000,1.59750,0.00070
1774332910.570505,-0.71000,0.67000,0.03000,23.93000,1.66030,0.00070
1774332910.570505,-0.70000,0.67000,0.02000,23.93000,1.72310,0.00070
1774332910.570505,-0.69000,0.68000,0.01000,23.96000,1.78600,0.00070
1774332910.570505,-0.67000,0.67000,0.00000,23.94000,1.84880,0.00070
1774332910.570505,-0.61000,0.63000,-0.01000,23.94000,1.91160,0.00070
1774332910.570505,-0.55000,0.58000,-0.03000,23.96000,1.97450,0.00070
1774332910.570505,-0.45000,0.54000,-0.08000,23.94000,2.03730,0.00070
1774332910.570505,-0.31000,0.53000,-0.22000,23.94000,2.10010,0.00070
1774332910.570505,-0.18000,0.53000,-0.35000,23.94000,2.16300,0.00070
1774332910.570505,-0.06000,0.52000,-0.46000,23.94000,2.22580,0.00070
1774332910.570505,-0.04000,0.56000,-0.51000,23.96000,2.28860,0.00070
1774332910.587503,-0.02000,0.58000,-0.56000,23.93000,2.35140,0.00070
1774332910.587503,-0.02000,0.62000,-0.59000,23.94000,2.41430,0.00070
1774332910.587503,0.00000,0.63000,-0.63000,23.94000,2.47710,0.00070
1774332910.587503,0.00000,0.63000,-0.63000,23.93000,2.53990,0.00070
1774332910.587503,0.00000,0.64000,-0.65000,23.94000,2.60280,0.00070
1774332910.587503,0.00000,0.64000,-0.65000,23.93000,2.66560,0.00070
1774332910.587503,0.01000,0.63000,-0.64000,23.94000,2.72840,0.00070
1774332910.587503,0.00000,0.63000,-0.63000,23.93000,2.79130,0.00070
1774332910.587503,0.00000,0.60000,-0.61000,23.94000,2.85410,0.00070
1774332910.587503,0.01000,0.56000,-0.58000,23.96000,2.91690,0.00070
1774332910.587503,0.01000,0.52000,-0.54000,23.94000,2.97980,0.00070
1774332910.587503,0.04000,0.46000,-0.51000,23.96000,3.04260,0.00070
1774332910.587503,0.14000,0.37000,-0.52000,23.94000,3.10540,0.00070
1774332910.587503,0.24000,0.26000,-0.51000,23.94000,3.16830,0.00070
1774332910.587503,0.34000,0.15000,-0.49000,23.94000,3.23110,0.00070
1774332910.587503,0.42000,0.05000,-0.47000,23.94000,3.29390,0.00070
1774332910.593504,0.45000,0.02000,-0.47000,23.94000,3.35680,0.00070
1774332910.594504,0.47000,0.02000,-0.49000,23.94000,3.41960,0.00070
1774332910.594504,0.48000,0.01000,-0.50000,23.96000,3.48240,0.00070
1774332910.594504,0.48000,0.01000,-0.50000,23.94000,3.54530,0.00070
1774332910.594504,0.48000,0.02000,-0.51000,23.96000,3.60810,0.00070
1774332910.594504,0.46000,0.02000,-0.48000,23.94000,3.67090,0.00070
1774332910.594504,0.44000,0.02000,-0.47000,23.94000,3.73380,0.00070
1774332910.594504,0.42000,0.01000,-0.44000,23.94000,3.79660,0.00070
1774332910.594504,0.40000,0.01000,-0.41000,23.94000,3.85940,0.00070
1774332910.594504,0.38000,0.01000,-0.39000,23.96000,3.92230,0.00070
1774332910.594504,0.37000,0.00000,-0.38000,23.94000,3.98510,0.00070
1774332910.594504,0.37000,0.00000,-0.37000,23.94000,4.04790,0.00070
1774332910.594504,0.36000,0.00000,-0.36000,23.93000,4.11080,0.00070
1774332910.594504,0.35000,0.00000,-0.35000,23.94000,4.17360,0.00070
1774332910.594504,0.34000,-0.04000,-0.30000,23.96000,4.23640,0.00070
1774332910.594504,0.35000,-0.13000,-0.22000,23.94000,4.29920,0.00070
1774332910.617897,0.36000,-0.23000,-0.13000,23.94000,4.36210,0.00070
1774332910.618918,0.35000,-0.28000,-0.06000,23.94000,4.42490,0.00070
1774332910.618918,0.39000,-0.33000,-0.06000,23.94000,4.48770,0.00070
1774332910.618918,0.45000,-0.38000,-0.06000,23.96000,4.55060,0.00070
1774332910.618918,0.50000,-0.45000,-0.05000,23.94000,4.61340,0.00070
1774332910.618918,0.56000,-0.52000,-0.04000,23.94000,4.67620,0.00070
1774332910.618918,0.62000,-0.59000,-0.03000,23.93000,4.73900,0.00070
1774332910.618918,0.65000,-0.62000,-0.03000,23.94000,4.80190,0.00070
1774332910.618918,0.68000,-0.65000,-0.02000,23.94000,4.86470,0.00070
1774332910.618918,0.69000,-0.66000,-0.02000,23.94000,4.92750,0.00070
1774332910.618918,0.68000,-0.66000,-0.02000,23.94000,4.99040,0.00070
1774332910.618918,0.64000,-0.63000,0.00000,23.94000,5.05320,0.00070
1774332910.618918,0.58000,-0.59000,0.00000,23.94000,5.11600,0.00070
1774332910.618918,0.49000,-0.55000,0.05000,23.94000,5.17880,0.00070
1774332910.618918,0.36000,-0.55000,0.18000,23.94000,5.24170,0.00070
1774332910.618918,0.22000,-0.54000,0.31000,23.94000,5.30450,0.00070
1774332910.635898,0.09000,-0.53000,0.44000,23.94000,5.36730,0.00070
1774332910.635898,0.04000,-0.55000,0.51000,23.96000,5.43010,0.00070
1774332910.635898,0.02000,-0.58000,0.55000,23.94000,5.49300,0.00070
1774332910.635898,0.02000,-0.62000,0.59000,23.94000,5.55580,0.00070
1774332910.635898,0.01000,-0.64000,0.62000,23.93000,5.61860,0.00070
1774332910.635898,0.01000,-0.66000,0.64000,23.93000,5.68150,0.00070
1774332910.635898,0.00000,-0.65000,0.65000,23.93000,5.74430,0.00070
1774332910.635898,0.00000,-0.65000,0.64000,23.94000,5.80710,0.00070
1774332910.635898,0.01000,-0.65000,0.63000,23.93000,5.86990,0.00070
1774332910.635898,0.00000,-0.62000,0.63000,23.94000,5.93280,0.00070
1774332910.635898,0.00000,-0.61000,0.61000,23.96000,5.99560,0.00070
1774332910.635898,-0.02000,-0.56000,0.58000,23.94000,6.05840,0.00070
1774332910.635898,-0.02000,-0.52000,0.54000,23.94000,6.12130,0.00070
1774332910.635898,-0.04000,-0.47000,0.51000,23.96000,6.18410,0.00070
1774332910.635898,-0.11000,-0.38000,0.50000,23.94000,6.24690,0.00070
1774332910.635898,-0.22000,-0.27000,0.49000,23.96000,0.02660,0.00070
1774332910.646898,-0.31000,-0.16000,0.47000,23.96000,0.08940,0.00070
1774332910.646898,-0.38000,-0.06000,0.44000,23.94000,0.15220,0.00070
1774332910.646898,-0.40000,-0.04000,0.45000,23.94000,0.21510,0.00070
1774332910.646898,-0.41000,-0.03000,0.45000,23.93000,0.27790,0.00070
1774332910.646898,-0.41000,-0.02000,0.43000,23.94000,0.34070,0.00070
1774332910.646898,-0.40000,-0.02000,0.42000,23.94000,0.40350,0.00070
1774332910.646898,-0.41000,-0.01000,0.43000,23.94000,0.46640,0.00070
1774332910.646898,-0.42000,-0.01000,0.44000,23.94000,0.52920,0.00070
1774332910.646898,-0.45000,-0.02000,0.47000,23.94000,0.59200,0.00070
1774332910.646898,-0.47000,-0.02000,0.50000,23.96000,0.65490,0.00070
1774332910.646898,-0.49000,-0.02000,0.52000,23.93000,0.71770,0.00070
1774332910.646898,-0.50000,-0.02000,0.53000,23.94000,0.78050,0.00070
1774332910.646898,-0.50000,-0.02000,0.53000,23.94000,0.84340,0.00070
1774332910.646898,-0.50000,-0.02000,0.52000,23.94000,0.90620,0.00070
1774332910.646898,-0.47000,-0.02000,0.49000,23.94000,0.96900,0.00070
1774332910.646898,-0.45000,0.00000,0.45000,23.93000,1.03190,0.00070
1774332910.664557,-0.44000,0.04000,0.39000,23.94000,1.09470,0.00070
1774332910.664557,-0.45000,0.16000,0.29000,23.94000,1.15750,0.00070
1774332910.664557,-0.47000,0.29000,0.18000,23.96000,1.22040,0.00070
1774332910.664557,-0.49000,0.41000,0.07000,23.94000,1.28320,0.00070
1774332910.664557,-0.53000,0.47000,0.05000,23.94000,1.34600,0.00070
1774332910.664557,-0.58000,0.53000,0.04000,23.94000,1.40890,0.00070
1774332910.664557,-0.60000,0.56000,0.03000,23.93000,1.47170,0.00070
1774332910.664557,-0.65000,0.61000,0.03000,23.93000,1.53450,0.00070
1774332910.664557,-0.65000,0.61000,0.03000,23.94000,1.59740,0.00070
1774332910.664557,-0.67000,0.64000,0.02000,23.96000,1.66020,0.00070
1774332910.664557,-0.66000,0.64000,0.01000,23.94000,1.72300,0.00070
1774332910.664557,-0.63000,0.63000,0.00000,23.94000,1.78590,0.00070
1774332910.664557,-0.61000,0.62000,0.00000,23.94000,1.84870,0.00070
1774332910.664557,-0.56000,0.58000,-0.02000,23.93000,1.91150,0.00070
1774332910.664557,-0.50000,0.53000,-0.03000,23.94000,1.97440,0.00070
1774332910.664557,-0.41000,0.51000,-0.10000,23.94000,2.03720,0.00070
1774332910.679153,-0.28000,0.52000,-0.23000,23.93000,2.10000,0.00070
1774332910.679153,-0.16000,0.51000,-0.35000,23.94000,2.16290,0.00070
1774332910.679153,-0.06000,0.52000,-0.45000,23.94000,2.22570,0.00070
1774332910.679153,-0.04000,0.55000,-0.50000,23.94000,2.28850,0.00070
1774332910.679153,-0.03000,0.57000,-0.54000,23.94000,2.35140,0.00070
1774332910.679153,-0.01000,0.60000,-0.58000,23.94000,2.41420,0.00070
1774332910.679153,0.00000,0.61000,-0.60000,23.94000,2.47700,0.00070
1774332910.679153,-0.01000,0.61000,-0.60000,23.93000,2.53990,0.00070
1774332910.679153,0.00000,0.62000,-0.61000,23.96000,2.60270,0.00070
1774332910.679153,0.00000,0.61000,-0.61000,23.93000,2.66550,0.00070
1774332910.679153,0.00000,0.61000,-0.60000,23.94000,2.72840,0.00070
1774332910.679153,0.00000,0.60000,-0.59000,23.93000,2.79120,0.00070
1774332910.679153,0.00000,0.59000,-0.58000,23.94000,2.85400,0.00070
1774332910.679153,0.00000,0.55000,-0.55000,23.93000,2.91690,0.00070
1774332910.679153,0.00000,0.52000,-0.52000,23.94000,2.97970,0.00070
1774332910.679153,0.01000,0.47000,-0.48000,23.96000,3.04250,0.00070
1774332910.714731,0.04000,0.41000,-0.46000,23.94000,3.10530,0.00070
1774332910.714731,0.14000,0.30000,-0.45000,23.96000,3.16820,0.00070
1774332910.714731,0.23000,0.20000,-0.44000,23.94000,3.23100,0.00070
1774332910.714731,0.30000,0.10000,-0.41000,23.96000,3.29380,0.00070
1774332910.714731,0.34000,0.05000,-0.39000,23.94000,3.35670,0.00070
1774332910.714731,0.37000,0.04000,-0.41000,23.94000,3.41950,0.00070
1774332910.714731,0.39000,0.03000,-0.43000,23.94000,3.48230,0.00070
1774332910.714731,0.41000,0.04000,-0.45000,23.96000,3.54520,0.00070
1774332910.714731,0.44000,0.04000,-0.49000,23.94000,3.60800,0.00070
1774332910.714731,0.47000,0.05000,-0.52000,23.94000,3.67080,0.00070
1774332910.714731,0.51000,0.05000,-0.56000,23.94000,3.73370,0.00070
1774332910.714731,0.53000,0.04000,-0.58000,23.94000,3.79650,0.00070
1774332910.714731,0.55000,0.03000,-0.58000,23.94000,3.85930,0.00070
1774332910.714731,0.56000,0.02000,-0.59000,23.94000,3.92220,0.00070
1774332910.714731,0.56000,0.00000,-0.56000,23.94000,3.98500,0.00070
1774332910.714731,0.55000,0.00000,-0.55000,23.94000,4.04780,0.00070
1774332910.714731,0.52000,0.00000,-0.51000,23.96000,4.11070,0.00070
1774332910.714731,0.49000,-0.02000,-0.47000,23.94000,4.17350,0.00070
1774332910.714731,0.49000,-0.11000,-0.37000,23.94000,4.23630,0.00070
1774332910.714731,0.51000,-0.24000,-0.26000,23.94000,4.29920,0.00070
1774332910.714731,0.52000,-0.36000,-0.15000,23.94000,4.36200,0.00070
1774332910.714731,0.53000,-0.47000,-0.06000,23.93000,4.42480,0.00070
1774332910.714731,0.56000,-0.52000,-0.04000,23.94000,4.48760,0.00070
1774332910.714731,0.60000,-0.57000,-0.03000,23.94000,4.55050,0.00070
1774332910.714731,0.60000,-0.59000,-0.01000,23.94000,4.61330,0.00070
1774332910.714731,0.63000,-0.63000,0.00000,23.94000,4.67610,0.00070
1774332910.714731,0.62000,-0.62000,0.00000,23.94000,4.73890,0.00070
1774332910.714731,0.64000,-0.64000,0.00000,23.94000,4.80180,0.00070
1774332910.714731,0.61000,-0.61000,0.00000,23.96000,4.86460,0.00070
1774332910.714731,0.61000,-0.61000,0.00000,23.94000,4.92740,0.00070
1774332910.714731,0.58000,-0.58000,0.00000,23.94000,4.99030,0.00070
1774332910.714731,0.55000,-0.55000,0.00000,23.94000,5.05310,0.00070
1774332910.733116,0.50000,-0.52000,0.02000,23.94000,5.11590,0.00070
1774332910.733116,0.43000,-0.51000,0.08000,23.96000,5.17870,0.00070
1774332910.733116,0.31000,-0.51000,0.19000,23.94000,5.24160,0.00070
1774332910.733116,0.21000,-0.51000,0.30000,23.94000,5.30440,0.00070
1774332910.733116,0.10000,-0.50000,0.39000,23.94000,5.36720,0.00070
1774332910.733116,0.04000,-0.50000,0.45000,23.96000,5.43010,0.00070
1774332910.733116,0.03000,-0.53000,0.50000,23.94000,5.49290,0.00070
1774332910.733116,0.02000,-0.56000,0.53000,23.94000,5.55570,0.00070
1774332910.733116,0.02000,-0.58000,0.55000,23.94000,5.61850,0.00070
1774332910.733116,0.02000,-0.60000,0.57000,23.94000,5.68140,0.00070
1774332910.733116,0.03000,-0.61000,0.58000,23.94000,5.74420,0.00070
1774332910.733116,0.03000,-0.63000,0.59000,23.93000,5.80700,0.00070
1774332910.733116,0.02000,-0.61000,0.59000,23.94000,5.86990,0.00070
1774332910.733116,0.02000,-0.62000,0.60000,23.94000,5.93270,0.00070
1774332910.733116,0.00000,-0.59000,0.59000,23.94000,5.99550,0.00070
1774332910.733116,0.00000,-0.56000,0.57000,23.94000,6.05830,0.00070
1774332910.750160,-0.01000,-0.52000,0.54000,23.96000,6.12120,0.00070
1774332910.750160,-0.02000,-0.48000,0.50000,23.94000,6.18400,0.00070
1774332910.750160,-0.04000,-0.42000,0.47000,23.94000,6.24680,0.00070
1774332910.750160,-0.14000,-0.32000,0.47000,23.94000,0.02650,0.00070
1774332910.750160,-0.23000,-0.21000,0.45000,23.94000,0.08930,0.00070
1774332910.750160,-0.30000,-0.12000,0.42000,23.94000,0.15210,0.00070
1774332910.750160,-0.35000,-0.05000,0.41000,23.94000,0.21500,0.00070
1774332910.750160,-0.38000,-0.04000,0.43000,23.94000,0.27780,0.00070
1774332910.750160,-0.41000,-0.04000,0.45000,23.94000,0.34060,0.00070
1774332910.750160,-0.44000,-0.03000,0.47000,23.93000,0.40350,0.00070
1774332910.750160,-0.49000,-0.02000,0.52000,23.94000,0.46630,0.00070
1774332910.750160,-0.52000,-0.02000,0.54000,23.94000,0.52910,0.00070
1774332910.750160,-0.55000,-0.02000,0.57000,23.94000,0.59200,0.00070
1774332910.750160,-0.55000,-0.02000,0.58000,23.94000,0.65480,0.00070
1774332910.750160,-0.57000,-0.02000,0.60000,23.93000,0.71760,0.00070
1774332910.750160,-0.57000,-0.02000,0.60000,23.94000,0.78040,0.00070
1774332910.754670,-0.57000,-0.02000,0.59000,23.94000,0.84330,0.00070
1774332910.754670,-0.55000,-0.02000,0.58000,23.94000,0.90610,0.00070
1774332910.754670,-0.53000,-0.01000,0.54000,23.94000,0.96890,0.00070
1774332910.754670,-0.51000,0.03000,0.48000,23.96000,1.03180,0.00070
1774332910.754670,-0.51000,0.14000,0.37000,23.96000,1.09460,0.00070
1774332910.754670,-0.52000,0.28000,0.24000,23.96000,1.15740,0.00070
1774332910.754670,-0.51000,0.40000,0.11000,23.94000,1.22030,0.00070
1774332910.754670,-0.53000,0.49000,0.03000,23.94000,1.28310,0.00070
1774332910.754670,-0.56000,0.53000,0.03000,23.94000,1.34590,0.00070
1774332910.754670,-0.60000,0.57000,0.02000,23.94000,1.40880,0.00070
1774332910.754670,-0.61000,0.59000,0.02000,23.94000,1.47160,0.00070
1774332910.754670,-0.63000,0.61000,0.02000,23.94000,1.53440,0.00070
1774332910.754670,-0.64000,0.62000,0.02000,23.94000,1.59730,0.00070
1774332910.754670,-0.64000,0.63000,0.01000,23.94000,1.66010,0.00070
1774332910.754670,-0.61000,0.61000,0.00000,23.94000,1.72290,0.00070
1774332910.754670,-0.60000,0.60000,0.00000,23.94000,1.78580,0.00070
1774332910.782769,-0.57000,0.58000,-0.01000,23.94000,1.84860,0.00070
1774332910.782769,-0.53000,0.55000,-0.02000,23.96000,1.91140,0.00070
1774332910.782769,-0.49000,0.52000,-0.02000,23.94000,1.97430,0.00070
1774332910.782769,-0.44000,0.49000,-0.04000,23.96000,2.03710,0.00070
1774332910.782769,-0.34000,0.49000,-0.14000,23.94000,2.09990,0.00070
1774332910.782769,-0.23000,0.48000,-0.25000,23.94000,2.16280,0.00070
1774332910.782769,-0.12000,0.49000,-0.36000,23.94000,2.22560,0.00070
1774332910.782769,-0.05000,0.50000,-0.44000,23.94000,2.28840,0.00070
1774332910.782769,-0.03000,0.53000,-0.49000,23.94000,2.35130,0.00070
1774332910.782769,-0.03000,0.56000,-0.53000,23.94000,2.41410,0.00070
1774332910.782769,-0.02000,0.58000,-0.56000,23.94000,2.47690,0.00070
1774332910.782769,-0.01000,0.60000,-0.59000,23.94000,2.53980,0.00070
1774332910.782769,0.00000,0.60000,-0.60000,23.94000,2.60260,0.00070
1774332910.782769,-0.01000,0.62000,-0.61000,23.93000,2.66540,0.00070
1774332910.782769,-0.01000,0.61000,-0.59000,23.94000,2.72830,0.00070
1774332910.782769,0.00000,0.61000,-0.60000,23.93000,2.79110,0.00070
1774332910.799738,0.00000,0.59000,-0.59000,23.94000,2.85390,0.00070
1774332910.799738,0.00000,0.56000,-0.56000,23.94000,2.91680,0.00070
1774332910.799738,0.00000,0.52000,-0.52000,23.94000,2.97960,0.00070
1774332910.799738,0.01000,0.47000,-0.49000,23.94000,3.04240,0.00070
1774332910.799738,0.05000,0.41000,-0.47000,23.96000,3.10530,0.00070
1774332910.799738,0.15000,0.31000,-0.46000,23.94000,3.16810,0.00070
1774332910.799738,0.23000,0.20000,-0.44000,23.94000,3.23090,0.00070
1774332910.799738,0.31000,0.10000,-0.42000,23.94000,3.29380,0.00070
1774332910.799738,0.36000,0.05000,-0.41000,23.94000,3.35660,0.00070
1774332910.799738,0.38000,0.03000,-0.42000,23.93000,3.41940,0.00070
1774332910.799738,0.40000,0.03000,-0.44000,23.94000,3.48230,0.00070
1774332910.799738,0.43000,0.03000,-0.47000,23.94000,3.54510,0.00070
1774332910.799738,0.47000,0.03000,-0.51000,23.94000,3.60790,0.00070
1774332910.799738,0.48000,0.04000,-0.53000,23.94000,3.67080,0.00070
1774332910.799738,0.52000,0.04000,-0.56000,23.93000,3.73360,0.00070
1774332910.799738,0.53000,0.03000,-0.56000,23.94000,3.79640,0.00070
1774332910.801742,0.54000,0.02000,-0.57000,23.94000,3.85920,0.00070
1774332910.801742,0.55000,0.02000,-0.57000,23.94000,3.92210,0.00070
1774332910.801742,0.54000,0.01000,-0.55000,23.94000,3.98490,0.00070
1774332910.801742,0.54000,0.00000,-0.54000,23.93000,4.04770,0.00070
1774332910.801742,0.51000,0.00000,-0.51000,23.94000,4.11060,0.00070
1774332910.801742,0.49000,-0.02000,-0.47000,23.94000,4.17340,0.00070
1774332910.801742,0.48000,-0.07000,-0.41000,23.94000,4.23620,0.00070
1774332910.801742,0.50000,-0.20000,-0.30000,23.94000,4.29910,0.00070
1774332910.801742,0.52000,-0.33000,-0.19000,23.94000,4.36190,0.00070
1774332910.801742,0.52000,-0.45000,-0.07000,23.94000,4.42470,0.00070
1774332910.801742,0.56000,-0.51000,-0.05000,23.96000,4.48750,0.00070
1774332910.801742,0.60000,-0.56000,-0.03000,23.93000,4.55040,0.00070
1774332910.801742,0.61000,-0.59000,-0.02000,23.94000,4.61320,0.00070
1774332910.801742,0.64000,-0.63000,-0.01000,23.94000,4.67600,0.00070
1774332910.801742,0.64000,-0.63000,0.00000,23.93000,4.73890,0.00070
1774332910.801742,0.65000,-0.64000,0.00000,23.94000,4.80170,0.00070
1774332910.817612,0.63000,-0.62000,0.00000,23.94000,4.86450,0.00070
1774332910.817612,0.61000,-0.61000,0.00000,23.96000,4.92730,0.00070
1774332910.817612,0.58000,-0.58000,0.00000,23.94000,4.99020,0.00070
1774332910.817612,0.54000,-0.55000,0.01000,23.94000,5.05300,0.00070
1774332910.817612,0.48000,-0.52000,0.03000,23.94000,5.11580,0.00070
1774332910.817612,0.38000,-0.52000,0.13000,23.96000,5.17860,0.00070
1774332910.817612,0.27000,-0.52000,0.25000,23.96000,5.24150,0.00070
1774332910.817612,0.16000,-0.52000,0.35000,23.94000,5.30430,0.00070
1774332910.817612,0.06000,-0.51000,0.45000,23.94000,5.36710,0.00070
1774332910.817612,0.03000,-0.52000,0.49000,23.94000,5.43000,0.00070
1774332910.817612,0.02000,-0.54000,0.52000,23.94000,5.49280,0.00070
1774332910.817612,0.02000,-0.57000,0.54000,23.94000,5.55560,0.00070
1774332910.817612,0.03000,-0.58000,0.55000,23.94000,5.61840,0.00070
1774332910.817612,0.03000,-0.59000,0.56000,23.93000,5.68130,0.00070
1774332910.817612,0.02000,-0.60000,0.57000,23.93000,5.74410,0.00070
1774332910.817612,0.03000,-0.60000,0.57000,23.94000,5.80690,0.00070
1774332910.834611,0.02000,-0.60000,0.57000,23.94000,5.86980,0.00070
1774332910.834611,0.01000,-0.60000,0.58000,23.96000,5.93260,0.00070
1774332910.834611,0.01000,-0.58000,0.57000,23.96000,5.99540,0.00070
1774332910.834611,0.00000,-0.55000,0.55000,23.94000,6.05820,0.00070
1774332910.834611,0.00000,-0.52000,0.53000,23.93000,6.12110,0.00070
1774332910.834611,-0.01000,-0.48000,0.50000,23.94000,6.18390,0.00070
1774332910.834611,-0.04000,-0.42000,0.47000,23.94000,6.24670,0.00070
1774332910.834611,-0.15000,-0.31000,0.46000,23.94000,0.02640,0.00070
1774332910.834611,-0.24000,-0.20000,0.45000,23.94000,0.08920,0.00070
1774332910.834611,-0.32000,-0.10000,0.43000,23.94000,0.15200,0.00070
1774332910.834611,-0.36000,-0.05000,0.42000,23.94000,0.21490,0.00070
1774332910.834611,-0.39000,-0.04000,0.44000,23.94000,0.27770,0.00070
1774332910.834611,-0.42000,-0.03000,0.45000,23.94000,0.34050,0.00070
1774332910.834611,-0.43000,-0.02000,0.46000,23.94000,0.40340,0.00070
1774332910.834611,-0.47000,-0.02000,0.49000,23.94000,0.46620,0.00070
1774332910.834611,-0.50000,-0.02000,0.52000,23.94000,0.52900,0.00070
1774332910.860632,-0.53000,-0.02000,0.55000,23.94000,0.59190,0.00070
1774332910.860632,-0.53000,-0.02000,0.56000,23.93000,0.65470,0.00070
1774332910.860632,-0.55000,-0.02000,0.57000,23.94000,0.71750,0.00070
1774332910.860632,-0.55000,-0.02000,0.57000,23.93000,0.78040,0.00070
1774332910.860632,-0.54000,-0.01000,0.56000,23.94000,0.84320,0.00070
1774332910.860632,-0.52000,-0.02000,0.54000,23.94000,0.90600,0.00070
1774332910.860632,-0.50000,-0.01000,0.52000,23.94000,0.96880,0.00070
1774332910.860632,-0.48000,0.01000,0.47000,23.94000,1.03170,0.00070
1774332910.860632,-0.48000,0.08000,0.39000,23.94000,1.09450,0.00070
1774332910.860632,-0.50000,0.21000,0.28000,23.94000,1.15730,0.00070
1774332910.860632,-0.51000,0.33000,0.17000,23.94000,1.22020,0.00070
1774332910.860632,-0.52000,0.45000,0.06000,23.94000,1.28300,0.00070
1774332910.860632,-0.55000,0.50000,0.04000,23.94000,1.34580,0.00070
1774332910.860632,-0.60000,0.56000,0.04000,23.94000,1.40870,0.00070
1774332910.860632,-0.62000,0.58000,0.03000,23.96000,1.47150,0.00070
1774332910.860632,-0.66000,0.62000,0.03000,23.93000,1.53430,0.00070
1774332910.879888,-0.67000,0.63000,0.03000,23.94000,1.59720,0.00070
1774332910.879888,-0.69000,0.65000,0.03000,23.94000,1.66000,0.00070
1774332910.879888,-0.67000,0.65000,0.01000,23.93000,1.72280,0.00070
1774332910.879888,-0.64000,0.63000,0.00000,23.94000,1.78570,0.00070
1774332910.879888,-0.60000,0.61000,-0.01000,23.94000,1.84850,0.00070
1774332910.879888,-0.54000,0.57000,-0.03000,23.94000,1.91130,0.00070
1774332910.879888,-0.46000,0.52000,-0.05000,23.94000,1.97420,0.00070
1774332910.879888,-0.35000,0.52000,-0.17000,23.94000,2.03700,0.00070
1774332910.879888,-0.22000,0.52000,-0.30000,23.96000,2.09980,0.00070
1774332910.879888,-0.11000,0.53000,-0.42000,23.94000,2.16270,0.00070
1774332910.879888,-0.04000,0.54000,-0.49000,23.93000,2.22550,0.00070
1774332910.879888,-0.04000,0.57000,-0.53000,23.94000,2.28830,0.00070
1774332910.879888,-0.03000,0.59000,-0.56000,23.94000,2.35120,0.00070
1774332910.879888,-0.02000,0.60000,-0.58000,23.96000,2.41400,0.00070
1774332910.879888,-0.01000,0.61000,-0.60000,23.93000,2.47680,0.00070
1774332910.879888,0.00000,0.61000,-0.61000,23.94000,2.53970,0.00070
1774332910.881903,0.00000,0.61000,-0.61000,23.94000,2.60250,0.00070
1774332910.881903,0.00000,0.61000,-0.61000,23.94000,2.66530,0.00070
1774332910.881903,0.00000,0.59000,-0.60000,23.94000,2.72820,0.00070
1774332910.881903,0.00000,0.59000,-0.59000,23.93000,2.79100,0.00070
1774332910.881903,0.00000,0.57000,-0.57000,23.96000,2.85380,0.00070
1774332910.881903,0.00000,0.53000,-0.54000,23.94000,2.91670,0.00070
1774332910.881903,0.00000,0.50000,-0.51000,23.96000,2.97950,0.00070
1774332910.881903,0.02000,0.45000,-0.47000,23.94000,3.04230,0.00070
1774332910.881903,0.06000,0.39000,-0.46000,23.94000,3.10520,0.00070
1774332910.881903,0.17000,0.28000,-0.45000,23.94000,3.16800,0.00070
1774332910.881903,0.28000,0.16000,-0.44000,23.96000,3.23080,0.00070
1774332910.881903,0.35000,0.06000,-0.41000,23.96000,3.29370,0.00070
1774332910.881903,0.40000,0.02000,-0.43000,23.94000,3.35650,0.00070
1774332910.881903,0.43000,0.02000,-0.46000,23.96000,3.41930,0.00070
1774332910.881903,0.44000,0.02000,-0.47000,23.94000,3.48220,0.00070
1774332910.881903,0.44000,0.02000,-0.47000,23.96000,3.54500,0.00070
1774332910.897918,0.43000,0.02000,-0.45000,23.94000,3.60780,0.00070
1774332910.897918,0.41000,0.03000,-0.44000,23.94000,3.67070,0.00070
1774332910.897918,0.39000,0.03000,-0.42000,23.94000,3.73350,0.00070
1774332910.897918,0.38000,0.02000,-0.41000,23.94000,3.79630,0.00070
1774332910.897918,0.39000,0.02000,-0.41000,23.94000,3.85920,0.00070
1774332910.897918,0.41000,0.02000,-0.43000,23.96000,3.92200,0.00070
1774332910.897918,0.42000,0.01000,-0.44000,23.94000,3.98480,0.00070
1774332910.897918,0.44000,0.00000,-0.44000,23.94000,4.04770,0.00070
1774332910.897918,0.42000,0.00000,-0.43000,23.96000,4.11050,0.00070
1774332910.897918,0.41000,0.00000,-0.40000,23.94000,4.17330,0.00070
1774332910.897918,0.39000,-0.03000,-0.36000,23.94000,4.23610,0.00070
1774332910.898921,0.39000,-0.09000,-0.29000,23.96000,4.29900,0.00070
1774332910.898921,0.41000,-0.20000,-0.21000,23.93000,4.36180,0.00070
1774332910.898921,0.45000,-0.32000,-0.12000,23.94000,4.42460,0.00070
1774332910.898921,0.48000,-0.41000,-0.06000,23.94000,4.48740,0.00070
1774332910.898921,0.56000,-0.50000,-0.06000,23.94000,4.55030,0.00070
1774332910.915457,0.59000,-0.55000,-0.04000,23.94000,4.61310,0.00070
1774332910.915457,0.64000,-0.61000,-0.03000,23.94000,4.67590,0.00070
1774332910.915457,0.66000,-0.64000,-0.02000,23.94000,4.73880,0.00070
1774332910.915457,0.69000,-0.66000,-0.02000,23.93000,4.80160,0.00070
1774332910.915457,0.69000,-0.67000,-0.02000,23.94000,4.86440,0.00070
1774332910.915457,0.69000,-0.67000,-0.01000,23.94000,4.92720,0.00070
1774332910.915457,0.66000,-0.66000,0.00000,23.94000,4.99010,0.00070
1774332910.915457,0.60000,-0.60000,0.00000,23.94000,5.05290,0.00070
1774332910.915457,0.54000,-0.57000,0.02000,23.94000,5.11570,0.00070
1774332910.915457,0.43000,-0.53000,0.09000,23.96000,5.17860,0.00070
1774332910.915457,0.31000,-0.54000,0.22000,23.93000,5.24140,0.00070
1774332910.915457,0.18000,-0.53000,0.35000,23.96000,5.30420,0.00070
1774332910.915457,0.06000,-0.52000,0.46000,23.94000,5.36700,0.00070
1774332910.915457,0.03000,-0.55000,0.52000,23.94000,5.42990,0.00070
1774332910.915457,0.02000,-0.58000,0.55000,23.94000,5.49270,0.00070
1774332910.915457,0.00000,-0.61000,0.60000,23.94000,5.55550,0.00070
1774332910.949616,0.01000,-0.63000,0.62000,23.94000,5.61840,0.00070
1774332910.949616,0.02000,-0.65000,0.63000,23.94000,5.68120,0.00070
1774332910.949616,0.01000,-0.66000,0.64000,23.94000,5.74400,0.00070
1774332910.949616,0.01000,-0.65000,0.64000,23.94000,5.80680,0.00070
1774332910.949616,0.01000,-0.64000,0.63000,23.94000,5.86970,0.00070
1774332910.949616,0.00000,-0.63000,0.63000,23.94000,5.93250,0.00070
1774332910.949616,0.00000,-0.60000,0.61000,23.94000,5.99530,0.00070
1774332910.949616,-0.02000,-0.56000,0.58000,23.94000,6.05810,0.00070
1774332910.949616,-0.03000,-0.52000,0.55000,23.94000,6.12100,0.00070
1774332910.949616,-0.04000,-0.47000,0.52000,23.94000,6.18380,0.00070
1774332910.949616,-0.14000,-0.37000,0.51000,23.94000,6.24660,0.00070
1774332910.949616,-0.25000,-0.26000,0.51000,23.94000,0.02630,0.00070
1774332910.949616,-0.34000,-0.15000,0.49000,23.94000,0.08910,0.00070
1774332910.949616,-0.42000,-0.05000,0.48000,23.93000,0.15190,0.00070
1774332910.949616,-0.44000,-0.04000,0.48000,23.94000,0.21480,0.00070
1774332910.949616,-0.47000,-0.03000,0.50000,23.94000,0.27760,0.00070
1774332910.949616,-0.48000,-0.01000,0.50000,23.96000,0.34040,0.00070
1774332910.949616,-0.49000,0.00000,0.50000,23.94000,0.40330,0.00070
1774332910.950617,-0.50000,0.00000,0.49000,23.96000,0.46610,0.00070
1774332910.950617,-0.47000,0.00000,0.47000,23.93000,0.52890,0.00070
1774332910.950617,-0.45000,0.00000,0.45000,23.93000,0.59180,0.00070
1774332910.950617,-0.42000,0.00000,0.43000,23.94000,0.65460,0.00070
1774332910.950617,-0.40000,-0.01000,0.41000,23.94000,0.71740,0.00070
1774332910.950617,-0.38000,-0.01000,0.40000,23.94000,0.78030,0.00070
1774332910.950617,-0.37000,-0.02000,0.40000,23.94000,0.84310,0.00070
1774332910.950617,-0.37000,-0.02000,0.39000,23.94000,0.90590,0.00070
1774332910.950617,-0.35000,-0.02000,0.38000,23.94000,0.96880,0.00070
1774332910.950617,-0.35000,0.00000,0.36000,23.94000,1.03160,0.00070
1774332910.950617,-0.34000,0.03000,0.31000,23.94000,1.09440,0.00070
1774332910.950617,-0.35000,0.12000,0.22000,23.94000,1.15730,0.00070
1774332910.950617,-0.36000,0.21000,0.14000,23.94000,1.22010,0.00070
1774332910.950617,-0.36000,0.29000,0.07000,23.94000,1.28290,0.00070
1774332910.987717,-0.38000,0.32000,0.05000,23.94000,1.34570,0.00070
1774332910.988682,-0.45000,0.39000,0.06000,23.94000,1.40860,0.00070
1774332910.988682,-0.51000,0.45000,0.06000,23.96000,1.47140,0.00070
1774332910.988682,-0.60000,0.54000,0.05000,23.94000,1.53420,0.00070
1774332910.988682,-0.63000,0.58000,0.05000,23.93000,1.59710,0.00070
1774332910.988682,-0.68000,0.63000,0.04000,23.94000,1.65990,0.00070
1774332910.988682,-0.69000,0.65000,0.03000,23.93000,1.72270,0.00070
1774332910.988682,-0.69000,0.66000,0.02000,23.96000,1.78560,0.00070
1774332910.988682,-0.67000,0.66000,0.00000,23.94000,1.84840,0.00070
1774332910.988682,-0.62000,0.63000,-0.01000,23.93000,1.91120,0.00070
1774332910.988682,-0.56000,0.58000,-0.02000,23.94000,1.97410,0.00070
1774332910.988682,-0.48000,0.55000,-0.06000,23.93000,2.03690,0.00070
1774332910.988682,-0.34000,0.54000,-0.20000,23.94000,2.09970,0.00070
1774332910.988682,-0.21000,0.53000,-0.32000,23.94000,2.16260,0.00070
1774332910.988682,-0.09000,0.53000,-0.44000,23.94000,2.22540,0.00070
1774332910.988682,-0.05000,0.55000,-0.50000,23.98000,2.28820,0.00070
1774332910.996678,-0.03000,0.58000,-0.55000,23.94000,2.35110,0.00070
1774332910.996678,-0.02000,0.61000,-0.59000,23.96000,2.41390,0.00070
1774332910.996678,-0.01000,0.63000,-0.61000,23.94000,2.47670,0.00070
1774332910.996678,0.00000,0.63000,-0.63000,23.94000,2.53960,0.00070
1774332910.996678,0.00000,0.64000,-0.64000,23.94000,2.60240,0.00070
1774332910.996678,0.00000,0.64000,-0.65000,23.94000,2.66520,0.00070
1774332910.996678,0.00000,0.64000,-0.64000,23.96000,2.72810,0.00070
1774332910.996678,0.01000,0.62000,-0.63000,23.93000,2.79090,0.00070
1774332910.996678,0.00000,0.60000,-0.61000,23.94000,2.85370,0.00070
1774332910.996678,0.01000,0.56000,-0.58000,23.94000,2.91660,0.00070
1774332910.996678,0.01000,0.52000,-0.53000,23.93000,2.97940,0.00070
1774332910.996678,0.04000,0.47000,-0.51000,23.94000,3.04220,0.00070
1774332910.996678,0.12000,0.38000,-0.50000,23.94000,3.10510,0.00070
1774332910.996678,0.22000,0.27000,-0.49000,23.94000,3.16790,0.00070
1774332910.996678,0.30000,0.16000,-0.47000,23.94000,3.23070,0.00070
1774332910.996678,0.37000,0.06000,-0.44000,23.94000,3.29360,0.00070
1774332910.996678,0.40000,0.03000,-0.44000,23.94000,3.35640,0.00070
1774332910.996678,0.40000,0.03000,-0.44000,23.94000,3.41920,0.00070
1774332910.996678,0.39000,0.03000,-0.42000,23.94000,3.48210,0.00070
1774332910.996678,0.38000,0.03000,-0.42000,23.96000,3.54490,0.00070
1774332910.996678,0.40000,0.04000,-0.44000,23.94000,3.60770,0.00070
1774332910.996678,0.42000,0.04000,-0.46000,23.94000,3.67060,0.00070
1774332910.996678,0.45000,0.04000,-0.49000,23.94000,3.73340,0.00070
1774332910.996678,0.47000,0.03000,-0.51000,23.93000,3.79620,0.00070
1774332910.996678,0.50000,0.02000,-0.53000,23.94000,3.85910,0.00070
1774332910.996678,0.51000,0.02000,-0.53000,23.93000,3.92190,0.00070
1774332910.996678,0.51000,0.01000,-0.52000,23.96000,3.98470,0.00070
1774332910.996678,0.50000,0.00000,-0.50000,23.93000,4.04760,0.00070
1774332910.996678,0.48000,0.00000,-0.48000,23.94000,4.11040,0.00070
1774332910.996678,0.46000,-0.01000,-0.44000,23.94000,4.17320,0.00070
1774332910.996678,0.44000,-0.05000,-0.38000,23.94000,4.23600,0.00070
1774332910.996678,0.45000,-0.17000,-0.28000,23.96000,4.29890,0.00070
1774332911.013210,0.47000,-0.30000,-0.17000,23.94000,4.36170,0.00070
1774332911.014213,0.49000,-0.42000,-0.07000,23.94000,4.42450,0.00070
1774332911.014213,0.53000,-0.47000,-0.05000,23.94000,4.48740,0.00070
1774332911.014213,0.58000,-0.54000,-0.04000,23.94000,4.55020,0.00070
1774332911.014213,0.60000,-0.57000,-0.03000,23.96000,4.61300,0.00070
1774332911.014213,0.63000,-0.61000,-0.01000,23.94000,4.67580,0.00070
1774332911.014213,0.64000,-0.62000,-0.01000,23.94000,4.73870,0.00070
1774332911.014213,0.66000,-0.65000,-0.01000,23.94000,4.80150,0.00070
1774332911.014213,0.66000,-0.64000,-0.01000,23.94000,4.86430,0.00070
1774332911.014213,0.63000,-0.62000,0.00000,23.93000,4.92710,0.00070
1774332911.014213,0.61000,-0.61000,0.00000,23.94000,4.99000,0.00070
1774332911.014213,0.56000,-0.57000,0.00000,23.96000,5.05280,0.00070
1774332911.014213,0.51000,-0.53000,0.02000,23.93000,5.11560,0.00070
1774332911.014213,0.41000,-0.52000,0.11000,23.94000,5.17850,0.00070
1774332911.014213,0.29000,-0.52000,0.23000,23.96000,5.24130,0.00070
1774332911.014213,0.17000,-0.52000,0.34000,23.96000,5.30410,0.00070
1774332911.031217,0.05000,-0.51000,0.45000,23.94000,5.36690,0.00070
1774332911.031217,0.03000,-0.54000,0.50000,23.94000,5.42980,0.00070
1774332911.031217,0.02000,-0.56000,0.54000,23.94000,5.49260,0.00070
1774332911.031217,0.01000,-0.59000,0.57000,23.94000,5.55540,0.00070
1774332911.031217,0.02000,-0.61000,0.59000,23.94000,5.61830,0.00070
1774332911.031217,0.02000,-0.63000,0.60000,23.93000,5.68110,0.00070
1774332911.031217,0.02000,-0.63000,0.60000,23.94000,5.74390,0.00070
1774332911.031217,0.02000,-0.63000,0.60000,23.94000,5.80670,0.00070
1774332911.031217,0.02000,-0.62000,0.59000,23.94000,5.86960,0.00070
1774332911.031217,0.01000,-0.61000,0.59000,23.94000,5.93240,0.00070
1774332911.031217,0.00000,-0.59000,0.58000,23.93000,5.99520,0.00070
1774332911.031217,0.00000,-0.55000,0.56000,23.94000,6.05810,0.00070
1774332911.031217,-0.01000,-0.51000,0.52000,23.94000,6.12090,0.00070
1774332911.031217,-0.01000,-0.48000,0.49000,23.94000,6.18370,0.00070
1774332911.031217,-0.04000,-0.42000,0.46000,23.94000,6.24650,0.00070
1774332911.031217,-0.14000,-0.31000,0.45000,23.94000,0.02620,0.00070
1774332911.065263,-0.23000,-0.21000,0.44000,23.96000,0.08900,0.00070
1774332911.065263,-0.31000,-0.10000,0.42000,23.94000,0.15180,0.00070
1774332911.065263,-0.34000,-0.05000,0.40000,23.94000,0.21470,0.00070
1774332911.065263,-0.37000,-0.04000,0.42000,23.96000,0.27750,0.00070
1774332911.065263,-0.40000,-0.03000,0.43000,23.94000,0.34030,0.00070
1774332911.065263,-0.42000,-0.03000,0.45000,23.94000,0.40320,0.00070
1774332911.065263,-0.45000,-0.02000,0.48000,23.94000,0.46600,0.00070
1774332911.065263,-0.49000,-0.02000,0.52000,23.94000,0.52880,0.00070
1774332911.065263,-0.53000,-0.03000,0.56000,23.94000,0.59170,0.00070
1774332911.065263,-0.55000,-0.03000,0.58000,23.93000,0.65450,0.00070
1774332911.065263,-0.56000,-0.02000,0.59000,23.93000,0.71730,0.00070
1774332911.065263,-0.56000,-0.02000,0.59000,23.93000,0.78020,0.00070
1774332911.065263,-0.56000,-0.02000,0.58000,23.93000,0.84300,0.00070
1774332911.065263,-0.54000,-0.01000,0.56000,23.96000,0.90580,0.00070
1774332911.065263,-0.51000,-0.01000,0.52000,23.94000,0.96870,0.00070
1774332911.065263,-0.50000,0.02000,0.47000,23.96000,1.03150,0.00070
1774332911.073388,-0.50000,0.11000,0.38000,23.94000,1.09430,0.00070
1774332911.073388,-0.51000,0.24000,0.26000,23.94000,1.15720,0.00070
1774332911.073388,-0.52000,0.36000,0.15000,23.96000,1.22000,0.00070
1774332911.073388,-0.52000,0.47000,0.05000,23.94000,1.28280,0.00070
1774332911.073388,-0.56000,0.51000,0.04000,23.94000,1.34570,0.00070
1774332911.073388,-0.59000,0.56000,0.03000,23.94000,1.40850,0.00070
1774332911.073388,-0.61000,0.58000,0.02000,23.94000,1.47130,0.00070
1774332911.073388,-0.65000,0.62000,0.02000,23.93000,1.53420,0.00070
1774332911.073388,-0.65000,0.62000,0.02000,23.96000,1.59700,0.00070
1774332911.073388,-0.64000,0.62000,0.01000,23.93000,1.65980,0.00070
1774332911.073388,-0.61000,0.61000,0.00000,23.94000,1.72270,0.00070
1774332911.073388,-0.59000,0.60000,0.00000,23.93000,1.78550,0.00070
1774332911.073388,-0.57000,0.59000,-0.01000,23.94000,1.84830,0.00070
1774332911.073388,-0.53000,0.56000,-0.02000,23.94000,1.91120,0.00070
1774332911.073388,-0.49000,0.52000,-0.03000,23.93000,1.97400,0.00070
1774332911.073388,-0.42000,0.50000,-0.07000,23.93000,2.03680,0.00070
1774332911.073388,-0.31000,0.50000,-0.19000,23.94000,2.09960,0.00070
1774332911.073388,-0.21000,0.50000,-0.28000,23.94000,2.16250,0.00070
1774332911.073388,-0.10000,0.49000,-0.39000,23.94000,2.22530,0.00070
1774332911.073388,-0.05000,0.50000,-0.45000,23.94000,2.28810,0.00070
1774332911.073388,-0.04000,0.52000,-0.48000,23.94000,2.35100,0.00070
1774332911.073388,-0.03000,0.55000,-0.51000,23.94000,2.41380,0.00070
1774332911.074393,-0.02000,0.57000,-0.54000,23.94000,2.47660,0.00070
1774332911.074393,-0.01000,0.58000,-0.57000,23.94000,2.53950,0.00070
1774332911.074393,-0.01000,0.59000,-0.58000,23.94000,2.60230,0.00070
1774332911.074393,-0.01000,0.61000,-0.59000,23.94000,2.66510,0.00070
1774332911.074393,-0.01000,0.61000,-0.59000,23.93000,2.72800,0.00070
1774332911.074393,-0.01000,0.61000,-0.60000,23.94000,2.79080,0.00070
1774332911.074393,-0.01000,0.60000,-0.59000,23.94000,2.85360,0.00070
1774332911.074393,0.00000,0.56000,-0.56000,23.94000,2.91650,0.00070
1774332911.074393,0.00000,0.53000,-0.53000,23.93000,2.97930,0.00070
1774332911.074393,0.01000,0.48000,-0.50000,23.94000,3.04210,0.00070
1774332911.089847,0.04000,0.42000,-0.47000,23.94000,3.10500,0.00070
1774332911.089847,0.14000,0.32000,-0.46000,23.93000,3.16780,0.00070
1774332911.089847,0.22000,0.22000,-0.44000,23.96000,3.23060,0.00070
1774332911.089847,0.30000,0.12000,-0.43000,23.94000,3.29350,0.00070
1774332911.089847,0.35000,0.05000,-0.41000,23.94000,3.35630,0.00070
1774332911.089847,0.39000,0.04000,-0.43000,23.94000,3.41910,0.00070
1774332911.089847,0.41000,0.04000,-0.46000,23.96000,3.48200,0.00070
1774332911.089847,0.45000,0.04000,-0.49000,23.94000,3.54480,0.00070
1774332911.089847,0.49000,0.04000,-0.53000,23.96000,3.60760,0.00070
1774332911.089847,0.51000,0.04000,-0.56000,23.94000,3.67050,0.00070
1774332911.089847,0.54000,0.04000,-0.59000,23.94000,3.73330,0.00070
1774332911.089847,0.56000,0.03000,-0.59000,23.94000,3.79610,0.00070
1774332911.089847,0.56000,0.03000,-0.59000,23.94000,3.85900,0.00070
1774332911.089847,0.57000,0.02000,-0.60000,23.96000,3.92180,0.00070
1774332911.089847,0.58000,0.00000,-0.59000,23.94000,3.98460,0.00070
1774332911.089847,0.57000,0.00000,-0.57000,23.94000,4.04750,0.00070
1774332911.106859,0.54000,0.00000,-0.53000,23.94000,4.11030,0.00070
1774332911.106859,0.51000,-0.03000,-0.48000,23.94000,4.17310,0.00070
1774332911.106859,0.51000,-0.14000,-0.36000,23.96000,4.23590,0.00070
1774332911.106859,0.52000,-0.28000,-0.23000,23.94000,4.29880,0.00070
1774332911.106859,0.51000,-0.41000,-0.10000,23.94000,4.36160,0.00070
1774332911.106859,0.53000,-0.48000,-0.05000,23.94000,4.42440,0.00070
1774332911.106859,0.56000,-0.52000,-0.03000,23.94000,4.48730,0.00070
1774332911.107861,0.59000,-0.57000,-0.02000,23.94000,4.55010,0.00070
1774332911.107861,0.60000,-0.58000,-0.01000,23.94000,4.61290,0.00070
1774332911.107861,0.62000,-0.62000,0.00000,23.96000,4.67570,0.00070
1774332911.107861,0.63000,-0.63000,0.00000,23.94000,4.73860,0.00070
1774332911.107861,0.62000,-0.63000,0.00000,23.94000,4.80140,0.00070
1774332911.107861,0.61000,-0.61000,0.00000,23.94000,4.86420,0.00070
1774332911.107861,0.59000,-0.59000,0.00000,23.94000,4.92710,0.00070
1774332911.107861,0.57000,-0.57000,0.00000,23.94000,4.98990,0.00070
1774332911.107861,0.55000,-0.55000,0.00000,23.94000,5.05270,0.00070
1774332911.134498,0.50000,-0.51000,0.01000,23.94000,5.11550,0.00070
1774332911.134498,0.44000,-0.49000,0.05000,23.94000,5.17840,0.00070
1774332911.134498,0.34000,-0.49000,0.15000,23.94000,5.24120,0.00070
1774332911.134498,0.22000,-0.49000,0.26000,23.94000,5.30400,0.00070
1774332911.134498,0.11000,-0.49000,0.37000,23.94000,5.36690,0.00070
1774332911.134498,0.05000,-0.51000,0.45000,23.93000,5.42970,0.00070
1774332911.134498,0.03000,-0.53000,0.49000,23.94000,5.49250,0.00070
1774332911.134498,0.02000,-0.57000,0.54000,23.94000,5.55530,0.00070
1774332911.134498,0.03000,-0.60000,0.57000,23.94000,5.61820,0.00070
1774332911.134498,0.02000,-0.61000,0.58000,23.93000,5.68100,0.00070
1774332911.134498,0.03000,-0.63000,0.59000,23.94000,5.74380,0.00070
1774332911.134498,0.02000,-0.63000,0.60000,23.94000,5.80660,0.00070
1774332911.134498,0.03000,-0.63000,0.60000,23.94000,5.86950,0.00070
1774332911.134498,0.00000,-0.61000,0.60000,23.93000,5.93230,0.00070
1774332911.134498,0.00000,-0.59000,0.59000,23.94000,5.99510,0.00070
1774332911.134498,0.00000,-0.55000,0.56000,23.96000,6.05800,0.00070
1774332911.150592,-0.01000,-0.51000,0.53000,23.94000,6.12080,0.00070
1774332911.150592,-0.02000,-0.47000,0.49000,23.94000,6.18360,0.00070
1774332911.150592,-0.05000,-0.41000,0.47000,23.94000,6.24640,0.00070
1774332911.150592,-0.15000,-0.30000,0.46000,23.94000,0.02610,0.00070
1774332911.150592,-0.25000,-0.19000,0.45000,23.94000,0.08890,0.00070
1774332911.150592,-0.33000,-0.09000,0.43000,23.94000,0.15180,0.00070
1774332911.150592,-0.37000,-0.05000,0.42000,23.94000,0.21460,0.00070
1774332911.150592,-0.38000,-0.04000,0.43000,23.94000,0.27740,0.00070
1774332911.150592,-0.40000,-0.03000,0.44000,23.94000,0.34020,0.00070
1774332911.150592,-0.43000,-0.02000,0.45000,23.96000,0.40310,0.00070
1774332911.150592,-0.46000,-0.01000,0.48000,23.94000,0.46590,0.00070
1774332911.150592,-0.48000,-0.02000,0.50000,23.94000,0.52870,0.00070
1774332911.150592,-0.51000,-0.02000,0.54000,23.94000,0.59160,0.00070
1774332911.150592,-0.52000,-0.02000,0.55000,23.94000,0.65440,0.00070
1774332911.150592,-0.54000,-0.02000,0.57000,23.96000,0.71720,0.00070
1774332911.150592,-0.54000,-0.02000,0.57000,23.93000,0.78010,0.00070
1774332911.167593,-0.54000,-0.02000,0.56000,23.94000,0.84290,0.00070
1774332911.167593,-0.52000,-0.02000,0.54000,23.94000,0.90570,0.00070
1774332911.167593,-0.49000,-0.01000,0.51000,23.94000,0.96860,0.00070
1774332911.167593,-0.48000,0.00000,0.48000,23.94000,1.03140,0.00070
1774332911.167593,-0.48000,0.06000,0.42000,23.96000,1.09420,0.00070
1774332911.167593,-0.51000,0.19000,0.32000,23.94000,1.15710,0.00070
1774332911.167593,-0.52000,0.31000,0.21000,23.94000,1.21990,0.00070
1774332911.167593,-0.53000,0.44000,0.08000,23.94000,1.28270,0.00070
1774332911.168593,-0.56000,0.51000,0.04000,23.94000,1.34560,0.00070
1774332911.168593,-0.61000,0.57000,0.04000,23.94000,1.40840,0.00070
1774332911.168593,-0.62000,0.59000,0.03000,23.93000,1.47120,0.00070
1774332911.168593,-0.65000,0.62000,0.03000,23.93000,1.53410,0.00070
1774332911.168593,-0.66000,0.63000,0.03000,23.93000,1.59690,0.00070
1774332911.168593,-0.66000,0.64000,0.02000,23.94000,1.65970,0.00070
1774332911.168593,-0.64000,0.63000,0.01000,23.94000,1.72260,0.00070
1774332911.168593,-0.61000,0.62000,0.00000,23.94000,1.78540,0.00070
1774332911.184592,-0.58000,0.60000,-0.01000,23.94000,1.84820,0.00070
1774332911.184592,-0.53000,0.56000,-0.03000,23.94000,1.91110,0.00070
1774332911.184592,-0.48000,0.52000,-0.04000,23.96000,1.97390,0.00070
1774332911.184592,-0.37000,0.52000,-0.14000,23.94000,2.03670,0.00070
1774332911.184592,-0.26000,0.52000,-0.26000,23.94000,2.09960,0.00070
1774332911.184592,-0.14000,0.51000,-0.36000,23.94000,2.16240,0.00070
1774332911.184592,-0.06000,0.51000,-0.45000,23.94000,2.22520,0.00070
1774332911.184592,-0.05000,0.54000,-0.49000,23.94000,2.28810,0.00070
1774332911.184592,-0.04000,0.56000,-0.52000,23.94000,2.35090,0.00070
1774332911.184592,-0.02000,0.57000,-0.54000,23.94000,2.41370,0.00070
1774332911.184592,-0.02000,0.58000,-0.56000,23.93000,2.47660,0.00070
1774332911.184592,-0.01000,0.59000,-0.58000,23.93000,2.53940,0.00070
1774332911.184592,-0.01000,0.59000,-0.58000,23.94000,2.60220,0.00070
1774332911.184592,0.00000,0.59000,-0.59000,23.94000,2.66510,0.00070
1774332911.184592,-0.01000,0.59000,-0.58000,23.94000,2.72790,0.00070
1774332911.184592,-0.01000,0.59000,-0.58000,23.94000,2.79070,0.00070
1774332911.189628,0.00000,0.57000,-0.57000,23.94000,2.85350,0.00070
1774332911.189628,-0.01000,0.55000,-0.54000,23.94000,2.91640,0.00070
1774332911.189628,0.00000,0.52000,-0.52000,23.94000,2.97920,0.00070
1774332911.189628,0.00000,0.48000,-0.49000,23.94000,3.04200,0.00070
1774332911.189628,0.04000,0.42000,-0.46000,23.94000,3.10490,0.00070
1774332911.189628,0.15000,0.31000,-0.46000,23.94000,3.16770,0.00070
1774332911.189628,0.25000,0.20000,-0.45000,23.96000,3.23050,0.00070
1774332911.189628,0.33000,0.10000,-0.43000,23.94000,3.29340,0.00070
1774332911.189628,0.37000,0.04000,-0.42000,23.96000,3.35620,0.00070
1774332911.189628,0.40000,0.03000,-0.43000,23.94000,3.41900,0.00070
1774332911.189628,0.41000,0.03000,-0.45000,23.94000,3.48190,0.00070
1774332911.189628,0.43000,0.03000,-0.47000,23.94000,3.54470,0.00070
1774332911.189628,0.46000,0.04000,-0.50000,23.94000,3.60750,0.00070
1774332911.189628,0.47000,0.04000,-0.52000,23.94000,3.67040,0.00070
1774332911.189628,0.50000,0.04000,-0.54000,23.94000,3.73320,0.00070
1774332911.189628,0.52000,0.03000,-0.56000,23.94000,3.79600,0.00070
1774332911.217214,0.54000,0.02000,-0.56000,23.94000,3.85890,0.00070
1774332911.217214,0.54000,0.01000,-0.56000,23.94000,3.92170,0.00070
1774332911.217214,0.55000,0.00000,-0.55000,23.94000,3.98450,0.00070
1774332911.218214,0.53000,0.00000,-0.53000,23.94000,4.04740,0.00070
1774332911.218214,0.50000,0.00000,-0.50000,23.94000,4.11020,0.00070
1774332911.218214,0.48000,-0.02000,-0.46000,23.94000,4.17300,0.00070
1774332911.218214,0.47000,-0.07000,-0.39000,23.94000,4.23590,0.00070
1774332911.218214,0.49000,-0.20000,-0.28000,23.94000,4.29870,0.00070
1774332911.218214,0.50000,-0.33000,-0.17000,23.94000,4.36150,0.00070
1774332911.218214,0.51000,-0.44000,-0.07000,23.94000,4.42430,0.00070
1774332911.218214,0.55000,-0.49000,-0.05000,23.94000,4.48720,0.00070
1774332911.218214,0.59000,-0.54000,-0.04000,23.96000,4.55000,0.00070
1774332911.218214,0.61000,-0.58000,-0.03000,23.94000,4.61280,0.00070
1774332911.218214,0.65000,-0.62000,-0.02000,23.94000,4.67560,0.00070
1774332911.218214,0.67000,-0.65000,-0.01000,23.94000,4.73850,0.00070
1774332911.218214,0.68000,-0.66000,-0.01000,23.94000,4.80130,0.00070
1774332911.218214,0.66000,-0.65000,-0.01000,23.94000,4.86410,0.00070
1774332911.218214,0.64000,-0.63000,0.00000,23.94000,4.92700,0.00070
1774332911.218214,0.60000,-0.60000,0.00000,23.94000,4.98980,0.00070
1774332911.218214,0.54000,-0.56000,0.01000,23.94000,5.05260,0.00070
1774332911.218214,0.46000,-0.52000,0.06000,23.94000,5.11540,0.00070
1774332911.218214,0.33000,-0.53000,0.19000,23.93000,5.17830,0.00070
1774332911.218214,0.21000,-0.54000,0.32000,23.94000,5.24110,0.00070
1774332911.218214,0.12000,-0.53000,0.41000,23.94000,5.30390,0.00070
1774332911.218214,0.04000,-0.54000,0.49000,23.94000,5.36680,0.00070
1774332911.218214,0.01000,-0.55000,0.53000,23.94000,5.42960,0.00070
1774332911.218214,0.01000,-0.57000,0.55000,23.96000,5.49240,0.00070
1774332911.218214,0.01000,-0.59000,0.58000,23.93000,5.55520,0.00070
1774332911.218214,0.01000,-0.61000,0.59000,23.94000,5.61810,0.00070
1774332911.218214,0.01000,-0.62000,0.61000,23.94000,5.68090,0.00070
1774332911.218214,0.01000,-0.62000,0.60000,23.94000,5.74370,0.00070
1774332911.218214,0.02000,-0.63000,0.61000,23.94000,5.80660,0.00070
1774332911.244187,0.01000,-0.60000,0.59000,23.94000,5.86940,0.00070
1774332911.244187,0.00000,-0.60000,0.59000,23.94000,5.93220,0.00070
1774332911.244187,0.00000,-0.58000,0.57000,23.94000,5.99500,0.00070
1774332911.244187,0.00000,-0.54000,0.55000,23.94000,6.05790,0.00070
1774332911.244187,-0.01000,-0.50000,0.51000,23.94000,6.12070,0.00070
1774332911.244187,-0.02000,-0.45000,0.48000,23.94000,6.18350,0.00070
1774332911.244187,-0.06000,-0.39000,0.46000,23.94000,6.24640,0.00070
1774332911.244187,-0.17000,-0.28000,0.46000,23.94000,0.02600,0.00070
1774332911.244187,-0.28000,-0.16000,0.45000,23.94000,0.08880,0.00070
1774332911.244187,-0.37000,-0.06000,0.43000,23.94000,0.15170,0.00070
1774332911.244187,-0.41000,-0.04000,0.45000,23.96000,0.21450,0.00070
1774332911.244187,-0.44000,-0.03000,0.47000,23.93000,0.27730,0.00070
1774332911.244187,-0.45000,-0.01000,0.47000,23.94000,0.34020,0.00070
1774332911.244187,-0.45000,-0.01000,0.46000,23.94000,0.40300,0.00070
1774332911.244187,-0.44000,0.00000,0.44000,23.94000,0.46580,0.00070
1774332911.244187,-0.41000,0.00000,0.41000,23.94000,0.52860,0.00070
1774332911.260695,-0.39000,-0.01000,0.40000,23.94000,0.59150,0.00070
1774332911.260695,-0.38000,-0.01000,0.40000,23.94000,0.65430,0.00070
1774332911.260695,-0.40000,-0.02000,0.42000,23.94000,0.71710,0.00070
1774332911.261701,-0.41000,-0.02000,0.44000,23.93000,0.78000,0.00070
1774332911.261701,-0.43000,-0.02000,0.46000,23.94000,0.84280,0.00070
1774332911.261701,-0.43000,-0.02000,0.46000,23.94000,0.90560,0.00070
1774332911.261701,-0.41000,-0.02000,0.44000,23.94000,0.96850,0.00070
1774332911.261701,-0.41000,0.00000,0.41000,23.94000,1.03130,0.00070
1774332911.261701,-0.39000,0.03000,0.36000,23.94000,1.09410,0.00070
1774332911.261701,-0.40000,0.10000,0.29000,23.94000,1.15700,0.00070
1774332911.261701,-0.41000,0.20000,0.20000,23.96000,1.21980,0.00070
1774332911.261701,-0.44000,0.32000,0.12000,23.96000,1.28260,0.00070
1774332911.261701,-0.47000,0.41000,0.06000,23.94000,1.34550,0.00070
1774332911.261701,-0.55000,0.49000,0.06000,23.94000,1.40830,0.00070
1774332911.261701,-0.60000,0.54000,0.05000,23.94000,1.47110,0.00070
1774332911.261701,-0.65000,0.60000,0.04000,23.93000,1.53400,0.00070
1774332911.265697,-0.68000,0.63000,0.04000,23.94000,1.59680,0.00070
1774332911.265697,-0.71000,0.67000,0.03000,23.94000,1.65960,0.00070
1774332911.265697,-0.69000,0.66000,0.02000,23.94000,1.72250,0.00070
1774332911.266704,-0.69000,0.67000,0.01000,23.94000,1.78530,0.00070
1774332911.266704,-0.65000,0.66000,0.00000,23.94000,1.84810,0.00070
1774332911.266704,-0.60000,0.62000,-0.02000,23.93000,1.91100,0.00070
1774332911.266704,-0.53000,0.57000,-0.03000,23.96000,1.97380,0.00070
1774332911.266704,-0.44000,0.54000,-0.09000,23.94000,2.03660,0.00070
1774332911.266704,-0.30000,0.53000,-0.22000,23.94000,2.09950,0.00070
1774332911.266704,-0.19000,0.53000,-0.33000,23.94000,2.16230,0.00070
1774332911.266704,-0.07000,0.52000,-0.45000,23.94000,2.22510,0.00070
1774332911.266704,-0.04000,0.55000,-0.51000,23.94000,2.28800,0.00070
1774332911.266704,-0.02000,0.58000,-0.55000,23.93000,2.35080,0.00070
1774332911.266704,-0.02000,0.61000,-0.58000,23.94000,2.41360,0.00070
1774332911.266704,-0.01000,0.63000,-0.61000,23.94000,2.47650,0.00070
1774332911.266704,0.00000,0.64000,-0.64000,23.93000,2.53930,0.00070
1774332911.307566,0.00000,0.64000,-0.65000,23.93000,2.60210,0.00070
1774332911.307566,0.01000,0.64000,-0.65000,23.94000,2.66500,0.00070
1774332911.307566,0.00000,0.64000,-0.64000,23.94000,2.72780,0.00070
1774332911.307566,0.00000,0.63000,-0.63000,23.96000,2.79060,0.00070
1774332911.307566,0.01000,0.60000,-0.62000,23.94000,2.85350,0.00070
1774332911.307566,0.00000,0.56000,-0.57000,23.96000,2.91630,0.00070
1774332911.307566,0.02000,0.52000,-0.55000,23.94000,2.97910,0.00070
1774332911.307566,0.05000,0.46000,-0.52000,23.96000,3.04200,0.00070
1774332911.307566,0.15000,0.37000,-0.52000,23.96000,3.10480,0.00070
1774332911.307566,0.25000,0.26000,-0.51000,23.96000,3.16760,0.00070
1774332911.307566,0.34000,0.14000,-0.49000,23.94000,3.23050,0.00070
1774332911.307566,0.42000,0.05000,-0.47000,23.94000,3.29330,0.00070
1774332911.307566,0.45000,0.02000,-0.48000,23.94000,3.35610,0.00070
1774332911.307566,0.47000,0.02000,-0.50000,23.94000,3.41900,0.00070
1774332911.307566,0.48000,0.01000,-0.50000,23.94000,3.48180,0.00070
1774332911.307566,0.48000,0.01000,-0.50000,23.94000,3.54460,0.00070
1774332911.307566,0.48000,0.02000,-0.51000,23.94000,3.60740,0.00070
1774332911.307566,0.46000,0.02000,-0.49000,23.94000,3.67030,0.00070
1774332911.307566,0.44000,0.02000,-0.47000,23.94000,3.73310,0.00070
1774332911.307566,0.41000,0.01000,-0.43000,23.94000,3.79590,0.00070
1774332911.307566,0.40000,0.01000,-0.41000,23.94000,3.85880,0.00070
1774332911.307566,0.38000,0.01000,-0.39000,23.94000,3.92160,0.00070
1774332911.307566,0.38000,0.00000,-0.39000,23.94000,3.98440,0.00070
1774332911.307566,0.37000,0.00000,-0.38000,23.94000,4.04730,0.00070
1774332911.307566,0.36000,0.00000,-0.36000,23.94000,4.11010,0.00070
1774332911.307566,0.35000,0.00000,-0.35000,23.96000,4.17290,0.00070
1774332911.307566,0.34000,-0.03000,-0.30000,23.93000,4.23580,0.00070
1774332911.307566,0.35000,-0.13000,-0.22000,23.94000,4.29860,0.00070
1774332911.307566,0.35000,-0.21000,-0.13000,23.94000,4.36140,0.00070
1774332911.307566,0.36000,-0.29000,-0.07000,23.94000,4.42420,0.00070
1774332911.307566,0.38000,-0.32000,-0.06000,23.94000,4.48710,0.00070
1774332911.307566,0.44000,-0.38000,-0.06000,23.93000,4.54990,0.00070
1774332911.325076,0.51000,-0.45000,-0.05000,23.94000,4.61270,0.00070
1774332911.325076,0.57000,-0.53000,-0.03000,23.94000,4.67560,0.00070
1774332911.325076,0.61000,-0.58000,-0.03000,23.93000,4.73840,0.00070
1774332911.325076,0.66000,-0.63000,-0.02000,23.94000,4.80120,0.00070
1774332911.325076,0.67000,-0.64000,-0.02000,23.93000,4.86400,0.00070
1774332911.325076,0.69000,-0.66000,-0.02000,23.94000,4.92690,0.00070
1774332911.325076,0.66000,-0.65000,-0.01000,23.94000,4.98970,0.00070
1774332911.325076,0.63000,-0.62000,0.00000,23.94000,5.05250,0.00070
1774332911.326080,0.57000,-0.58000,0.01000,23.94000,5.11540,0.00070
1774332911.326080,0.48000,-0.55000,0.06000,23.93000,5.17820,0.00070
1774332911.326080,0.33000,-0.53000,0.20000,23.94000,5.24100,0.00070
1774332911.326080,0.21000,-0.53000,0.32000,23.94000,5.30380,0.00070
1774332911.326080,0.10000,-0.53000,0.43000,23.94000,5.36670,0.00070
1774332911.326080,0.04000,-0.55000,0.50000,23.94000,5.42950,0.00070
1774332911.326080,0.02000,-0.57000,0.54000,23.94000,5.49230,0.00070
1774332911.326080,0.01000,-0.60000,0.58000,23.94000,5.55510,0.00070
1774332911.334081,0.01000,-0.62000,0.61000,23.94000,5.61800,0.00070
1774332911.334081,0.01000,-0.64000,0.63000,23.93000,5.68080,0.00070
1774332911.334081,0.02000,-0.66000,0.63000,23.94000,5.74360,0.00070
1774332911.334081,0.01000,-0.65000,0.63000,23.94000,5.80650,0.00070
1774332911.334081,0.01000,-0.64000,0.62000,23.94000,5.86930,0.00070
1774332911.334081,0.01000,-0.63000,0.62000,23.93000,5.93210,0.00070
1774332911.334081,0.00000,-0.60000,0.61000,23.93000,5.99490,0.00070
1774332911.334081,-0.01000,-0.55000,0.57000,23.96000,6.05780,0.00070
1774332911.334081,-0.02000,-0.52000,0.54000,23.94000,6.12060,0.00070
1774332911.334081,-0.03000,-0.47000,0.50000,23.94000,6.18340,0.00070
1774332911.334081,-0.06000,-0.41000,0.48000,23.94000,6.24630,0.00070
1774332911.334081,-0.15000,-0.31000,0.47000,23.94000,0.02590,0.00070
1774332911.334081,-0.23000,-0.21000,0.44000,23.94000,0.08870,0.00070
1774332911.334081,-0.29000,-0.12000,0.41000,23.94000,0.15160,0.00070
1774332911.334081,-0.33000,-0.06000,0.40000,23.96000,0.21440,0.00070
1774332911.334081,-0.36000,-0.05000,0.42000,23.94000,0.27720,0.00070
1774332911.348943,-0.40000,-0.04000,0.45000,23.94000,0.34010,0.00070
1774332911.349918,-0.45000,-0.02000,0.48000,23.94000,0.40290,0.00070
1774332911.349918,-0.50000,-0.02000,0.52000,23.94000,0.46570,0.00070
1774332911.349918,-0.53000,-0.01000,0.55000,23.94000,0.52860,0.00070
1774332911.349918,-0.55000,-0.02000,0.57000,23.94000,0.59140,0.00070
1774332911.349918,-0.55000,-0.02000,0.57000,23.94000,0.65420,0.00070
1774332911.349918,-0.55000,-0.01000,0.57000,23.94000,0.71700,0.00070
1774332911.349918,-0.54000,-0.01000,0.56000,23.94000,0.77990,0.00070
1774332911.349918,-0.54000,-0.01000,0.55000,23.93000,0.84270,0.00070
1774332911.349918,-0.51000,-0.01000,0.52000,23.94000,0.90550,0.00070
1774332911.349918,-0.48000,0.00000,0.48000,23.94000,0.96840,0.00070
1774332911.349918,-0.45000,0.02000,0.43000,23.94000,1.03120,0.00070
1774332911.349918,-0.45000,0.10000,0.34000,23.94000,1.09400,0.00070
1774332911.349918,-0.46000,0.22000,0.23000,23.94000,1.15690,0.00070
1774332911.349918,-0.47000,0.34000,0.13000,23.96000,1.21970,0.00070
1774332911.349918,-0.47000,0.42000,0.05000,23.94000,1.28250,0.00070
1774332911.375917,-0.51000,0.47000,0.04000,23.94000,1.34540,0.00070
1774332911.375917,-0.57000,0.53000,0.04000,23.94000,1.40820,0.00070
1774332911.375917,-0.59000,0.55000,0.03000,23.94000,1.47100,0.00070
1774332911.375917,-0.63000,0.59000,0.03000,23.94000,1.53390,0.00070
1774332911.375917,-0.63000,0.60000,0.03000,23.94000,1.59670,0.00070
1774332911.375917,-0.64000,0.61000,0.02000,23.94000,1.65950,0.00070
1774332911.375917,-0.63000,0.61000,0.01000,23.94000,1.72240,0.00070
1774332911.375917,-0.62000,0.61000,0.00000,23.94000,1.78520,0.00070
1774332911.375917,-0.59000,0.60000,0.00000,23.94000,1.84800,0.00070
1774332911.375917,-0.56000,0.58000,-0.01000,23.94000,1.91090,0.00070
1774332911.375917,-0.52000,0.54000,-0.02000,23.96000,1.97370,0.00070
1774332911.376916,-0.45000,0.51000,-0.05000,23.94000,2.03650,0.00070
1774332911.376916,-0.33000,0.51000,-0.18000,23.94000,2.09940,0.00070
1774332911.376916,-0.20000,0.51000,-0.30000,23.96000,2.16220,0.00070
1774332911.376916,-0.09000,0.50000,-0.41000,23.94000,2.22500,0.00070
1774332911.376916,-0.04000,0.53000,-0.48000,23.94000,2.28790,0.00070
1774332911.393914,-0.04000,0.56000,-0.51000,23.94000,2.35070,0.00070
1774332911.393914,-0.03000,0.58000,-0.55000,23.94000,2.41350,0.00070
1774332911.393914,-0.01000,0.60000,-0.58000,23.94000,2.47640,0.00070
1774332911.393914,-0.01000,0.62000,-0.60000,23.94000,2.53920,0.00070
1774332911.393914,0.00000,0.62000,-0.61000,23.94000,2.60200,0.00070
1774332911.393914,0.00000,0.62000,-0.62000,23.94000,2.66490,0.00070
1774332911.393914,-0.01000,0.62000,-0.60000,23.94000,2.72770,0.00070
1774332911.393914,0.00000,0.61000,-0.61000,23.94000,2.79050,0.00070
1774332911.393914,0.00000,0.59000,-0.59000,23.96000,2.85340,0.00070
1774332911.393914,0.00000,0.56000,-0.56000,23.94000,2.91620,0.00070
1774332911.393914,0.00000,0.53000,-0.53000,23.96000,2.97900,0.00070
1774332911.393914,0.01000,0.48000,-0.49000,23.94000,3.04190,0.00070
1774332911.393914,0.04000,0.42000,-0.47000,23.96000,3.10470,0.00070
1774332911.393914,0.14000,0.32000,-0.46000,23.96000,3.16750,0.00070
1774332911.393914,0.23000,0.21000,-0.44000,23.96000,3.23040,0.00070
1774332911.393914,0.30000,0.12000,-0.42000,23.96000,3.29320,0.00070
1774332911.393914,0.34000,0.05000,-0.40000,23.96000,3.35600,0.00070
1774332911.393914,0.38000,0.04000,-0.42000,23.94000,3.41890,0.00070
1774332911.393914,0.40000,0.04000,-0.45000,23.94000,3.48170,0.00070
1774332911.393914,0.43000,0.04000,-0.48000,23.94000,3.54450,0.00070
1774332911.393914,0.47000,0.04000,-0.52000,23.94000,3.60740,0.00070
1774332911.393914,0.51000,0.05000,-0.56000,23.93000,3.67020,0.00070
1774332911.393914,0.54000,0.04000,-0.59000,23.93000,3.73300,0.00070
1774332911.393914,0.56000,0.03000,-0.60000,23.94000,3.79590,0.00070
1774332911.393914,0.57000,0.02000,-0.60000,23.94000,3.85870,0.00070
1774332911.393914,0.57000,0.01000,-0.58000,23.96000,3.92150,0.00070
1774332911.393914,0.57000,0.00000,-0.57000,23.94000,3.98440,0.00070
1774332911.393914,0.54000,0.00000,-0.54000,23.94000,4.04720,0.00070
1774332911.393914,0.51000,-0.01000,-0.50000,23.94000,4.11000,0.00070
1774332911.393914,0.48000,-0.03000,-0.45000,23.94000,4.17280,0.00070
1774332911.393914,0.48000,-0.13000,-0.35000,23.94000,4.23570,0.00070
1774332911.393914,0.50000,-0.25000,-0.24000,23.94000,4.29850,0.00070
1774332911.409312,0.50000,-0.36000,-0.13000,23.94000,4.36130,0.00070
1774332911.409312,0.52000,-0.46000,-0.05000,23.94000,4.42410,0.00070
1774332911.409312,0.54000,-0.50000,-0.04000,23.93000,4.48700,0.00070
1774332911.409312,0.59000,-0.56000,-0.03000,23.93000,4.54980,0.00070
1774332911.409312,0.61000,-0.59000,-0.01000,23.93000,4.61260,0.00070
1774332911.409312,0.63000,-0.62000,0.00000,23.94000,4.67550,0.00070
1774332911.409312,0.63000,-0.63000,0.00000,23.94000,4.73830,0.00070
1774332911.409312,0.63000,-0.63000,0.00000,23.94000,4.80110,0.00070
1774332911.409312,0.61000,-0.61000,0.00000,23.94000,4.86390,0.00070
1774332911.409312,0.59000,-0.59000,0.00000,23.94000,4.92680,0.00070
1774332911.409312,0.58000,-0.59000,0.00000,23.94000,4.98960,0.00070
1774332911.409312,0.54000,-0.55000,0.00000,23.93000,5.05240,0.00070
1774332911.409312,0.50000,-0.52000,0.01000,23.94000,5.11530,0.00070
1774332911.409312,0.44000,-0.50000,0.06000,23.94000,5.17810,0.00070
1774332911.409312,0.32000,-0.49000,0.17000,23.98000,5.24090,0.00070
1774332911.409312,0.22000,-0.50000,0.27000,23.94000,5.30370,0.00070
1774332911.427886,0.11000,-0.49000,0.38000,23.94000,5.36660,0.00070
1774332911.427886,0.05000,-0.50000,0.45000,23.94000,5.42940,0.00070
1774332911.427886,0.03000,-0.52000,0.49000,23.94000,5.49220,0.00070
1774332911.427886,0.03000,-0.56000,0.52000,23.94000,5.55510,0.00070
1774332911.427886,0.03000,-0.58000,0.54000,23.94000,5.61790,0.00070
1774332911.427886,0.03000,-0.59000,0.55000,23.94000,5.68070,0.00070
1774332911.427886,0.02000,-0.61000,0.58000,23.94000,5.74350,0.00070
1774332911.427886,0.03000,-0.63000,0.59000,23.94000,5.80640,0.00070
1774332911.427886,0.02000,-0.62000,0.59000,23.94000,5.86920,0.00070
1774332911.427886,0.00000,-0.61000,0.60000,23.94000,5.93200,0.00070
1774332911.427886,0.00000,-0.60000,0.60000,23.94000,5.99490,0.00070
1774332911.427886,0.00000,-0.57000,0.56000,23.94000,6.05770,0.00070
1774332911.427886,-0.01000,-0.52000,0.54000,23.94000,6.12050,0.00070
1774332911.427886,-0.02000,-0.48000,0.50000,23.96000,6.18330,0.00070
1774332911.427886,-0.04000,-0.42000,0.47000,23.94000,6.24620,0.00070
1774332911.427886,-0.13000,-0.32000,0.46000,23.94000,0.02580,0.00070
1774332911.446889,-0.21000,-0.23000,0.45000,23.94000,0.08860,0.00070
1774332911.446889,-0.29000,-0.13000,0.43000,23.96000,0.15150,0.00070
1774332911.446889,-0.35000,-0.06000,0.41000,23.94000,0.21430,0.00070
1774332911.446889,-0.39000,-0.05000,0.44000,23.93000,0.27710,0.00070
1774332911.446889,-0.42000,-0.04000,0.46000,23.94000,0.34000,0.00070
1774332911.446889,-0.46000,-0.03000,0.49000,23.94000,0.40280,0.00070
1774332911.446889,-0.50000,-0.02000,0.53000,23.94000,0.46560,0.00070
1774332911.446889,-0.53000,-0.02000,0.55000,23.93000,0.52850,0.00070
1774332911.446889,-0.55000,-0.02000,0.58000,23.94000,0.59130,0.00070
1774332911.446889,-0.56000,-0.02000,0.58000,23.94000,0.65410,0.00070
1774332911.446889,-0.57000,-0.02000,0.59000,23.94000,0.71700,0.00070
1774332911.446889,-0.57000,-0.02000,0.60000,23.94000,0.77980,0.00070
1774332911.446889,-0.57000,-0.02000,0.59000,23.94000,0.84260,0.00070
1774332911.446889,-0.56000,-0.02000,0.58000,23.96000,0.90550,0.00070
1774332911.446889,-0.53000,0.00000,0.53000,23.94000,0.96830,0.00070
1774332911.446889,-0.50000,0.03000,0.47000,23.94000,1.03110,0.00070
1774332911.472943,-0.50000,0.15000,0.35000,23.94000,1.09390,0.00070
1774332911.472943,-0.51000,0.28000,0.22000,23.94000,1.15680,0.00070
1774332911.472943,-0.51000,0.40000,0.10000,23.94000,1.21960,0.00070
1774332911.472943,-0.52000,0.48000,0.03000,23.94000,1.28240,0.00070
1774332911.472943,-0.56000,0.52000,0.03000,23.94000,1.34530,0.00070
1774332911.472943,-0.59000,0.56000,0.02000,23.94000,1.40810,0.00070
1774332911.472943,-0.61000,0.58000,0.02000,23.94000,1.47090,0.00070
1774332911.472943,-0.64000,0.61000,0.02000,23.94000,1.53380,0.00070
1774332911.473943,-0.63000,0.61000,0.02000,23.94000,1.59660,0.00070
1774332911.473943,-0.63000,0.62000,0.01000,23.93000,1.65940,0.00070
1774332911.473943,-0.62000,0.61000,0.00000,23.94000,1.72230,0.00070
1774332911.473943,-0.59000,0.60000,0.00000,23.94000,1.78510,0.00070
1774332911.473943,-0.58000,0.59000,0.00000,23.94000,1.84790,0.00070
1774332911.473943,-0.53000,0.55000,-0.01000,23.96000,1.91080,0.00070
1774332911.473943,-0.49000,0.52000,-0.02000,23.94000,1.97360,0.00070
1774332911.473943,-0.44000,0.49000,-0.04000,23.94000,2.03640,0.00070
1774332911.473943,-0.34000,0.49000,-0.14000,23.94000,2.09930,0.00070
1774332911.473943,-0.23000,0.49000,-0.25000,23.94000,2.16210,0.00070
1774332911.473943,-0.11000,0.49000,-0.37000,23.94000,2.22490,0.00070
1774332911.473943,-0.05000,0.50000,-0.45000,23.94000,2.28780,0.00070
1774332911.473943,-0.04000,0.54000,-0.49000,23.94000,2.35060,0.00070
1774332911.473943,-0.02000,0.56000,-0.54000,23.94000,2.41340,0.00070
1774332911.473943,-0.02000,0.59000,-0.56000,23.94000,2.47630,0.00070
1774332911.473943,-0.01000,0.60000,-0.58000,23.94000,2.53910,0.00070
1774332911.473943,0.00000,0.61000,-0.60000,23.93000,2.60190,0.00070
1774332911.473943,0.00000,0.61000,-0.61000,23.94000,2.66480,0.00070
1774332911.473943,-0.01000,0.61000,-0.60000,23.93000,2.72760,0.00070
1774332911.473943,0.00000,0.60000,-0.60000,23.94000,2.79040,0.00070
1774332911.473943,-0.01000,0.59000,-0.58000,23.94000,2.85330,0.00070
1774332911.473943,0.00000,0.56000,-0.55000,23.93000,2.91610,0.00070
1774332911.473943,0.00000,0.52000,-0.52000,23.94000,2.97890,0.00070
1774332911.473943,0.01000,0.48000,-0.49000,23.94000,3.04180,0.00070
1774332911.490940,0.05000,0.41000,-0.47000,23.94000,3.10460,0.00070
1774332911.490940,0.16000,0.30000,-0.46000,23.94000,3.16740,0.00070
1774332911.490940,0.24000,0.20000,-0.44000,23.94000,3.23030,0.00070
1774332911.490940,0.31000,0.10000,-0.42000,23.94000,3.29310,0.00070
1774332911.490940,0.36000,0.05000,-0.41000,23.94000,3.35590,0.00070
1774332911.490940,0.38000,0.03000,-0.42000,23.94000,3.41880,0.00070
1774332911.490940,0.39000,0.04000,-0.43000,23.94000,3.48160,0.00070
1774332911.490940,0.42000,0.03000,-0.46000,23.96000,3.54440,0.00070
1774332911.490940,0.45000,0.04000,-0.50000,23.94000,3.60730,0.00070
1774332911.490940,0.47000,0.04000,-0.52000,23.96000,3.67010,0.00070
1774332911.490940,0.50000,0.04000,-0.55000,23.94000,3.73290,0.00070
1774332911.490940,0.52000,0.03000,-0.56000,23.94000,3.79580,0.00070
1774332911.490940,0.54000,0.02000,-0.57000,23.94000,3.85860,0.00070
1774332911.490940,0.54000,0.01000,-0.56000,23.93000,3.92140,0.00070
1774332911.490940,0.54000,0.01000,-0.55000,23.94000,3.98430,0.00070
1774332911.490940,0.53000,0.00000,-0.54000,23.94000,4.04710,0.00070
1774332911.508968,0.51000,0.00000,-0.51000,23.94000,4.10990,0.00070
1774332911.508968,0.49000,-0.01000,-0.47000,23.94000,4.17270,0.00070
1774332911.508968,0.48000,-0.06000,-0.41000,23.96000,4.23560,0.00070
1774332911.508968,0.50000,-0.19000,-0.31000,23.94000,4.29840,0.00070
1774332911.509969,0.52000,-0.32000,-0.20000,23.94000,4.36120,0.00070
1774332911.509969,0.53000,-0.45000,-0.08000,23.94000,4.42410,0.00070
1774332911.509969,0.57000,-0.51000,-0.05000,23.94000,4.48690,0.00070
1774332911.509969,0.61000,-0.57000,-0.03000,23.94000,4.54970,0.00070
1774332911.509969,0.62000,-0.60000,-0.02000,23.94000,4.61250,0.00070
1774332911.509969,0.64000,-0.63000,-0.01000,23.94000,4.67540,0.00070
1774332911.509969,0.64000,-0.64000,0.00000,23.94000,4.73820,0.00070
1774332911.509969,0.65000,-0.64000,0.00000,23.94000,4.80100,0.00070
1774332911.509969,0.63000,-0.63000,0.00000,23.94000,4.86390,0.00070
1774332911.509969,0.61000,-0.62000,0.00000,23.96000,4.92670,0.00070
1774332911.509969,0.59000,-0.60000,0.00000,23.94000,4.98950,0.00070
1774332911.509969,0.53000,-0.55000,0.01000,23.94000,5.05230,0.00070
1774332911.542926,0.47000,-0.52000,0.04000,23.96000,5.11520,0.00070
1774332911.542926,0.38000,-0.52000,0.13000,23.94000,5.17800,0.00070
1774332911.542926,0.27000,-0.52000,0.25000,23.94000,5.24080,0.00070
1774332911.542926,0.15000,-0.51000,0.36000,23.94000,5.30360,0.00070
1774332911.542926,0.06000,-0.51000,0.45000,23.94000,5.36650,0.00070
1774332911.542926,0.03000,-0.53000,0.49000,23.94000,5.42930,0.00070
1774332911.542926,0.03000,-0.55000,0.52000,23.94000,5.49210,0.00070
1774332911.542926,0.01000,-0.57000,0.55000,23.94000,5.55500,0.00070
1774332911.542926,0.01000,-0.58000,0.56000,23.93000,5.61780,0.00070
1774332911.542926,0.02000,-0.60000,0.57000,23.94000,5.68060,0.00070
1774332911.542926,0.03000,-0.61000,0.58000,23.94000,5.74340,0.00070
1774332911.542926,0.03000,-0.61000,0.57000,23.94000,5.80630,0.00070
1774332911.542926,0.02000,-0.60000,0.57000,23.94000,5.86910,0.00070
1774332911.542926,0.02000,-0.60000,0.58000,23.94000,5.93190,0.00070
1774332911.542926,0.00000,-0.58000,0.57000,23.93000,5.99480,0.00070
1774332911.542926,0.00000,-0.55000,0.55000,23.94000,6.05760,0.00070
1774332911.542926,-0.01000,-0.51000,0.52000,23.96000,6.12040,0.00070
1774332911.542926,-0.02000,-0.47000,0.49000,23.94000,6.18320,0.00070
1774332911.542926,-0.04000,-0.42000,0.47000,23.94000,6.24610,0.00070
1774332911.542926,-0.15000,-0.31000,0.46000,23.94000,0.02570,0.00070
1774332911.542926,-0.25000,-0.19000,0.45000,23.94000,0.08850,0.00070
1774332911.542926,-0.33000,-0.09000,0.43000,23.96000,0.15140,0.00070
1774332911.542926,-0.36000,-0.05000,0.42000,23.94000,0.21420,0.00070
1774332911.542926,-0.39000,-0.04000,0.43000,23.94000,0.27700,0.00070
1774332911.542926,-0.41000,-0.03000,0.44000,23.94000,0.33990,0.00070
1774332911.542926,-0.43000,-0.02000,0.46000,23.94000,0.40270,0.00070
1774332911.542926,-0.47000,-0.02000,0.49000,23.93000,0.46550,0.00070
1774332911.542926,-0.49000,-0.02000,0.51000,23.94000,0.52840,0.00070
1774332911.542926,-0.51000,-0.02000,0.54000,23.96000,0.59120,0.00070
1774332911.542926,-0.52000,-0.02000,0.55000,23.94000,0.65400,0.00070
1774332911.542926,-0.54000,-0.02000,0.57000,23.94000,0.71690,0.00070
1774332911.542926,-0.54000,-0.02000,0.57000,23.94000,0.77970,0.00070
1774332911.566943,-0.54000,-0.02000,0.56000,23.94000,0.84250,0.00070
1774332911.566943,-0.52000,-0.02000,0.54000,23.94000,0.90540,0.00070
1774332911.566943,-0.49000,-0.01000,0.51000,23.94000,0.96820,0.00070
1774332911.566943,-0.48000,0.01000,0.46000,23.94000,1.03100,0.00070
1774332911.566943,-0.47000,0.07000,0.39000,23.94000,1.09390,0.00070
1774332911.566943,-0.49000,0.20000,0.29000,23.96000,1.15670,0.00070
1774332911.566943,-0.50000,0.32000,0.18000,23.94000,1.21950,0.00070
1774332911.566943,-0.51000,0.44000,0.07000,23.94000,1.28240,0.00070
1774332911.566943,-0.55000,0.49000,0.05000,23.94000,1.34520,0.00070
1774332911.566943,-0.60000,0.55000,0.04000,23.94000,1.40800,0.00070
1774332911.566943,-0.62000,0.57000,0.04000,23.94000,1.47090,0.00070
1774332911.566943,-0.66000,0.62000,0.04000,23.94000,1.53370,0.00070
1774332911.566943,-0.68000,0.64000,0.04000,23.94000,1.59650,0.00070
1774332911.566943,-0.70000,0.66000,0.03000,23.94000,1.65930,0.00070
1774332911.566943,-0.67000,0.65000,0.02000,23.94000,1.72220,0.00070
1774332911.566943,-0.64000,0.64000,0.00000,23.93000,1.78500,0.00070
1774332911.585346,-0.60000,0.61000,-0.01000,23.94000,1.84780,0.00070
1774332911.585346,-0.52000,0.56000,-0.03000,23.94000,1.91070,0.00070
1774332911.585346,-0.44000,0.51000,-0.07000,23.94000,1.97350,0.00070
1774332911.585346,-0.32000,0.53000,-0.20000,23.96000,2.03630,0.00070
1774332911.585346,-0.20000,0.53000,-0.32000,23.94000,2.09920,0.00070
1774332911.585346,-0.11000,0.52000,-0.40000,23.94000,2.16200,0.00070
1774332911.585346,-0.05000,0.53000,-0.47000,23.94000,2.22480,0.00070
1774332911.585346,-0.04000,0.55000,-0.50000,23.94000,2.28770,0.00070
1774332911.585346,-0.03000,0.56000,-0.52000,23.94000,2.35050,0.00070
1774332911.585346,-0.02000,0.58000,-0.56000,23.93000,2.41330,0.00070
1774332911.585346,-0.01000,0.60000,-0.58000,23.94000,2.47620,0.00070
1774332911.585346,0.00000,0.60000,-0.59000,23.93000,2.53900,0.00070
1774332911.585346,0.01000,0.60000,-0.61000,23.94000,2.60180,0.00070
1774332911.585346,0.00000,0.61000,-0.61000,23.94000,2.66470,0.00070
1774332911.585346,0.00000,0.60000,-0.60000,23.94000,2.72750,0.00070
1774332911.585346,0.00000,0.59000,-0.59000,23.94000,2.79030,0.00070
1774332911.590375,0.00000,0.58000,-0.57000,23.93000,2.85320,0.00070
1774332911.590375,0.01000,0.54000,-0.55000,23.96000,2.91600,0.00070
1774332911.590375,0.00000,0.51000,-0.51000,23.93000,2.97880,0.00070
1774332911.591374,0.02000,0.45000,-0.48000,23.94000,3.04170,0.00070
1774332911.591374,0.07000,0.39000,-0.46000,23.94000,3.10450,0.00070
1774332911.591374,0.18000,0.28000,-0.47000,23.94000,3.16730,0.00070
1774332911.591374,0.29000,0.16000,-0.45000,23.94000,3.23020,0.00070
1774332911.591374,0.38000,0.05000,-0.44000,23.94000,3.29300,0.00070
1774332911.591374,0.42000,0.02000,-0.45000,23.94000,3.35580,0.00070
1774332911.591374,0.44000,0.02000,-0.47000,23.94000,3.41870,0.00070
1774332911.591374,0.45000,0.02000,-0.47000,23.94000,3.48150,0.00070
1774332911.591374,0.43000,0.02000,-0.46000,23.94000,3.54430,0.00070
1774332911.591374,0.42000,0.02000,-0.45000,23.94000,3.60720,0.00070
1774332911.591374,0.39000,0.03000,-0.42000,23.94000,3.67000,0.00070
1774332911.591374,0.37000,0.03000,-0.41000,23.94000,3.73280,0.00070
1774332911.591374,0.38000,0.03000,-0.41000,23.94000,3.79570,0.00070
1774332911.620957,0.41000,0.02000,-0.43000,23.94000,3.85850,0.00070
1774332911.620957,0.43000,0.02000,-0.45000,23.94000,3.92130,0.00070
1774332911.620957,0.45000,0.01000,-0.46000,23.94000,3.98420,0.00070
1774332911.620957,0.45000,0.00000,-0.45000,23.94000,4.04700,0.00070
1774332911.620957,0.43000,0.00000,-0.43000,23.96000,4.10980,0.00070
1774332911.620957,0.41000,-0.01000,-0.40000,23.96000,4.17260,0.00070
1774332911.620957,0.39000,-0.03000,-0.36000,23.94000,4.23550,0.00070
1774332911.620957,0.40000,-0.11000,-0.29000,23.96000,4.29830,0.00070
1774332911.620957,0.41000,-0.21000,-0.20000,23.94000,4.36110,0.00070
1774332911.620957,0.44000,-0.32000,-0.11000,23.94000,4.42400,0.00070
1774332911.620957,0.48000,-0.41000,-0.06000,23.93000,4.48680,0.00070
1774332911.620957,0.55000,-0.49000,-0.05000,23.94000,4.54960,0.00070
1774332911.620957,0.58000,-0.54000,-0.04000,23.94000,4.61240,0.00070
1774332911.620957,0.63000,-0.60000,-0.03000,23.94000,4.67530,0.00070
1774332911.620957,0.66000,-0.64000,-0.02000,23.94000,4.73810,0.00070
1774332911.620957,0.70000,-0.67000,-0.02000,23.93000,4.80090,0.00070
1774332911.620957,0.68000,-0.66000,-0.02000,23.94000,4.86380,0.00070
1774332911.620957,0.68000,-0.66000,-0.01000,23.94000,4.92660,0.00070
1774332911.620957,0.66000,-0.65000,0.00000,23.94000,4.98940,0.00070
1774332911.620957,0.59000,-0.60000,0.00000,23.94000,5.05220,0.00070
1774332911.620957,0.52000,-0.55000,0.02000,23.93000,5.11510,0.00070
1774332911.620957,0.42000,-0.54000,0.11000,23.94000,5.17790,0.00070
1774332911.620957,0.29000,-0.53000,0.23000,23.94000,5.24070,0.00070
1774332911.620957,0.18000,-0.53000,0.34000,23.94000,5.30360,0.00070
1774332911.620957,0.08000,-0.53000,0.44000,23.94000,5.36640,0.00070
1774332911.620957,0.04000,-0.55000,0.50000,23.96000,5.42920,0.00070
1774332911.620957,0.03000,-0.57000,0.53000,23.94000,5.49200,0.00070
1774332911.620957,0.03000,-0.60000,0.57000,23.94000,5.55490,0.00070
1774332911.620957,0.02000,-0.63000,0.61000,23.94000,5.61770,0.00070
1774332911.620957,0.02000,-0.64000,0.62000,23.94000,5.68050,0.00070
1774332911.620957,0.02000,-0.66000,0.64000,23.94000,5.74340,0.00070
1774332911.620957,0.01000,-0.66000,0.64000,23.96000,5.80620,0.00070
1774332911.645824,0.00000,-0.64000,0.64000,23.94000,5.86900,0.00070
1774332911.645824,0.00000,-0.63000,0.63000,23.94000,5.93180,0.00070
1774332911.645824,-0.01000,-0.60000,0.62000,23.94000,5.99470,0.00070
1774332911.645824,-0.02000,-0.56000,0.58000,23.94000,6.05750,0.00070
1774332911.645824,-0.02000,-0.52000,0.55000,23.94000,6.12030,0.00070
1774332911.645824,-0.06000,-0.47000,0.53000,23.94000,6.18310,0.00070
1774332911.645824,-0.16000,-0.37000,0.53000,23.94000,6.24600,0.00070
1774332911.645824,-0.27000,-0.25000,0.53000,23.94000,0.02560,0.00070
1774332911.645824,-0.36000,-0.14000,0.50000,23.94000,0.08850,0.00070
1774332911.645824,-0.42000,-0.05000,0.47000,23.96000,0.15130,0.00070
1774332911.645824,-0.44000,-0.04000,0.48000,23.93000,0.21410,0.00070
1774332911.646826,-0.47000,-0.02000,0.50000,23.94000,0.27690,0.00070
1774332911.646826,-0.48000,-0.01000,0.49000,23.94000,0.33980,0.00070
1774332911.646826,-0.49000,0.00000,0.49000,23.94000,0.40260,0.00070
1774332911.646826,-0.49000,0.00000,0.49000,23.94000,0.46540,0.00070
1774332911.646826,-0.48000,0.00000,0.47000,23.94000,0.52830,0.00070
1774332911.664823,-0.45000,0.00000,0.45000,23.94000,0.59110,0.00070
1774332911.664823,-0.41000,0.00000,0.42000,23.94000,0.65390,0.00070
1774332911.664823,-0.40000,-0.01000,0.41000,23.94000,0.71680,0.00070
1774332911.664823,-0.39000,-0.01000,0.40000,23.94000,0.77960,0.00070
1774332911.664823,-0.39000,-0.01000,0.40000,23.96000,0.84240,0.00070
1774332911.664823,-0.38000,-0.02000,0.40000,23.94000,0.90530,0.00070
1774332911.664823,-0.36000,-0.02000,0.38000,23.94000,0.96810,0.00070
1774332911.664823,-0.36000,0.00000,0.36000,23.94000,1.03090,0.00070
1774332911.664823,-0.35000,0.05000,0.30000,23.94000,1.09380,0.00070
1774332911.664823,-0.36000,0.16000,0.20000,23.96000,1.15660,0.00070
1774332911.664823,-0.35000,0.24000,0.11000,23.94000,1.21940,0.00070
1774332911.664823,-0.36000,0.30000,0.06000,23.94000,1.28230,0.00070
1774332911.664823,-0.37000,0.32000,0.05000,23.94000,1.34510,0.00070
1774332911.664823,-0.42000,0.36000,0.06000,23.94000,1.40790,0.00070
1774332911.664823,-0.48000,0.42000,0.05000,23.94000,1.47080,0.00070
1774332911.664823,-0.56000,0.50000,0.05000,23.93000,1.53360,0.00070
1774332911.669826,-0.62000,0.56000,0.05000,23.94000,1.59640,0.00070
1774332911.669826,-0.65000,0.61000,0.04000,23.93000,1.65930,0.00070
1774332911.669826,-0.67000,0.63000,0.03000,23.94000,1.72210,0.00070
1774332911.669826,-0.68000,0.65000,0.02000,23.94000,1.78490,0.00070
1774332911.669826,-0.66000,0.66000,0.00000,23.94000,1.84780,0.00070
1774332911.669826,-0.62000,0.63000,-0.01000,23.93000,1.91060,0.00070
1774332911.669826,-0.55000,0.58000,-0.02000,23.94000,1.97340,0.00070
1774332911.669826,-0.46000,0.53000,-0.06000,23.96000,2.03630,0.00070
1774332911.669826,-0.33000,0.53000,-0.20000,23.96000,2.09910,0.00070
1774332911.669826,-0.20000,0.52000,-0.32000,23.94000,2.16190,0.00070
1774332911.669826,-0.09000,0.52000,-0.42000,23.94000,2.22480,0.00070
1774332911.669826,-0.05000,0.54000,-0.48000,23.94000,2.28760,0.00070
1774332911.669826,-0.04000,0.56000,-0.52000,23.94000,2.35040,0.00070
1774332911.669826,-0.02000,0.59000,-0.56000,23.94000,2.41320,0.00070
1774332911.669826,-0.01000,0.61000,-0.60000,23.94000,2.47610,0.00070
1774332911.669826,-0.01000,0.63000,-0.62000,23.94000,2.53890,0.00070
1774332911.691724,0.00000,0.64000,-0.64000,23.94000,2.60170,0.00070
1774332911.691724,-0.01000,0.65000,-0.64000,23.94000,2.66460,0.00070
1774332911.691724,0.00000,0.63000,-0.63000,23.94000,2.72740,0.00070
1774332911.691724,-0.01000,0.63000,-0.62000,23.94000,2.79020,0.00070
1774332911.691724,0.00000,0.62000,-0.61000,23.94000,2.85310,0.00070
1774332911.691724,0.00000,0.58000,-0.58000,23.96000,2.91590,0.00070
1774332911.691724,-0.01000,0.55000,-0.54000,23.94000,2.97870,0.00070
1774332911.691724,0.00000,0.50000,-0.51000,23.94000,3.04160,0.00070
1774332911.691724,0.03000,0.45000,-0.48000,23.93000,3.10440,0.00070
1774332911.691724,0.12000,0.35000,-0.48000,23.96000,3.16720,0.00070
1774332911.691724,0.23000,0.23000,-0.47000,23.94000,3.23010,0.00070
1774332911.691724,0.34000,0.12000,-0.46000,23.94000,3.29290,0.00070
1774332911.691724,0.42000,0.04000,-0.46000,23.93000,3.35570,0.00070
1774332911.691724,0.46000,0.03000,-0.50000,23.94000,3.41860,0.00070
1774332911.691724,0.49000,0.03000,-0.52000,23.94000,3.48140,0.00070
1774332911.691724,0.53000,0.03000,-0.56000,23.94000,3.54420,0.00070
1774332911.705732,0.55000,0.03000,-0.58000,23.94000,3.60710,0.00070
1774332911.705732,0.56000,0.03000,-0.59000,23.94000,3.66990,0.00070
1774332911.705732,0.57000,0.02000,-0.59000,23.94000,3.73270,0.00070
1774332911.705732,0.56000,0.01000,-0.57000,23.93000,3.79560,0.00070
1774332911.705732,0.55000,0.00000,-0.56000,23.94000,3.85840,0.00070
1774332911.706752,0.55000,0.00000,-0.55000,23.94000,3.92120,0.00070
1774332911.706752,0.53000,-0.01000,-0.52000,23.94000,3.98410,0.00070
1774332911.706752,0.50000,-0.02000,-0.48000,23.94000,4.04690,0.00070
1774332911.706752,0.46000,-0.02000,-0.43000,23.94000,4.10970,0.00070
1774332911.706752,0.44000,-0.07000,-0.36000,23.94000,4.17260,0.00070
1774332911.706752,0.43000,-0.17000,-0.26000,23.94000,4.23540,0.00070
1774332911.706752,0.42000,-0.24000,-0.17000,23.94000,4.29820,0.00070
1774332911.706752,0.40000,-0.31000,-0.09000,23.94000,4.36100,0.00070
1774332911.706752,0.41000,-0.35000,-0.06000,23.94000,4.42390,0.00070
1774332911.706752,0.44000,-0.38000,-0.05000,23.93000,4.48670,0.00070
1774332911.706752,0.48000,-0.44000,-0.04000,23.94000,4.54950,0.00070
1774332911.714265,0.52000,-0.48000,-0.03000,23.94000,4.61240,0.00070
1774332911.714265,0.55000,-0.53000,-0.02000,23.94000,4.67520,0.00070
1774332911.714265,0.58000,-0.56000,-0.01000,23.96000,4.73800,0.00070
1774332911.714265,0.61000,-0.60000,-0.01000,23.94000,4.80080,0.00070
1774332911.714265,0.62000,-0.60000,-0.01000,23.94000,4.86370,0.00070
1774332911.714265,0.61000,-0.59000,-0.01000,23.94000,4.92650,0.00070
1774332911.714265,0.61000,-0.59000,-0.01000,23.94000,4.98930,0.00070
1774332911.714265,0.59000,-0.58000,-0.01000,23.94000,5.05210,0.00070
1774332911.714265,0.55000,-0.54000,0.00000,23.94000,5.11500,0.00070
1774332911.714265,0.49000,-0.51000,0.02000,23.94000,5.17780,0.00070
1774332911.714265,0.37000,-0.52000,0.14000,23.94000,5.24060,0.00070
1774332911.714265,0.24000,-0.52000,0.27000,23.94000,5.30350,0.00070
1774332911.714265,0.13000,-0.52000,0.38000,23.94000,5.36630,0.00070
1774332911.714265,0.05000,-0.51000,0.46000,23.93000,5.42910,0.00070
1774332911.714265,0.03000,-0.55000,0.51000,23.94000,5.49190,0.00070
1774332911.714265,0.03000,-0.59000,0.55000,23.94000,5.55480,0.00070
1774332911.743174,0.03000,-0.61000,0.58000,23.94000,5.61760,0.00070
1774332911.743174,0.03000,-0.64000,0.60000,23.94000,5.68040,0.00070
1774332911.743174,0.03000,-0.65000,0.62000,23.94000,5.74330,0.00070
1774332911.743174,0.02000,-0.66000,0.63000,23.94000,5.80610,0.00070
1774332911.743174,0.01000,-0.64000,0.63000,23.94000,5.86890,0.00070
1774332911.743174,0.00000,-0.63000,0.63000,23.96000,5.93170,0.00070
1774332911.743174,0.00000,-0.61000,0.60000,23.94000,5.99460,0.00070
1774332911.743174,0.00000,-0.56000,0.57000,23.94000,6.05740,0.00070
1774332911.743174,-0.02000,-0.53000,0.55000,23.96000,6.12020,0.00070
1774332911.743174,-0.02000,-0.49000,0.51000,23.94000,6.18310,0.00070
1774332911.743174,-0.03000,-0.44000,0.48000,23.96000,6.24590,0.00070
1774332911.743174,-0.13000,-0.34000,0.47000,23.94000,0.02550,0.00070
1774332911.743174,-0.21000,-0.24000,0.45000,23.94000,0.08840,0.00070
1774332911.743174,-0.29000,-0.14000,0.43000,23.94000,0.15120,0.00070
1774332911.743174,-0.36000,-0.06000,0.43000,23.96000,0.21400,0.00070
1774332911.743174,-0.40000,-0.05000,0.45000,23.94000,0.27690,0.00070
1774332911.746202,-0.43000,-0.04000,0.48000,23.93000,0.33970,0.00070
1774332911.746202,-0.47000,-0.03000,0.51000,23.93000,0.40250,0.00070
1774332911.746202,-0.52000,-0.03000,0.55000,23.94000,0.46530,0.00070
1774332911.746202,-0.56000,-0.02000,0.58000,23.94000,0.52820,0.00070
1774332911.746202,-0.58000,-0.02000,0.60000,23.94000,0.59100,0.00070
1774332911.746202,-0.58000,-0.01000,0.60000,23.94000,0.65380,0.00070
1774332911.746202,-0.58000,-0.01000,0.59000,23.93000,0.71670,0.00070
1774332911.746202,-0.56000,-0.01000,0.58000,23.94000,0.77950,0.00070
1774332911.746202,-0.56000,0.00000,0.56000,23.94000,0.84230,0.00070
1774332911.746202,-0.53000,0.00000,0.53000,23.96000,0.90520,0.00070
1774332911.746202,-0.49000,0.00000,0.48000,23.93000,0.96800,0.00070
1774332911.746202,-0.47000,0.05000,0.42000,23.94000,1.03080,0.00070
1774332911.746202,-0.47000,0.15000,0.31000,23.94000,1.09370,0.00070
1774332911.746202,-0.47000,0.26000,0.21000,23.94000,1.15650,0.00070
1774332911.746202,-0.48000,0.36000,0.11000,23.94000,1.21930,0.00070
1774332911.746202,-0.48000,0.43000,0.05000,23.94000,1.28220,0.00070
1774332911.781969,-0.52000,0.47000,0.04000,23.94000,1.34500,0.00070
1774332911.781969,-0.57000,0.53000,0.04000,23.93000,1.40780,0.00070
1774332911.781969,-0.59000,0.56000,0.03000,23.94000,1.47070,0.00070
1774332911.781969,-0.62000,0.59000,0.03000,23.94000,1.53350,0.00070
1774332911.781969,-0.64000,0.61000,0.02000,23.94000,1.59630,0.00070
1774332911.781969,-0.64000,0.62000,0.01000,23.94000,1.65920,0.00070
1774332911.781969,-0.62000,0.61000,0.01000,23.94000,1.72200,0.00070
1774332911.781969,-0.60000,0.60000,0.00000,23.94000,1.78480,0.00070
1774332911.781969,-0.58000,0.59000,0.00000,23.93000,1.84770,0.00070
1774332911.781969,-0.54000,0.56000,-0.01000,23.96000,1.91050,0.00070
1774332911.781969,-0.50000,0.53000,-0.02000,23.94000,1.97330,0.00070
1774332911.781969,-0.45000,0.50000,-0.04000,23.94000,2.03620,0.00070
1774332911.781969,-0.34000,0.50000,-0.15000,23.93000,2.09900,0.00070
1774332911.781969,-0.22000,0.50000,-0.27000,23.94000,2.16180,0.00070
1774332911.781969,-0.10000,0.49000,-0.39000,23.96000,2.22470,0.00070
1774332911.781969,-0.06000,0.51000,-0.45000,23.94000,2.28750,0.00070
1774332911.781969,-0.04000,0.54000,-0.49000,23.94000,2.35030,0.00070
1774332911.781969,-0.03000,0.56000,-0.53000,23.93000,2.41320,0.00070
1774332911.781969,-0.03000,0.59000,-0.55000,23.94000,2.47600,0.00070
1774332911.781969,-0.02000,0.60000,-0.58000,23.96000,2.53880,0.00070
1774332911.781969,0.00000,0.61000,-0.60000,23.94000,2.60170,0.00070
1774332911.781969,-0.01000,0.62000,-0.61000,23.94000,2.66450,0.00070
1774332911.781969,0.00000,0.62000,-0.61000,23.94000,2.72730,0.00070
1774332911.781969,0.00000,0.61000,-0.61000,23.94000,2.79020,0.00070
1774332911.781969,0.00000,0.60000,-0.60000,23.94000,2.85300,0.00070
1774332911.781969,0.00000,0.56000,-0.56000,23.94000,2.91580,0.00070
1774332911.781969,0.00000,0.52000,-0.53000,23.94000,2.97870,0.00070
1774332911.781969,0.03000,0.47000,-0.50000,23.94000,3.04150,0.00070
1774332911.781969,0.07000,0.40000,-0.48000,23.96000,3.10430,0.00070
1774332911.781969,0.17000,0.29000,-0.47000,23.94000,3.16720,0.00070
1774332911.781969,0.26000,0.19000,-0.45000,23.96000,3.23000,0.00070
1774332911.781969,0.33000,0.10000,-0.43000,23.94000,3.29280,0.00070
1774332911.800432,0.35000,0.05000,-0.40000,23.96000,3.35560,0.00070
1774332911.800432,0.37000,0.04000,-0.41000,23.94000,3.41850,0.00070
1774332911.800432,0.38000,0.04000,-0.43000,23.96000,3.48130,0.00070
1774332911.800432,0.42000,0.04000,-0.46000,23.94000,3.54410,0.00070
1774332911.800432,0.46000,0.04000,-0.50000,23.94000,3.60700,0.00070
1774332911.800432,0.49000,0.04000,-0.53000,23.94000,3.66980,0.00070
1774332911.800432,0.52000,0.04000,-0.56000,23.94000,3.73260,0.00070
1774332911.800432,0.53000,0.03000,-0.57000,23.93000,3.79550,0.00070
1774332911.800432,0.55000,0.02000,-0.58000,23.93000,3.85830,0.00070
1774332911.800432,0.55000,0.01000,-0.57000,23.96000,3.92110,0.00070
1774332911.800432,0.56000,0.00000,-0.57000,23.94000,3.98400,0.00070
1774332911.800432,0.55000,0.00000,-0.55000,23.94000,4.04680,0.00070
1774332911.800432,0.52000,0.00000,-0.52000,23.96000,4.10960,0.00070
1774332911.800432,0.49000,-0.02000,-0.47000,23.94000,4.17250,0.00070
1774332911.800432,0.48000,-0.11000,-0.37000,23.96000,4.23530,0.00070
1774332911.800432,0.50000,-0.25000,-0.24000,23.94000,4.29810,0.00070
1774332911.815997,0.50000,-0.37000,-0.12000,23.94000,4.36090,0.00070
1774332911.815997,0.52000,-0.46000,-0.05000,23.94000,4.42380,0.00070
1774332911.815997,0.55000,-0.50000,-0.04000,23.94000,4.48660,0.00070
1774332911.815997,0.59000,-0.55000,-0.03000,23.94000,4.54940,0.00070
1774332911.815997,0.60000,-0.58000,-0.02000,23.94000,4.61230,0.00070
1774332911.815997,0.64000,-0.63000,0.00000,23.94000,4.67510,0.00070
1774332911.815997,0.63000,-0.62000,0.00000,23.93000,4.73790,0.00070
1774332911.815997,0.65000,-0.64000,0.00000,23.94000,4.80070,0.00070
1774332911.815997,0.64000,-0.63000,0.00000,23.94000,4.86360,0.00070
1774332911.815997,0.63000,-0.62000,0.00000,23.93000,4.92640,0.00070
1774332911.815997,0.60000,-0.60000,0.00000,23.94000,4.98920,0.00070
1774332911.827963,0.56000,-0.57000,0.00000,23.94000,5.05210,0.00070
1774332911.827963,0.50000,-0.52000,0.02000,23.94000,5.11490,0.00070
1774332911.827963,0.41000,-0.51000,0.09000,23.94000,5.17770,0.00070
1774332911.827963,0.28000,-0.52000,0.23000,23.96000,5.24050,0.00070
1774332911.827963,0.17000,-0.51000,0.34000,23.94000,5.30340,0.00070
1774332911.827963,0.07000,-0.52000,0.44000,23.94000,5.36620,0.00070
1774332911.827963,0.03000,-0.53000,0.49000,23.94000,5.42900,0.00070
1774332911.827963,0.01000,-0.54000,0.52000,23.94000,5.49190,0.00070
1774332911.827963,0.01000,-0.58000,0.56000,23.94000,5.55470,0.00070
1774332911.827963,0.02000,-0.61000,0.58000,23.94000,5.61750,0.00070
1774332911.827963,0.01000,-0.61000,0.59000,23.94000,5.68030,0.00070
1774332911.827963,0.02000,-0.63000,0.60000,23.96000,5.74320,0.00070
1774332911.827963,0.02000,-0.62000,0.60000,23.93000,5.80600,0.00070
1774332911.827963,0.00000,-0.61000,0.60000,23.94000,5.86880,0.00070
1774332911.827963,0.00000,-0.60000,0.59000,23.94000,5.93160,0.00070
1774332911.827963,0.00000,-0.58000,0.58000,23.94000,5.99450,0.00070
1774332911.827963,0.00000,-0.55000,0.55000,23.94000,6.05730,0.00070
1774332911.827963,-0.01000,-0.50000,0.52000,23.94000,6.12010,0.00070
1774332911.827963,-0.02000,-0.47000,0.49000,23.96000,6.18300,0.00070
1774332911.827963,-0.05000,-0.40000,0.46000,23.94000,6.24580,0.00070
1774332911.827963,-0.16000,-0.29000,0.46000,23.94000,0.02540,0.00070
1774332911.841966,-0.26000,-0.18000,0.44000,23.94000,0.08830,0.00070
1774332911.841966,-0.34000,-0.07000,0.42000,23.94000,0.15110,0.00070
1774332911.841966,-0.37000,-0.04000,0.42000,23.94000,0.21390,0.00070
1774332911.841966,-0.39000,-0.04000,0.43000,23.94000,0.27680,0.00070
1774332911.841966,-0.39000,-0.03000,0.42000,23.96000,0.33960,0.00070
1774332911.841966,-0.38000,-0.02000,0.41000,23.94000,0.40240,0.00070
1774332911.841966,-0.41000,-0.01000,0.43000,23.94000,0.46530,0.00070
1774332911.841966,-0.43000,-0.01000,0.45000,23.94000,0.52810,0.00070
1774332911.842991,-0.46000,-0.02000,0.49000,23.94000,0.59090,0.00070
1774332911.842991,-0.48000,-0.02000,0.51000,23.96000,0.65380,0.00070
1774332911.842991,-0.50000,-0.02000,0.53000,23.93000,0.71660,0.00070
1774332911.842991,-0.51000,-0.02000,0.54000,23.94000,0.77940,0.00070
1774332911.842991,-0.52000,-0.02000,0.54000,23.94000,0.84220,0.00070
1774332911.842991,-0.50000,-0.02000,0.52000,23.94000,0.90510,0.00070
1774332911.842991,-0.47000,-0.02000,0.49000,23.94000,0.96790,0.00070
1774332911.842991,-0.46000,0.00000,0.46000,23.94000,1.03070,0.00070
1774332911.862765,-0.45000,0.04000,0.41000,23.93000,1.09360,0.00070
1774332911.862765,-0.47000,0.14000,0.32000,23.94000,1.15640,0.00070
1774332911.862765,-0.49000,0.26000,0.23000,23.96000,1.21920,0.00070
1774332911.862765,-0.52000,0.39000,0.12000,23.94000,1.28210,0.00070
1774332911.862765,-0.54000,0.49000,0.05000,23.96000,1.34490,0.00070
1774332911.862765,-0.61000,0.56000,0.04000,23.93000,1.40770,0.00070
1774332911.862765,-0.63000,0.59000,0.04000,23.94000,1.47060,0.00070
1774332911.862765,-0.66000,0.62000,0.03000,23.94000,1.53340,0.00070
1774332911.862765,-0.67000,0.64000,0.03000,23.93000,1.59620,0.00070
1774332911.862765,-0.67000,0.65000,0.02000,23.94000,1.65910,0.00070
1774332911.862765,-0.65000,0.64000,0.01000,23.93000,1.72190,0.00070
1774332911.862765,-0.62000,0.62000,0.00000,23.94000,1.78470,0.00070
1774332911.862765,-0.59000,0.60000,-0.01000,23.94000,1.84760,0.00070
1774332911.862765,-0.53000,0.56000,-0.03000,23.94000,1.91040,0.00070
1774332911.862765,-0.46000,0.51000,-0.05000,23.94000,1.97320,0.00070
1774332911.862765,-0.37000,0.52000,-0.15000,23.94000,2.03610,0.00070
1774332911.889985,-0.26000,0.52000,-0.26000,23.96000,2.09890,0.00070
1774332911.889985,-0.16000,0.51000,-0.35000,23.94000,2.16170,0.00070
1774332911.889985,-0.06000,0.51000,-0.45000,23.96000,2.22460,0.00070
1774332911.889985,-0.04000,0.53000,-0.48000,23.96000,2.28740,0.00070
1774332911.889985,-0.03000,0.55000,-0.51000,23.94000,2.35020,0.00070
1774332911.889985,-0.02000,0.57000,-0.54000,23.94000,2.41310,0.00070
1774332911.889985,-0.02000,0.58000,-0.56000,23.94000,2.47590,0.00070
1774332911.889985,-0.02000,0.59000,-0.57000,23.94000,2.53870,0.00070
1774332911.889985,0.00000,0.59000,-0.58000,23.93000,2.60160,0.00070
1774332911.889985,0.00000,0.60000,-0.60000,23.94000,2.66440,0.00070
1774332911.889985,-0.01000,0.61000,-0.59000,23.94000,2.72720,0.00070
1774332911.889985,-0.01000,0.61000,-0.59000,23.94000,2.79010,0.00070
1774332911.889985,0.00000,0.59000,-0.59000,23.93000,2.85290,0.00070
1774332911.889985,0.00000,0.56000,-0.56000,23.94000,2.91570,0.00070
1774332911.889985,0.00000,0.52000,-0.52000,23.94000,2.97860,0.00070
1774332911.889985,0.02000,0.47000,-0.50000,23.94000,3.04140,0.00070
1774332911.889985,0.09000,0.39000,-0.49000,23.94000,3.10420,0.00070
1774332911.889985,0.20000,0.28000,-0.49000,23.94000,3.16710,0.00070
1774332911.889985,0.30000,0.17000,-0.47000,23.96000,3.22990,0.00070
1774332911.889985,0.38000,0.06000,-0.44000,23.94000,3.29270,0.00070
1774332911.889985,0.42000,0.03000,-0.45000,23.93000,3.35560,0.00070
1774332911.889985,0.43000,0.02000,-0.46000,23.94000,3.41840,0.00070
1774332911.889985,0.42000,0.02000,-0.45000,23.96000,3.48120,0.00070
1774332911.889985,0.41000,0.03000,-0.45000,23.94000,3.54410,0.00070
1774332911.889985,0.42000,0.03000,-0.46000,23.96000,3.60690,0.00070
1774332911.889985,0.43000,0.04000,-0.47000,23.94000,3.66970,0.00070
1774332911.889985,0.45000,0.03000,-0.49000,23.94000,3.73260,0.00070
1774332911.889985,0.46000,0.03000,-0.50000,23.94000,3.79540,0.00070
1774332911.889985,0.48000,0.02000,-0.51000,23.94000,3.85820,0.00070
1774332911.889985,0.50000,0.01000,-0.52000,23.94000,3.92110,0.00070
1774332911.889985,0.51000,0.00000,-0.51000,23.94000,3.98390,0.00070
1774332911.889985,0.49000,0.00000,-0.49000,23.96000,4.04670,0.00070
1774332911.907209,0.46000,0.00000,-0.46000,23.94000,4.10950,0.00150
1774332911.907209,0.44000,-0.01000,-0.42000,23.94000,4.17240,0.00150
1774332911.907209,0.42000,-0.05000,-0.37000,23.94000,4.23520,0.00150
1774332911.907209,0.43000,-0.14000,-0.28000,23.94000,4.29800,0.00150
1774332911.907209,0.45000,-0.25000,-0.19000,23.94000,4.36090,0.00150
1774332911.907209,0.47000,-0.37000,-0.10000,23.94000,4.42370,0.00150
1774332911.907209,0.51000,-0.44000,-0.06000,23.94000,4.48650,0.00150
1774332911.907209,0.57000,-0.51000,-0.05000,23.93000,4.54930,0.00150
1774332911.907209,0.59000,-0.55000,-0.04000,23.94000,4.61220,0.00150
1774332911.907209,0.64000,-0.61000,-0.02000,23.96000,4.67500,0.00150
1774332911.907209,0.67000,-0.65000,-0.02000,23.93000,4.73780,0.00150
1774332911.907209,0.69000,-0.67000,-0.02000,23.94000,4.80060,0.00150
1774332911.907209,0.68000,-0.67000,-0.01000,23.96000,4.86350,0.00150
1774332911.907209,0.66000,-0.65000,0.00000,23.94000,4.92630,0.00150
1774332911.907209,0.61000,-0.61000,0.00000,23.94000,4.98910,0.00150
1774332911.907209,0.53000,-0.55000,0.01000,23.94000,5.05200,0.00150
1774332911.921779,0.44000,-0.51000,0.07000,23.94000,5.11480,0.00150
1774332911.921779,0.31000,-0.52000,0.20000,23.94000,5.17760,0.00150
1774332911.921779,0.20000,-0.53000,0.33000,23.94000,5.24040,0.00150
1774332911.921779,0.11000,-0.53000,0.41000,23.94000,5.30330,0.00150
1774332911.921779,0.05000,-0.53000,0.48000,23.94000,5.36610,0.00150
1774332911.921779,0.03000,-0.54000,0.51000,23.94000,5.42890,0.00150
1774332911.921779,0.02000,-0.56000,0.53000,23.94000,5.49180,0.00150
1774332911.921779,0.02000,-0.59000,0.56000,23.94000,5.55460,0.00150
1774332911.921779,0.01000,-0.60000,0.58000,23.94000,5.61740,0.00150
1774332911.921779,0.02000,-0.62000,0.60000,23.93000,5.68020,0.00150
1774332911.921779,0.02000,-0.63000,0.61000,23.94000,5.74310,0.00150
1774332911.921779,0.02000,-0.63000,0.60000,23.94000,5.80590,0.00150
1774332911.921779,0.00000,-0.62000,0.61000,23.94000,5.86870,0.00150
1774332911.921779,0.00000,-0.61000,0.60000,23.94000,5.93160,0.00150
1774332911.921779,0.00000,-0.58000,0.59000,23.94000,5.99440,0.00150
1774332911.921779,-0.01000,-0.55000,0.56000,23.94000,6.05720,0.00150
1774332911.942779,-0.02000,-0.51000,0.53000,23.96000,6.12000,0.00150
1774332911.942779,-0.03000,-0.47000,0.50000,23.94000,6.18290,0.00150
1774332911.942779,-0.08000,-0.39000,0.48000,23.94000,6.24570,0.00150
1774332911.942779,-0.20000,-0.27000,0.48000,23.96000,0.02530,0.00150
1774332911.942779,-0.30000,-0.16000,0.46000,23.94000,0.08820,0.00150
1774332911.942779,-0.39000,-0.05000,0.45000,23.94000,0.15100,0.00150
1774332911.942779,-0.41000,-0.04000,0.46000,23.94000,0.21380,0.00150
1774332911.942779,-0.44000,-0.03000,0.47000,23.93000,0.27670,0.00150
1774332911.942779,-0.45000,-0.01000,0.47000,23.94000,0.33950,0.00150
1774332911.942779,-0.45000,-0.01000,0.46000,23.94000,0.40230,0.00150
1774332911.942779,-0.44000,0.00000,0.44000,23.94000,0.46520,0.00150
1774332911.942779,-0.40000,0.00000,0.41000,23.94000,0.52800,0.00150
1774332911.942779,-0.37000,-0.01000,0.39000,23.94000,0.59080,0.00150
1774332911.942779,-0.37000,-0.02000,0.39000,23.94000,0.65370,0.00150
1774332911.942779,-0.39000,-0.02000,0.42000,23.94000,0.71650,0.00150
1774332911.942779,-0.42000,-0.02000,0.44000,23.96000,0.77930,0.00150
1774332911.961814,-0.43000,-0.02000,0.46000,23.94000,0.84220,0.00150
1774332911.961814,-0.42000,-0.02000,0.45000,23.94000,0.90500,0.00150
1774332911.961814,-0.41000,-0.02000,0.43000,23.94000,0.96780,0.00150
1774332911.961814,-0.40000,0.00000,0.39000,23.94000,1.03060,0.00150
1774332911.961814,-0.38000,0.04000,0.34000,23.94000,1.09350,0.00150
1774332911.961814,-0.38000,0.12000,0.26000,23.93000,1.15630,0.00150
1774332911.961814,-0.39000,0.21000,0.17000,23.94000,1.21910,0.00150
1774332911.962814,-0.40000,0.31000,0.09000,23.94000,1.28200,0.00150
1774332911.962814,-0.44000,0.38000,0.06000,23.94000,1.34480,0.00150
1774332911.962814,-0.52000,0.46000,0.06000,23.93000,1.40760,0.00150
1774332911.962814,-0.57000,0.51000,0.05000,23.93000,1.47050,0.00150
1774332911.962814,-0.62000,0.57000,0.05000,23.94000,1.53330,0.00150
1774332911.962814,-0.67000,0.61000,0.05000,23.94000,1.59610,0.00150
1774332911.962814,-0.68000,0.64000,0.03000,23.93000,1.65900,0.00150
1774332911.962814,-0.68000,0.65000,0.03000,23.96000,1.72180,0.00150
1774332911.962814,-0.68000,0.66000,0.01000,23.94000,1.78460,0.00150
1774332911.986559,-0.65000,0.65000,0.00000,23.94000,1.84750,0.00150
1774332911.986559,-0.60000,0.62000,-0.02000,23.94000,1.91030,0.00150
1774332911.986559,-0.54000,0.57000,-0.03000,23.94000,1.97310,0.00150
1774332911.986559,-0.45000,0.54000,-0.08000,23.94000,2.03600,0.00150
1774332911.986559,-0.31000,0.53000,-0.21000,23.94000,2.09880,0.00150
1774332911.986559,-0.20000,0.52000,-0.32000,23.94000,2.16160,0.00150
1774332911.986559,-0.09000,0.52000,-0.43000,23.96000,2.22450,0.00150
1774332911.986559,-0.05000,0.55000,-0.49000,23.94000,2.28730,0.00150
1774332911.986559,-0.04000,0.58000,-0.53000,23.94000,2.35010,0.00150
1774332911.986559,-0.03000,0.60000,-0.57000,23.93000,2.41300,0.00150
1774332911.986559,-0.01000,0.62000,-0.61000,23.94000,2.47580,0.00150
1774332911.986559,-0.01000,0.64000,-0.63000,23.96000,2.53860,0.00150
1774332911.986559,0.00000,0.64000,-0.64000,23.94000,2.60150,0.00150
1774332911.986559,0.01000,0.64000,-0.65000,23.94000,2.66430,0.00150
1774332911.986559,0.00000,0.63000,-0.64000,23.94000,2.72710,0.00150
1774332911.986559,0.00000,0.63000,-0.64000,23.93000,2.79000,0.00150
1774332911.986559,0.01000,0.61000,-0.62000,23.96000,2.85280,0.00150
1774332911.986559,0.02000,0.56000,-0.58000,23.94000,2.91560,0.00150
1774332911.986559,0.03000,0.52000,-0.55000,23.96000,2.97850,0.00150
1774332911.986559,0.07000,0.46000,-0.54000,23.94000,3.04130,0.00150
1774332911.986559,0.17000,0.37000,-0.54000,23.94000,3.10410,0.00150
1774332911.986559,0.27000,0.25000,-0.53000,23.94000,3.16700,0.00150
1774332911.986559,0.34000,0.14000,-0.49000,23.94000,3.22980,0.00150
1774332911.986559,0.42000,0.05000,-0.47000,23.94000,3.29260,0.00150
1774332911.986559,0.44000,0.02000,-0.47000,23.94000,3.35550,0.00150
1774332911.986559,0.46000,0.02000,-0.49000,23.94000,3.41830,0.00150
1774332911.986559,0.47000,0.01000,-0.49000,23.94000,3.48110,0.00150
1774332911.986559,0.48000,0.01000,-0.50000,23.96000,3.54400,0.00150
1774332911.986559,0.48000,0.02000,-0.50000,23.94000,3.60680,0.00150
1774332911.986559,0.46000,0.02000,-0.49000,23.96000,3.66960,0.00150
1774332911.986559,0.44000,0.02000,-0.46000,23.94000,3.73250,0.00150
1774332911.986559,0.41000,0.02000,-0.43000,23.94000,3.79530,0.00150
1774332912.010633,0.39000,0.01000,-0.41000,23.94000,3.85810,0.00150
1774332912.010633,0.39000,0.01000,-0.40000,23.94000,3.92100,0.00150
1774332912.010633,0.39000,0.00000,-0.39000,23.96000,3.98380,0.00150
1774332912.010633,0.39000,0.00000,-0.39000,23.94000,4.04660,0.00150
1774332912.010633,0.37000,0.00000,-0.37000,23.94000,4.10940,0.00150
1774332912.010633,0.36000,-0.01000,-0.35000,23.93000,4.17230,0.00150
1774332912.010633,0.35000,-0.06000,-0.29000,23.96000,4.23510,0.00150
1774332912.010633,0.36000,-0.17000,-0.19000,23.94000,4.29790,0.00150
1774332912.010633,0.35000,-0.25000,-0.10000,23.96000,4.36080,0.00150
1774332912.010633,0.36000,-0.30000,-0.06000,23.94000,4.42360,0.00150
1774332912.010633,0.38000,-0.32000,-0.06000,23.93000,4.48640,0.00150
1774332912.010633,0.42000,-0.36000,-0.05000,23.94000,4.54920,0.00150
1774332912.010633,0.46000,-0.41000,-0.05000,23.94000,4.61210,0.00150
1774332912.010633,0.54000,-0.50000,-0.04000,23.94000,4.67490,0.00150
1774332912.010633,0.60000,-0.56000,-0.03000,23.94000,4.73770,0.00150
1774332912.010633,0.64000,-0.61000,-0.03000,23.94000,4.80060,0.00150
1774332912.017886,0.65000,-0.63000,-0.02000,23.94000,4.86340,0.00150
1774332912.017886,0.67000,-0.64000,-0.02000,23.94000,4.92620,0.00150
1774332912.017886,0.66000,-0.64000,-0.02000,23.96000,4.98900,0.00150
1774332912.017886,0.63000,-0.62000,0.00000,23.94000,5.05190,0.00150
1774332912.017886,0.56000,-0.57000,0.00000,23.96000,5.11470,0.00150
1774332912.017886,0.48000,-0.54000,0.06000,23.96000,5.17750,0.00150
1774332912.017886,0.33000,-0.53000,0.20000,23.94000,5.24040,0.00150
1774332912.017886,0.21000,-0.52000,0.31000,23.94000,5.30320,0.00150
1774332912.017886,0.10000,-0.53000,0.42000,23.96000,5.36600,0.00150
1774332912.017886,0.05000,-0.54000,0.49000,23.94000,5.42880,0.00150
1774332912.017886,0.03000,-0.56000,0.53000,23.94000,5.49170,0.00150
1774332912.017886,0.02000,-0.60000,0.57000,23.94000,5.55450,0.00150
1774332912.017886,0.02000,-0.63000,0.60000,23.93000,5.61730,0.00150
1774332912.017886,0.02000,-0.64000,0.62000,23.94000,5.68010,0.00150
1774332912.017886,0.01000,-0.65000,0.63000,23.94000,5.74300,0.00150
1774332912.017886,0.03000,-0.67000,0.64000,23.94000,5.80580,0.00150
